distancia_km,tiempo_min,velocidad_kmh,carga_kg,peso_vehiculo_kg,capacidad_kg,cilindraje_l,rendimiento_km_l,factor_trafico,factor_clima,hora_sin,hora_cos,tipo_via_codigo,detenciones_estimadas,pendiente_pct,consumo_base_l,consumo_real_l,fuente
1.45206,3.48287,25.01484,1049.59,6500.0,2500.0,2.201,9.5077,1.1223,1.0124,0.70711,-0.70711,0,1,3.4737,0.152725,0.230278,SIMULADO_CONTROLADO
0.98294,4.09106,14.41592,2175.893,9000.0,7000.0,4.212,6.5463,1.3545,0.9871,0.5,-0.86603,3,3,4.4619,0.150152,0.244482,SIMULADO_CONTROLADO
0.86841,1.1341,45.94345,609.537,6500.0,1200.0,1.814,9.1149,1.0878,1.1034,-0.86603,0.5,2,0,2.7241,0.095274,0.127884,SIMULADO_CONTROLADO
0.6848,1.15722,35.50576,3869.186,4200.0,7000.0,1.498,10.8028,1.191,0.9965,-0.96593,-0.25882,1,1,0.611,0.063391,0.092489,SIMULADO_CONTROLADO
3.35684,4.65943,43.2264,826.992,9000.0,1800.0,3.786,7.089,1.0,0.9847,-0.86603,-0.5,1,4,4.9372,0.473525,0.553163,SIMULADO_CONTROLADO
2.03918,7.86899,15.5485,1806.572,9000.0,4000.0,5.465,4.3871,1.1759,1.0359,0.86603,-0.5,3,6,4.7472,0.464811,0.770679,SIMULADO_CONTROLADO
2.57709,4.81961,32.08247,442.29,2800.0,500.0,4.016,13.0833,1.033,1.0017,-0.86603,-0.5,0,4,2.8896,0.196974,0.255603,SIMULADO_CONTROLADO
0.48754,0.56558,51.72106,110.908,900.0,800.0,2.756,13.6046,1.1302,1.0823,-0.96593,0.25882,2,0,3.6675,0.035836,0.048751,SIMULADO_CONTROLADO
2.04593,3.62125,33.89876,209.389,4200.0,7000.0,1.289,11.5794,1.0,1.0231,-0.70711,0.70711,0,1,3.552,0.176687,0.19891,SIMULADO_CONTROLADO
0.15713,0.36694,25.69376,5089.6,2800.0,7000.0,6.185,12.5642,1.2248,1.0881,-0.70711,-0.70711,0,0,1.5164,0.012507,0.02097,SIMULADO_CONTROLADO
4.46699,4.6573,57.54833,1520.074,2200.0,1800.0,2.323,14.3417,1.0,1.0552,-0.86603,0.5,2,10,1.9538,0.31147,0.434638,SIMULADO_CONTROLADO
2.97919,5.98635,29.85986,145.951,1400.0,500.0,4.245,13.7274,1.1837,1.0175,-0.96593,0.25882,3,2,0.5897,0.217026,0.323742,SIMULADO_CONTROLADO
1.82072,2.03077,53.79391,233.257,6500.0,500.0,1.282,9.8871,1.0,1.0851,-0.96593,-0.25882,2,3,1.946,0.184151,0.23714,SIMULADO_CONTROLADO
0.12297,0.36473,20.22993,500.436,9000.0,1200.0,1.715,7.3368,1.0241,1.0057,0.0,-1.0,3,0,4.6648,0.016761,0.022351,SIMULADO_CONTROLADO
0.82924,1.43123,34.76334,2450.16,4200.0,7000.0,2.102,10.9043,1.3448,1.0206,0.5,-0.86603,2,0,4.2662,0.076047,0.112027,SIMULADO_CONTROLADO
0.52927,1.178,26.95784,273.788,1400.0,1200.0,1.795,12.9721,1.2541,1.0588,-0.70711,-0.70711,3,0,3.6728,0.040801,0.063062,SIMULADO_CONTROLADO
1.7426,2.17817,48.00165,2628.03,900.0,7000.0,4.013,14.9772,1.3439,1.0452,-0.70711,0.70711,2,3,4.5143,0.11635,0.198125,SIMULADO_CONTROLADO
2.64455,9.02327,17.58489,692.577,4200.0,1800.0,3.304,13.1491,1.4096,1.0047,0.0,-1.0,0,1,1.7328,0.20112,0.329286,SIMULADO_CONTROLADO
2.53937,7.18218,21.21394,388.196,1400.0,500.0,5.447,13.874,1.0363,0.98,-0.86603,-0.5,3,8,0.036,0.183031,0.245722,SIMULADO_CONTROLADO
5.57522,11.65245,28.70756,862.487,900.0,1800.0,1.816,15.5879,1.3998,1.0342,-0.25882,-0.96593,1,5,2.1706,0.357664,0.598389,SIMULADO_CONTROLADO
1.9161,1.91939,59.89703,563.765,1400.0,1200.0,3.485,12.5817,1.0,1.0023,-0.70711,-0.70711,2,3,2.3369,0.152293,0.167653,SIMULADO_CONTROLADO
4.66825,10.11931,27.67929,459.055,1400.0,800.0,3.47,15.0912,1.2794,1.0363,-0.86603,-0.5,1,4,3.919,0.309336,0.497777,SIMULADO_CONTROLADO
1.55408,4.68945,19.88391,577.172,2200.0,2500.0,2.423,14.2872,1.0811,1.0161,0.25882,0.96593,0,2,3.574,0.108774,0.130356,SIMULADO_CONTROLADO
2.89489,5.20128,33.39433,357.755,2200.0,800.0,1.709,14.9433,1.0112,1.0027,0.5,0.86603,3,2,4.6222,0.193725,0.243276,SIMULADO_CONTROLADO
1.68136,4.77721,21.11733,2641.758,1400.0,7000.0,1.257,16.2752,1.2583,1.0229,0.0,1.0,3,2,0.0,0.103308,0.14888,SIMULADO_CONTROLADO
2.48056,3.40081,43.76421,2483.681,6500.0,4000.0,1.3,11.8183,1.3112,1.0317,-1.0,-0.0,2,3,0.8241,0.209891,0.367845,SIMULADO_CONTROLADO
1.93476,3.7055,31.32794,2271.727,6500.0,4000.0,3.313,7.6716,1.3064,1.0663,-0.70711,0.70711,1,3,2.3081,0.252197,0.438142,SIMULADO_CONTROLADO
1.12272,2.95522,22.79454,93.791,1400.0,500.0,1.488,13.3838,1.1944,1.054,0.86603,-0.5,3,2,3.5066,0.083886,0.126824,SIMULADO_CONTROLADO
2.54512,3.76968,40.50942,4918.393,2200.0,7000.0,3.291,13.4968,1.1811,1.1292,0.25882,0.96593,2,1,6.8982,0.188573,0.282061,SIMULADO_CONTROLADO
3.03449,5.99105,30.39027,461.184,6500.0,1800.0,3.518,7.8098,1.2443,1.0414,0.0,1.0,1,1,0.4477,0.388552,0.567491,SIMULADO_CONTROLADO
3.42765,5.84732,35.17152,1809.626,9000.0,4000.0,3.561,5.0829,1.2086,1.0047,0.5,-0.86603,1,2,1.0093,0.674349,0.963863,SIMULADO_CONTROLADO
2.31315,9.264,14.98157,580.944,6500.0,800.0,2.216,10.967,1.2466,1.0275,-0.70711,-0.70711,0,1,1.611,0.210919,0.365025,SIMULADO_CONTROLADO
0.12298,0.30818,23.94421,3608.339,2800.0,4000.0,3.843,11.2597,1.1926,1.0606,0.96593,-0.25882,0,0,0.9343,0.010922,0.019075,SIMULADO_CONTROLADO
2.63913,3.86031,41.01946,716.416,9000.0,1200.0,3.279,6.511,1.2948,1.0802,-0.5,-0.86603,2,1,0.6347,0.405331,0.673367,SIMULADO_CONTROLADO
0.64292,1.62154,23.78924,2063.377,6500.0,2500.0,6.444,5.6423,1.0,1.0954,0.70711,0.70711,3,1,2.5964,0.113947,0.163463,SIMULADO_CONTROLADO
2.23471,5.55561,24.13465,604.619,4200.0,800.0,1.44,12.2274,1.139,0.9892,-0.96593,-0.25882,0,1,4.5657,0.182762,0.274342,SIMULADO_CONTROLADO
2.47136,7.05551,21.01643,4437.708,900.0,7000.0,1.486,16.8509,1.0,1.0926,0.96593,-0.25882,3,4,2.7506,0.146661,0.21817,SIMULADO_CONTROLADO
0.32237,1.43582,13.4713,1404.206,4200.0,2500.0,5.57,11.7492,1.2043,1.0329,-0.25882,0.96593,3,1,0.6946,0.027438,0.042736,SIMULADO_CONTROLADO
2.01286,4.01232,30.10014,1359.379,2200.0,1800.0,2.61,14.8795,1.4227,0.9933,-1.0,-0.0,1,3,2.0879,0.135277,0.238158,SIMULADO_CONTROLADO
0.47702,0.57785,49.53066,1759.199,4200.0,1800.0,2.174,11.7276,1.0841,1.0258,0.25882,-0.96593,2,0,0.319,0.040675,0.051413,SIMULADO_CONTROLADO
0.10689,0.32205,19.91484,222.41,4200.0,500.0,5.835,11.5082,1.1804,1.0895,-0.5,0.86603,0,0,4.5644,0.009288,0.015295,SIMULADO_CONTROLADO
0.46463,1.41041,19.76556,340.758,900.0,1200.0,4.023,14.8055,1.281,1.0556,-0.25882,0.96593,3,1,5.5894,0.031382,0.051236,SIMULADO_CONTROLADO
1.82101,2.0301,53.8202,1181.304,2800.0,4000.0,4.464,11.6646,1.0,0.9805,0.86603,0.5,2,1,0.0,0.156114,0.163581,SIMULADO_CONTROLADO
1.7358,2.80174,37.1726,2184.329,2800.0,4000.0,1.242,14.0991,1.0765,0.9808,-0.25882,-0.96593,1,2,2.981,0.123115,0.147985,SIMULADO_CONTROLADO
1.31336,4.92618,15.99644,4825.591,900.0,7000.0,2.582,16.0009,1.2183,0.98,-0.70711,-0.70711,0,2,0.8658,0.08208,0.123934,SIMULADO_CONTROLADO
2.95118,6.38529,27.73107,83.465,6500.0,500.0,2.574,7.7485,1.0,1.0021,0.86603,-0.5,3,7,2.632,0.38087,0.513627,SIMULADO_CONTROLADO
1.65561,2.69113,36.91253,541.769,9000.0,800.0,5.233,4.3728,1.0037,1.0385,-0.25882,0.96593,1,3,2.3203,0.378617,0.493137,SIMULADO_CONTROLADO
2.6642,8.42937,18.96373,1569.838,900.0,4000.0,3.243,14.4681,1.3361,0.9843,-0.86603,-0.5,3,3,0.0,0.184143,0.289277,SIMULADO_CONTROLADO
3.40539,5.31836,38.41846,987.589,900.0,1200.0,4.26,12.7167,1.3205,1.0157,-1.0,-0.0,2,3,5.0385,0.267788,0.464807,SIMULADO_CONTROLADO
8.44506,26.75488,18.93873,552.034,900.0,800.0,6.139,11.8542,1.2199,1.0981,0.86603,0.5,3,9,2.1814,0.712412,1.264836,SIMULADO_CONTROLADO
1.84514,4.64713,23.82292,317.675,2800.0,800.0,6.419,10.8068,1.3012,1.1078,-0.70711,0.70711,3,1,1.513,0.170738,0.30078,SIMULADO_CONTROLADO
4.47167,9.8483,27.24334,2225.271,4200.0,7000.0,1.875,13.1467,1.1944,1.1048,-0.25882,0.96593,0,1,2.7442,0.340136,0.527734,SIMULADO_CONTROLADO
2.36742,3.72326,38.15075,3040.198,1400.0,7000.0,4.146,14.902,1.2489,0.98,-0.70711,0.70711,1,5,0.6717,0.158866,0.219806,SIMULADO_CONTROLADO
2.46938,3.78192,39.17659,233.47,6500.0,500.0,4.905,8.6778,1.1095,1.1103,0.5,-0.86603,1,3,2.1143,0.284561,0.39749,SIMULADO_CONTROLADO
1.86479,3.00594,37.22219,3108.213,2200.0,4000.0,5.345,12.6111,1.1785,1.0391,-0.5,0.86603,1,4,0.0,0.147869,0.217118,SIMULADO_CONTROLADO
2.21672,6.27112,21.20885,856.356,2200.0,1800.0,6.077,14.5705,1.0588,1.0385,0.0,1.0,0,4,0.0,0.152137,0.201128,SIMULADO_CONTROLADO
1.66797,2.55908,39.10703,888.4,4200.0,4000.0,5.06,9.8757,1.3622,1.0813,0.86603,0.5,2,3,0.4628,0.168896,0.271228,SIMULADO_CONTROLADO
3.95556,11.59067,20.47627,1576.275,9000.0,2500.0,4.857,6.1038,1.4034,1.0667,-0.70711,-0.70711,0,8,1.382,0.64805,1.319666,SIMULADO_CONTROLADO
1.07293,1.4393,44.72704,1579.846,1400.0,2500.0,1.487,14.2242,1.3808,0.98,-1.0,-0.0,2,0,0.0,0.07543,0.124767,SIMULADO_CONTROLADO
0.45963,0.57195,48.21704,1966.795,2200.0,2500.0,4.088,11.4157,1.0947,1.0074,0.5,0.86603,2,0,1.4553,0.040263,0.052497,SIMULADO_CONTROLADO
1.27717,2.96145,25.87589,1962.85,2200.0,4000.0,4.373,14.2538,1.0074,1.0185,0.96593,-0.25882,3,3,1.3792,0.089602,0.119868,SIMULADO_CONTROLADO
1.16387,1.69428,41.21628,2844.902,2800.0,4000.0,4.891,11.6326,1.3643,0.98,0.5,0.86603,2,1,2.3707,0.100052,0.156948,SIMULADO_CONTROLADO
1.27659,1.99931,38.31086,911.636,2800.0,1800.0,4.292,13.1025,1.247,1.0799,0.5,0.86603,1,2,3.7897,0.097431,0.150893,SIMULADO_CONTROLADO
1.78885,5.34455,20.08233,158.872,9000.0,500.0,3.37,6.1881,1.2126,1.0998,0.0,1.0,3,6,6.0954,0.289079,0.52199,SIMULADO_CONTROLADO
1.28062,1.78751,42.98548,89.696,1400.0,500.0,3.784,15.3934,1.0586,1.0345,-0.25882,0.96593,1,2,3.3993,0.083193,0.104024,SIMULADO_CONTROLADO
1.769,3.87662,27.37954,452.857,2200.0,1200.0,6.327,10.7563,1.2281,1.0484,-0.70711,0.70711,1,1,0.4334,0.164462,0.241869,SIMULADO_CONTROLADO
1.284,4.15445,18.54392,244.624,1400.0,1800.0,2.944,15.6718,1.0,1.0345,-0.5,-0.86603,3,1,3.8996,0.08193,0.099815,SIMULADO_CONTROLADO
2.70518,6.71772,24.16164,3624.177,4200.0,7000.0,5.358,11.4621,1.2614,1.0395,0.0,1.0,1,2,5.4413,0.236011,0.369291,SIMULADO_CONTROLADO
8.39519,20.25111,24.87328,237.978,6500.0,500.0,4.419,6.3577,1.3806,1.0853,-0.96593,-0.25882,0,16,0.1474,1.320478,2.659092,SIMULADO_CONTROLADO
2.33234,4.33898,32.252,2483.761,9000.0,7000.0,3.552,5.7812,1.421,0.98,0.0,-1.0,1,1,0.2643,0.403434,0.63923,SIMULADO_CONTROLADO
1.32887,3.43372,23.22035,427.741,2800.0,500.0,3.396,13.8968,1.2734,1.0569,-1.0,-0.0,3,3,0.0,0.095624,0.171663,SIMULADO_CONTROLADO
0.12761,0.28056,27.29055,370.518,1400.0,1800.0,4.047,15.7435,1.0,1.0355,0.25882,-0.96593,0,0,1.3146,0.008105,0.009285,SIMULADO_CONTROLADO
6.63361,12.06355,32.99334,509.329,9000.0,1200.0,5.439,6.4111,1.1916,1.0029,0.0,1.0,1,14,3.2838,1.034709,1.430103,SIMULADO_CONTROLADO
2.4301,7.48315,19.48454,1077.436,900.0,1800.0,1.847,14.7928,1.5023,1.0123,-0.70711,0.70711,0,4,5.6147,0.164276,0.307084,SIMULADO_CONTROLADO
1.7566,1.76714,59.64238,88.79,900.0,500.0,6.026,12.2261,1.021,1.1175,-0.70711,0.70711,2,2,4.3725,0.143677,0.175394,SIMULADO_CONTROLADO
0.14028,0.19448,43.2802,3495.366,9000.0,4000.0,5.303,6.2936,1.1505,0.98,-0.70711,0.70711,1,0,3.3096,0.02229,0.034889,SIMULADO_CONTROLADO
1.82975,3.27965,33.47468,454.115,9000.0,500.0,3.05,6.1163,1.3862,1.0274,-0.70711,-0.70711,1,3,2.5961,0.299158,0.553343,SIMULADO_CONTROLADO
2.2026,5.25317,25.15741,2553.832,2800.0,4000.0,1.254,13.1754,1.2587,1.1083,-0.5,0.86603,0,1,3.3222,0.167175,0.286094,SIMULADO_CONTROLADO
1.28798,1.90015,40.66984,315.905,2200.0,1800.0,1.758,13.74,1.5568,0.98,0.25882,0.96593,2,1,3.4459,0.093739,0.146774,SIMULADO_CONTROLADO
0.56056,0.65027,51.72224,5291.336,9000.0,7000.0,1.965,8.1737,1.0427,1.0145,0.70711,-0.70711,2,1,5.2367,0.068581,0.10083,SIMULADO_CONTROLADO
0.52213,1.33905,23.39532,2999.375,9000.0,7000.0,1.749,9.3807,1.0016,1.0369,0.96593,-0.25882,3,1,2.4561,0.05566,0.074892,SIMULADO_CONTROLADO
6.70289,13.2031,30.46056,2249.217,9000.0,4000.0,1.745,8.4471,1.3559,1.0536,0.25882,-0.96593,1,15,3.0497,0.793512,1.599925,SIMULADO_CONTROLADO
2.15505,4.95696,26.08514,1757.928,6500.0,1800.0,6.289,7.6815,1.0,1.0314,0.0,1.0,0,2,1.6422,0.28055,0.370375,SIMULADO_CONTROLADO
1.287,3.59952,21.45293,581.738,4200.0,1200.0,4.69,9.6105,1.1285,0.9947,-0.96593,0.25882,3,3,2.7381,0.133916,0.205932,SIMULADO_CONTROLADO
2.0587,2.84761,43.3774,2025.459,2200.0,2500.0,5.549,13.1039,1.1495,1.0551,0.96593,-0.25882,2,4,1.9618,0.157105,0.239095,SIMULADO_CONTROLADO
1.95261,2.57003,45.58572,606.13,2800.0,2500.0,4.183,14.3162,1.3258,1.0305,0.5,0.86603,2,3,0.0019,0.136392,0.192732,SIMULADO_CONTROLADO
0.4946,1.14064,26.01677,2631.793,2800.0,4000.0,4.483,13.3868,1.2583,1.0632,0.86603,0.5,0,1,4.3339,0.036947,0.063458,SIMULADO_CONTROLADO
3.77788,5.69847,39.77791,196.236,2800.0,1800.0,5.869,11.8081,1.2331,1.0766,0.5,0.86603,1,7,5.6253,0.31994,0.506656,SIMULADO_CONTROLADO
1.72048,6.33259,16.30119,774.388,9000.0,1800.0,2.588,6.2484,1.0956,0.98,-0.86603,-0.5,3,1,2.4214,0.275348,0.371252,SIMULADO_CONTROLADO
2.17751,5.01247,26.06514,339.121,1400.0,500.0,4.881,13.8178,1.3544,1.0815,-0.5,0.86603,3,3,3.1973,0.157588,0.296252,SIMULADO_CONTROLADO
5.27286,18.56267,17.04343,599.879,900.0,800.0,5.966,14.8006,1.8,1.0235,0.5,0.86603,1,9,4.3095,0.356259,0.822622,SIMULADO_CONTROLADO
0.57838,2.3318,14.88243,1040.274,2800.0,4000.0,6.162,11.7057,1.2706,1.0721,0.0,1.0,3,2,2.199,0.04941,0.080232,SIMULADO_CONTROLADO
1.02395,3.27206,18.77617,3691.257,1400.0,7000.0,3.553,13.8768,1.1759,1.0572,-0.70711,0.70711,3,3,2.8981,0.073788,0.110021,SIMULADO_CONTROLADO
2.52662,3.20971,47.23088,1824.661,6500.0,2500.0,5.741,7.092,1.0,1.1184,0.70711,-0.70711,1,2,2.0443,0.356261,0.468048,SIMULADO_CONTROLADO
3.72659,9.11454,24.53172,838.283,6500.0,1200.0,3.87,11.8656,1.058,1.0353,0.5,0.86603,3,9,1.346,0.314066,0.435102,SIMULADO_CONTROLADO
1.18621,1.95898,36.33128,336.121,9000.0,500.0,2.567,5.7758,1.1258,1.0169,0.86603,0.5,1,2,3.5953,0.205374,0.292185,SIMULADO_CONTROLADO
1.24546,3.01926,24.75039,389.589,2200.0,500.0,2.53,12.4814,1.0745,1.0119,-0.86603,-0.5,0,1,3.5763,0.099785,0.130904,SIMULADO_CONTROLADO
3.14084,4.48527,42.01543,1974.166,9000.0,2500.0,3.594,6.5795,1.1574,0.9883,0.5,0.86603,2,4,4.4373,0.477371,0.686965,SIMULADO_CONTROLADO
7.97134,11.22555,42.60643,1114.706,900.0,2500.0,2.567,14.7026,1.4445,1.0714,0.70711,-0.70711,2,18,2.4929,0.542171,1.051183,SIMULADO_CONTROLADO
2.11109,5.01432,25.26074,313.52,9000.0,800.0,1.359,8.6165,1.3595,0.9854,-0.25882,0.96593,0,3,0.0,0.245007,0.383289,SIMULADO_CONTROLADO
1.02102,2.2322,27.44426,308.523,1400.0,800.0,1.759,16.0768,1.1346,1.071,0.5,-0.86603,3,1,4.8261,0.063509,0.092093,SIMULADO_CONTROLADO
0.76862,1.45999,31.58727,177.522,900.0,500.0,5.701,12.0775,1.0,1.0249,0.70711,0.70711,0,1,0.9575,0.063641,0.076216,SIMULADO_CONTROLADO
1.7847,13.38525,8.0,1171.505,6500.0,2500.0,5.877,6.9485,1.374,0.98,-1.0,-0.0,3,2,0.9212,0.256845,0.457581,SIMULADO_CONTROLADO
3.60885,10.28166,21.05991,914.819,2800.0,2500.0,5.827,10.5273,1.1522,1.102,0.5,-0.86603,0,6,1.3829,0.342809,0.541998,SIMULADO_CONTROLADO
10.27354,22.94953,26.85949,865.976,2200.0,1200.0,4.135,13.8808,1.0,0.98,0.70711,-0.70711,3,28,0.0,0.740125,1.067576,SIMULADO_CONTROLADO
1.55587,5.14491,18.14454,3461.448,1400.0,4000.0,6.157,13.3435,1.274,1.0313,1.0,0.0,3,4,2.043,0.116601,0.188875,SIMULADO_CONTROLADO
2.11366,7.61896,16.64524,2316.215,2200.0,4000.0,3.845,12.6239,1.3241,1.0455,-1.0,-0.0,3,7,3.8006,0.167433,0.307314,SIMULADO_CONTROLADO
5.97833,7.09074,50.58709,1196.475,4200.0,1800.0,3.651,11.4165,1.0,0.98,0.25882,-0.96593,2,11,1.5894,0.523656,0.628873,SIMULADO_CONTROLADO
2.49614,3.35477,44.64356,68.069,1400.0,800.0,3.714,12.5771,1.0281,1.0549,0.25882,-0.96593,1,3,5.3102,0.198468,0.237816,SIMULADO_CONTROLADO
2.34444,2.8149,49.97209,350.399,9000.0,500.0,2.547,5.9629,1.1423,1.0049,-1.0,-0.0,2,3,5.18,0.393172,0.580779,SIMULADO_CONTROLADO
5.22852,8.99378,34.88092,1088.103,6500.0,4000.0,4.452,6.9368,1.2775,1.0238,0.86603,-0.5,1,7,4.3675,0.75374,1.204815,SIMULADO_CONTROLADO
2.15153,6.24601,20.66787,1142.501,9000.0,2500.0,3.579,6.5638,1.0775,1.0954,-0.70711,-0.70711,3,4,0.0,0.327785,0.479022,SIMULADO_CONTROLADO
0.8306,0.91835,54.26663,808.865,900.0,1200.0,6.366,13.4055,1.0269,1.0414,0.86603,0.5,2,0,5.5108,0.06196,0.076952,SIMULADO_CONTROLADO
4.52885,9.86128,27.55535,337.679,9000.0,500.0,2.112,5.8686,1.2763,1.0192,-0.25882,-0.96593,1,8,2.0019,0.771711,1.282465,SIMULADO_CONTROLADO
0.40856,0.48862,50.16874,2343.615,9000.0,4000.0,1.607,7.7825,1.0851,1.0273,0.5,-0.86603,2,0,6.0247,0.052497,0.068,SIMULADO_CONTROLADO
4.02179,7.0965,34.00373,5024.877,2200.0,7000.0,3.061,14.6911,1.2467,1.1149,0.0,-1.0,2,3,1.2315,0.273758,0.444621,SIMULADO_CONTROLADO
1.98778,5.02651,23.72754,427.022,2800.0,1800.0,2.342,11.9093,1.0,1.0532,0.86603,-0.5,0,2,2.2064,0.166909,0.212069,SIMULADO_CONTROLADO
1.5693,3.27955,28.71075,590.027,2800.0,800.0,6.457,10.9027,1.0,0.9952,0.70711,0.70711,0,3,2.6882,0.143937,0.178966,SIMULADO_CONTROLADO
1.53667,2.80052,32.92255,1874.384,6500.0,2500.0,4.16,9.2441,1.2808,1.013,-0.5,0.86603,0,1,0.5421,0.166232,0.262207,SIMULADO_CONTROLADO
1.77927,6.00136,17.78863,2899.634,1400.0,7000.0,3.107,14.1944,1.2004,0.9814,0.70711,-0.70711,0,3,0.0,0.12535,0.182813,SIMULADO_CONTROLADO
1.3892,3.07053,27.14577,1107.625,9000.0,2500.0,4.607,4.2806,1.3076,1.0147,-0.96593,-0.25882,1,1,0.0,0.324532,0.551091,SIMULADO_CONTROLADO
2.76674,3.18993,52.04012,308.247,2800.0,500.0,3.601,12.0504,1.0748,1.1074,-0.70711,0.70711,2,2,8.7009,0.229597,0.32573,SIMULADO_CONTROLADO
1.43013,1.42227,60.33185,407.738,900.0,800.0,2.307,14.4932,1.0328,1.0275,0.5,-0.86603,2,0,0.0,0.098676,0.110594,SIMULADO_CONTROLADO
1.99913,3.83293,31.29395,130.582,2200.0,500.0,3.291,13.1146,1.3777,0.98,-0.96593,0.25882,1,1,0.0,0.152436,0.237027,SIMULADO_CONTROLADO
0.23581,0.5088,27.80857,875.876,900.0,1200.0,2.718,14.7236,1.0,1.0544,0.5,-0.86603,3,0,3.7012,0.016016,0.020712,SIMULADO_CONTROLADO
1.98899,3.05343,39.08381,513.769,6500.0,1800.0,4.579,10.3185,1.3602,1.0173,0.25882,0.96593,2,2,0.0,0.192759,0.275997,SIMULADO_CONTROLADO
1.3661,4.13243,19.83487,821.272,2200.0,1800.0,5.528,12.0623,1.3713,1.0603,-0.70711,0.70711,0,2,0.0,0.113254,0.185653,SIMULADO_CONTROLADO
3.82069,11.69906,19.59486,637.362,2800.0,4000.0,2.592,10.9721,1.2976,1.0241,-0.86603,0.5,3,3,0.0,0.34822,0.535336,SIMULADO_CONTROLADO
1.62253,1.95681,49.75025,310.72,2200.0,500.0,4.493,12.8875,1.05,1.1,-0.25882,-0.96593,2,1,3.1147,0.125899,0.161289,SIMULADO_CONTROLADO
3.44406,3.66854,56.32853,3393.913,4200.0,7000.0,4.955,12.6676,1.0294,0.994,-0.96593,0.25882,2,1,0.2529,0.27188,0.323392,SIMULADO_CONTROLADO
3.17395,4.49107,42.40342,496.648,9000.0,800.0,3.161,6.377,1.1264,0.9826,-0.86603,-0.5,2,6,3.8511,0.497719,0.632997,SIMULADO_CONTROLADO
3.23597,3.31554,58.55995,1475.946,9000.0,1800.0,3.784,5.7715,1.0,1.0772,-0.96593,0.25882,2,3,2.3408,0.560678,0.806628,SIMULADO_CONTROLADO
1.66929,3.34142,29.9745,680.043,9000.0,800.0,3.102,6.2381,1.0061,0.98,0.25882,0.96593,0,2,2.6796,0.267597,0.365206,SIMULADO_CONTROLADO
2.09026,2.93832,42.6828,784.942,2200.0,1200.0,3.176,14.0716,1.2632,1.0273,-0.96593,0.25882,2,3,1.5478,0.148545,0.226177,SIMULADO_CONTROLADO
2.71354,12.32663,13.20817,354.958,4200.0,4000.0,3.565,10.8245,1.2639,1.071,0.96593,0.25882,3,4,1.9208,0.250684,0.401917,SIMULADO_CONTROLADO
2.13939,3.37081,38.08085,373.34,4200.0,500.0,2.766,9.7367,1.0,0.98,-0.25882,0.96593,1,1,0.6209,0.219725,0.255153,SIMULADO_CONTROLADO
1.62539,2.02483,48.16386,1447.086,2200.0,1800.0,3.788,12.2892,1.2682,1.0379,-0.25882,0.96593,2,2,0.8198,0.132262,0.203501,SIMULADO_CONTROLADO
0.904,2.30782,23.50265,748.72,6500.0,2500.0,5.187,8.0883,1.2327,0.98,0.25882,0.96593,0,1,0.2005,0.111767,0.153612,SIMULADO_CONTROLADO
2.01707,3.89398,31.07974,626.902,9000.0,1800.0,3.29,7.1623,1.4016,0.98,-0.70711,-0.70711,1,4,5.6794,0.281621,0.46687,SIMULADO_CONTROLADO
0.46155,0.92146,30.05335,891.696,9000.0,1200.0,6.211,4.5059,1.2511,0.987,0.70711,-0.70711,1,0,1.6681,0.102432,0.159524,SIMULADO_CONTROLADO
0.21281,0.68318,18.68964,430.617,9000.0,1200.0,2.355,6.5846,1.3294,1.0267,1.0,0.0,3,0,0.0,0.032319,0.051513,SIMULADO_CONTROLADO
0.71962,2.29952,18.77671,4357.638,1400.0,7000.0,3.582,14.0418,1.2363,1.0032,-0.25882,0.96593,0,0,3.0434,0.051249,0.079313,SIMULADO_CONTROLADO
3.20953,5.96284,32.29531,670.858,1400.0,800.0,4.389,12.6921,1.3168,1.0848,0.70711,-0.70711,1,2,0.8121,0.252877,0.431254,SIMULADO_CONTROLADO
2.38012,3.28424,43.48256,1156.915,4200.0,1800.0,4.079,10.8542,1.0,1.0387,-0.25882,-0.96593,1,5,2.4066,0.219281,0.277592,SIMULADO_CONTROLADO
3.23238,8.35879,23.20227,829.315,6500.0,1200.0,6.219,8.2622,1.1405,1.013,0.96593,-0.25882,3,2,1.9339,0.391225,0.620716,SIMULADO_CONTROLADO
1.10817,3.68286,18.05389,3099.064,2800.0,4000.0,2.919,11.4627,1.1538,0.98,-0.86603,-0.5,3,1,5.6294,0.096676,0.145013,SIMULADO_CONTROLADO
4.09187,9.66825,25.39362,1974.833,1400.0,4000.0,3.201,14.5271,1.121,1.0451,1.0,0.0,0,1,1.6944,0.281671,0.394085,SIMULADO_CONTROLADO
0.52258,1.18237,26.51877,2745.122,1400.0,4000.0,4.357,12.3309,1.231,1.1277,0.86603,-0.5,0,1,4.2138,0.04238,0.075655,SIMULADO_CONTROLADO
0.74636,2.3604,18.97192,311.821,900.0,500.0,4.361,12.8533,1.2615,1.0034,-0.86603,-0.5,3,1,3.9921,0.058067,0.095168,SIMULADO_CONTROLADO
4.04301,10.37317,23.38542,17.385,1400.0,500.0,5.373,12.3866,1.2228,1.0087,0.96593,0.25882,0,3,0.0,0.326402,0.458996,SIMULADO_CONTROLADO
2.25361,4.55201,29.70475,611.724,1400.0,1200.0,5.411,14.8036,1.1317,0.9873,-1.0,-0.0,3,4,2.8943,0.152234,0.223183,SIMULADO_CONTROLADO
3.24608,5.33716,36.49219,809.482,4200.0,1800.0,1.258,10.1759,1.0423,1.0883,-0.25882,0.96593,1,1,0.9075,0.318998,0.381768,SIMULADO_CONTROLADO
2.38759,6.21753,23.04056,125.882,2800.0,500.0,5.25,11.2806,1.3355,1.0767,-0.86603,-0.5,3,2,0.0,0.211654,0.350672,SIMULADO_CONTROLADO
1.2498,2.50612,29.92197,827.853,2200.0,7000.0,5.005,12.5161,1.216,1.0149,0.86603,-0.5,1,2,0.0,0.099855,0.135527,SIMULADO_CONTROLADO
0.66165,0.88972,44.61912,3090.976,2800.0,7000.0,4.305,13.6636,1.0,1.008,0.86603,0.5,1,1,4.2248,0.048424,0.057294,SIMULADO_CONTROLADO
0.29425,0.34249,51.54786,483.044,4200.0,1200.0,2.88,13.8415,1.129,0.9925,-0.25882,-0.96593,2,0,8.0504,0.021258,0.025604,SIMULADO_CONTROLADO
6.315,13.55221,27.95854,2074.96,900.0,4000.0,6.007,12.8902,1.0,1.022,0.5,-0.86603,0,8,0.8089,0.489906,0.613585,SIMULADO_CONTROLADO
0.39052,0.55375,42.31369,1111.849,1400.0,1800.0,5.113,13.9466,1.1657,1.0809,0.96593,0.25882,2,0,2.9531,0.028001,0.03929,SIMULADO_CONTROLADO
5.11108,7.50417,40.86593,2190.796,1400.0,2500.0,2.564,14.3329,1.1283,1.0369,0.86603,-0.5,2,9,3.1519,0.356598,0.564869,SIMULADO_CONTROLADO
2.16131,6.19113,20.94592,2587.423,900.0,7000.0,2.818,14.7109,1.0681,1.0929,-0.25882,0.96593,3,1,1.387,0.146919,0.198936,SIMULADO_CONTROLADO
2.44234,7.40438,19.79102,139.075,900.0,500.0,4.965,14.1935,1.4135,1.0026,0.86603,0.5,3,6,5.456,0.172075,0.311357,SIMULADO_CONTROLADO
2.32549,2.75263,50.68949,764.353,6500.0,800.0,6.064,5.8688,1.0,0.98,1.0,0.0,2,3,7.1136,0.396244,0.478676,SIMULADO_CONTROLADO
2.96438,5.3284,33.38013,88.041,9000.0,1200.0,3.8,6.2326,1.273,1.1522,0.86603,-0.5,1,3,1.2448,0.475625,0.817164,SIMULADO_CONTROLADO
1.01551,2.78081,21.91118,3036.29,1400.0,7000.0,5.86,13.504,1.5099,1.0447,-0.70711,0.70711,1,0,6.1422,0.075201,0.132717,SIMULADO_CONTROLADO
0.17425,0.34181,30.58739,570.764,6500.0,2500.0,3.225,8.0169,1.3324,1.07,0.86603,-0.5,1,0,1.3519,0.021735,0.035499,SIMULADO_CONTROLADO
1.22753,4.31779,17.05771,901.54,1400.0,1200.0,3.294,14.6664,1.155,0.9996,0.96593,-0.25882,3,4,0.4625,0.083696,0.14261,SIMULADO_CONTROLADO
2.7871,4.01137,41.68808,279.037,900.0,500.0,4.835,11.8499,1.0,0.98,0.96593,-0.25882,1,1,2.2074,0.235201,0.270804,SIMULADO_CONTROLADO
0.7535,1.6149,27.99568,375.601,1400.0,2500.0,1.468,15.0517,1.0,1.042,-0.5,0.86603,0,0,4.3249,0.050061,0.057296,SIMULADO_CONTROLADO
4.16106,7.42507,33.62444,438.81,9000.0,800.0,1.936,8.7393,1.0942,0.98,0.86603,-0.5,1,7,2.2811,0.476133,0.645414,SIMULADO_CONTROLADO
1.80525,4.17661,25.93376,541.643,2200.0,1200.0,5.061,12.2604,1.0501,1.023,0.86603,-0.5,0,3,4.0494,0.147242,0.198378,SIMULADO_CONTROLADO
0.68675,1.64984,24.97501,4895.118,6500.0,7000.0,2.483,8.2088,1.0449,1.081,0.86603,-0.5,0,0,2.9758,0.08366,0.124415,SIMULADO_CONTROLADO
2.23702,6.14982,21.82525,1522.152,2800.0,1800.0,2.128,11.5323,1.1078,1.0552,-0.86603,0.5,0,5,5.341,0.193979,0.292225,SIMULADO_CONTROLADO
2.7533,6.30744,26.191,316.199,2800.0,500.0,1.672,13.9162,1.1436,1.0465,-0.96593,-0.25882,3,9,3.6144,0.197848,0.35181,SIMULADO_CONTROLADO
2.89834,4.04429,42.99894,149.52,6500.0,500.0,2.392,10.5373,1.2376,1.1135,-0.5,-0.86603,2,1,5.7142,0.275054,0.447551,SIMULADO_CONTROLADO
4.04611,5.2557,46.1911,1040.468,9000.0,1200.0,2.527,6.7953,1.0,1.0519,0.96593,0.25882,2,2,0.6991,0.595426,0.740888,SIMULADO_CONTROLADO
0.47997,0.76846,37.47486,337.836,4200.0,500.0,3.008,10.8899,1.0508,0.98,0.5,0.86603,1,0,2.0727,0.044075,0.055432,SIMULADO_CONTROLADO
4.04997,4.66046,52.14038,861.667,6500.0,1800.0,6.173,5.405,1.1345,1.0283,0.5,0.86603,2,8,2.4968,0.749301,1.020472,SIMULADO_CONTROLADO
4.30841,10.98465,23.53329,746.997,1400.0,1200.0,4.616,13.6714,1.1287,1.1216,0.96593,-0.25882,0,6,0.7069,0.31514,0.491138,SIMULADO_CONTROLADO
0.66311,1.7159,23.18696,3106.404,9000.0,7000.0,4.875,4.9793,1.4538,1.0211,-1.0,-0.0,3,2,0.3851,0.133172,0.254492,SIMULADO_CONTROLADO
0.80178,1.13152,42.51544,608.555,1400.0,1200.0,1.904,13.9853,1.1972,1.1189,-1.0,-0.0,2,1,3.3024,0.057331,0.086607,SIMULADO_CONTROLADO
3.36278,7.46907,27.01363,250.015,1400.0,800.0,2.221,16.5402,1.0,1.0811,-1.0,-0.0,3,10,3.897,0.20331,0.301556,SIMULADO_CONTROLADO
1.43765,3.01623,28.59825,856.246,6500.0,2500.0,5.963,5.6547,1.2269,1.0166,-0.86603,-0.5,0,0,2.7365,0.254238,0.361454,SIMULADO_CONTROLADO
4.74767,8.03026,35.47334,684.661,2800.0,2500.0,4.562,10.1459,1.2473,0.9864,0.0,-1.0,1,2,4.7239,0.467942,0.682077,SIMULADO_CONTROLADO
5.65681,7.93967,42.74851,260.627,1400.0,500.0,5.491,13.4066,1.14,1.0503,0.86603,-0.5,2,12,0.183,0.421943,0.622378,SIMULADO_CONTROLADO
0.68597,1.07659,38.23013,249.892,900.0,500.0,3.095,14.2451,1.0,1.0922,-0.96593,-0.25882,1,0,1.6788,0.048155,0.06169,SIMULADO_CONTROLADO
0.99744,1.76951,33.82087,285.675,1400.0,800.0,4.259,13.0608,1.4413,0.98,0.86603,0.5,1,2,0.0223,0.076369,0.116076,SIMULADO_CONTROLADO
2.15053,4.81794,26.78155,2040.026,6500.0,4000.0,3.862,9.0894,1.0,1.0404,0.25882,0.96593,0,2,2.7927,0.236597,0.3205,SIMULADO_CONTROLADO
0.16694,0.2701,37.08531,704.07,900.0,800.0,2.289,15.3772,1.2657,0.98,-0.96593,0.25882,1,0,3.5245,0.010857,0.017417,SIMULADO_CONTROLADO
0.30541,0.78155,23.44648,3443.461,9000.0,7000.0,5.571,4.3246,1.192,1.0197,0.25882,-0.96593,0,0,5.3179,0.070622,0.105764,SIMULADO_CONTROLADO
0.89634,1.5817,34.00179,1175.525,6500.0,1800.0,2.969,8.454,1.2561,0.98,-0.5,-0.86603,1,0,0.0278,0.106027,0.158286,SIMULADO_CONTROLADO
6.97723,12.75002,32.83398,5993.765,1400.0,7000.0,3.675,14.0059,1.4331,1.0603,-0.5,0.86603,2,10,3.2821,0.498162,0.967632,SIMULADO_CONTROLADO
2.40472,3.4707,41.57178,666.392,6500.0,800.0,1.905,9.8433,1.2499,1.004,-0.86603,-0.5,2,5,5.5158,0.2443,0.376787,SIMULADO_CONTROLADO
1.14832,1.43927,47.87118,977.334,2800.0,1200.0,4.583,12.7174,1.0706,1.0871,-1.0,-0.0,2,1,0.3965,0.090295,0.128587,SIMULADO_CONTROLADO
0.79565,1.47721,32.31698,193.797,2200.0,500.0,5.393,11.6733,1.337,1.0107,0.25882,-0.96593,1,1,0.0,0.068159,0.094879,SIMULADO_CONTROLADO
0.65549,1.64013,23.97943,2154.808,2800.0,4000.0,3.375,13.0977,1.059,1.0066,0.96593,-0.25882,3,1,0.0,0.050046,0.068215,SIMULADO_CONTROLADO
1.22255,2.70255,27.1421,1560.906,900.0,2500.0,6.384,14.3676,1.1862,0.98,0.86603,-0.5,0,2,3.8114,0.085091,0.129188,SIMULADO_CONTROLADO
1.1628,1.74255,40.03791,153.916,9000.0,500.0,2.565,6.9019,1.0,1.0526,-0.70711,0.70711,1,2,0.9765,0.168476,0.206904,SIMULADO_CONTROLADO
1.65604,3.78104,26.27908,1116.62,6500.0,4000.0,5.827,7.7543,1.0,1.0571,0.70711,-0.70711,0,2,3.5039,0.213564,0.272211,SIMULADO_CONTROLADO
2.84956,4.66084,36.68299,1236.404,1400.0,7000.0,5.022,13.0572,1.1682,1.0773,-0.5,0.86603,1,3,2.0461,0.218236,0.290055,SIMULADO_CONTROLADO
1.86584,6.82955,16.39204,1729.176,900.0,2500.0,6.114,12.6076,1.2189,1.0645,0.0,1.0,3,4,6.2819,0.147993,0.257613,SIMULADO_CONTROLADO
3.50519,4.54102,46.31369,1808.971,2200.0,4000.0,5.125,11.368,1.0,1.0531,0.96593,-0.25882,1,8,4.1545,0.308339,0.430045,SIMULADO_CONTROLADO
1.5615,4.75336,19.71026,626.199,2800.0,800.0,3.823,12.122,1.2396,1.0618,-0.5,0.86603,3,5,0.812,0.128815,0.222164,SIMULADO_CONTROLADO
5.94782,9.03099,39.5161,989.852,6500.0,1800.0,3.391,9.5148,1.0289,1.0664,-0.25882,-0.96593,1,9,1.8656,0.625111,0.833402,SIMULADO_CONTROLADO
3.44544,4.90464,42.14912,843.189,6500.0,4000.0,5.596,6.9149,1.3648,1.0758,0.86603,-0.5,2,3,4.1545,0.498263,0.889637,SIMULADO_CONTROLADO
2.35583,3.74449,37.74885,2350.122,900.0,2500.0,5.654,13.4653,1.1037,0.98,0.86603,0.5,1,5,0.2559,0.174957,0.235471,SIMULADO_CONTROLADO
2.85658,4.84607,35.36779,2126.264,1400.0,2500.0,4.321,13.4257,1.0,1.0142,0.25882,-0.96593,1,2,4.9825,0.212769,0.271346,SIMULADO_CONTROLADO
1.25134,4.39502,17.083,3263.957,4200.0,4000.0,4.921,12.7188,1.1721,0.98,-0.5,0.86603,3,1,1.9745,0.098385,0.15185,SIMULADO_CONTROLADO
1.63437,3.39313,28.90021,2188.154,2200.0,2500.0,3.653,14.0234,1.0134,1.0499,0.86603,-0.5,3,3,4.1987,0.116546,0.17554,SIMULADO_CONTROLADO
1.5837,3.05054,31.14921,99.477,9000.0,500.0,2.357,7.7871,1.363,1.1083,0.25882,-0.96593,1,2,2.0882,0.203376,0.338051,SIMULADO_CONTROLADO
1.03133,4.17435,14.82388,621.329,4200.0,800.0,1.465,13.2449,1.1601,1.0753,0.86603,-0.5,3,0,1.3999,0.077867,0.130887,SIMULADO_CONTROLADO
0.54618,0.85365,38.38901,3160.778,2200.0,4000.0,4.665,12.0461,1.1357,1.0077,-0.86603,0.5,1,0,1.0563,0.045341,0.063924,SIMULADO_CONTROLADO
2.96934,4.28286,41.59856,385.958,4200.0,800.0,4.747,12.316,1.2547,1.0577,-0.86603,-0.5,2,5,6.138,0.241096,0.405326,SIMULADO_CONTROLADO
3.89881,10.87939,21.502,1693.16,2800.0,2500.0,4.726,12.2644,1.0,1.0507,-0.5,-0.86603,3,10,1.8803,0.317898,0.426077,SIMULADO_CONTROLADO
2.67084,4.28243,37.42051,528.195,2800.0,1800.0,4.181,12.2651,1.0,1.0455,-0.86603,-0.5,1,1,8.9693,0.21776,0.28224,SIMULADO_CONTROLADO
1.86151,2.28475,48.88536,1746.107,6500.0,2500.0,3.015,7.6857,1.2253,0.98,0.70711,-0.70711,2,1,2.8189,0.242205,0.359692,SIMULADO_CONTROLADO
7.76483,13.64725,34.13801,754.364,2800.0,800.0,2.483,12.6008,1.0,1.0942,-0.96593,0.25882,1,14,0.7133,0.616217,0.939423,SIMULADO_CONTROLADO
1.13562,2.55675,26.64987,464.788,4200.0,1200.0,1.548,9.9842,1.0,0.982,-0.5,-0.86603,0,0,0.0,0.113742,0.134932,SIMULADO_CONTROLADO
2.41609,6.12533,23.66657,576.907,2200.0,2500.0,1.984,13.6092,1.2939,1.0185,0.25882,0.96593,0,1,5.0888,0.177534,0.265196,SIMULADO_CONTROLADO
4.29212,6.4261,40.07523,231.99,4200.0,800.0,4.53,10.0699,1.244,1.0782,0.86603,-0.5,1,10,2.0932,0.426231,0.701651,SIMULADO_CONTROLADO
0.72542,1.59928,27.21543,681.339,2800.0,1200.0,5.271,11.3501,1.0,1.0182,-0.86603,0.5,3,1,4.2276,0.063913,0.080542,SIMULADO_CONTROLADO
3.13431,7.55476,24.89276,3135.45,4200.0,7000.0,6.01,8.4322,1.0609,1.0386,1.0,0.0,0,3,7.3768,0.371709,0.513252,SIMULADO_CONTROLADO
6.20979,7.8472,47.4803,430.776,2200.0,800.0,1.645,14.9042,1.0154,1.0404,-0.5,0.86603,1,9,3.9046,0.416647,0.545521,SIMULADO_CONTROLADO
1.98425,3.64499,32.66258,632.891,900.0,2500.0,5.514,14.3296,1.4442,1.038,-0.96593,0.25882,2,3,3.2083,0.138472,0.230485,SIMULADO_CONTROLADO
2.25707,5.63083,24.05053,677.559,1400.0,800.0,4.366,15.6629,1.305,1.0402,-0.25882,0.96593,0,3,5.0752,0.144103,0.266086,SIMULADO_CONTROLADO
1.14155,1.30995,52.28679,1157.303,2200.0,2500.0,2.797,15.5351,1.0927,1.0446,-0.96593,0.25882,2,1,4.1886,0.073482,0.096753,SIMULADO_CONTROLADO
2.83294,5.66271,30.01674,314.887,2200.0,500.0,5.047,12.7164,1.2522,1.0384,0.70711,0.70711,1,5,0.0,0.222778,0.34671,SIMULADO_CONTROLADO
1.00882,2.17806,27.79037,252.74,2200.0,2500.0,6.444,13.1285,1.0,0.9947,0.86603,0.5,3,1,5.2986,0.076842,0.089274,SIMULADO_CONTROLADO
1.89381,2.26319,50.2071,707.296,2800.0,1800.0,3.211,13.0687,1.0524,0.98,0.25882,-0.96593,2,2,2.4035,0.144912,0.171875,SIMULADO_CONTROLADO
0.47661,0.57749,49.51835,1682.431,1400.0,2500.0,4.525,13.0507,1.1768,1.0799,0.86603,-0.5,2,0,5.7368,0.03652,0.055642,SIMULADO_CONTROLADO
0.08,0.2826,16.98521,180.557,2200.0,500.0,2.582,13.3042,1.2324,1.082,-0.5,0.86603,0,0,3.5648,0.006013,0.009455,SIMULADO_CONTROLADO
1.34702,2.12463,38.04015,732.788,1400.0,1800.0,2.287,15.3377,1.1444,1.0502,-0.86603,0.5,1,2,5.0023,0.087824,0.132253,SIMULADO_CONTROLADO
1.32879,4.15454,19.19043,345.407,4200.0,1800.0,1.99,16.8098,1.1997,1.0498,-1.0,-0.0,3,4,2.0283,0.079048,0.118743,SIMULADO_CONTROLADO
1.44597,2.87426,30.18443,508.732,2800.0,800.0,1.37,14.9836,1.1725,0.9938,-0.5,0.86603,0,1,0.0,0.096504,0.129474,SIMULADO_CONTROLADO
3.37245,9.25086,21.87328,448.46,4200.0,1200.0,5.036,10.8294,1.1338,0.98,0.25882,0.96593,3,8,3.6838,0.311416,0.474804,SIMULADO_CONTROLADO
3.97518,5.57975,42.74577,444.394,2800.0,2500.0,1.974,13.8924,1.1126,1.0238,-0.86603,-0.5,1,7,4.5514,0.28614,0.371274,SIMULADO_CONTROLADO
2.49198,2.85308,52.40609,874.44,9000.0,1800.0,4.784,6.4169,1.0918,0.98,-0.86603,0.5,2,2,1.3304,0.388344,0.481341,SIMULADO_CONTROLADO
3.20668,4.23474,45.43395,1839.995,2800.0,2500.0,5.809,11.4776,1.1971,1.0433,-0.25882,0.96593,2,7,2.0731,0.279385,0.414819,SIMULADO_CONTROLADO
1.0351,1.65988,37.41596,3276.419,4200.0,7000.0,5.687,11.1486,1.2257,1.0937,-0.86603,0.5,1,1,0.0,0.092846,0.14884,SIMULADO_CONTROLADO
0.82122,1.28252,38.4189,535.494,2800.0,1200.0,2.785,12.7604,1.1917,1.0073,-0.96593,0.25882,1,1,2.1739,0.064357,0.087499,SIMULADO_CONTROLADO
2.8748,3.03208,56.88764,4052.772,6500.0,7000.0,1.859,8.4495,1.0,1.0099,-1.0,-0.0,2,5,0.0,0.340234,0.439298,SIMULADO_CONTROLADO
0.71598,2.0628,20.82565,2641.722,2800.0,7000.0,3.548,13.1813,1.0002,0.9897,0.70711,0.70711,0,1,3.5862,0.054318,0.059727,SIMULADO_CONTROLADO
0.63942,0.93548,41.01097,1366.502,900.0,2500.0,2.161,15.866,1.2238,1.037,0.70711,-0.70711,2,0,3.2033,0.040301,0.057042,SIMULADO_CONTROLADO
10.49591,23.29439,27.03459,587.741,6500.0,800.0,3.18,8.8942,1.3955,1.0335,-0.70711,0.70711,0,12,2.5319,1.180082,2.206514,SIMULADO_CONTROLADO
2.08449,3.01999,41.41376,791.424,6500.0,1200.0,4.215,8.9752,1.1844,0.9891,-0.70711,-0.70711,2,3,5.2776,0.23225,0.330309,SIMULADO_CONTROLADO
1.32951,1.48278,53.79795,201.864,2200.0,500.0,4.615,13.8763,1.0941,1.0761,1.0,0.0,2,1,3.006,0.095811,0.120903,SIMULADO_CONTROLADO
1.20404,2.58826,27.91164,1269.059,2800.0,2500.0,2.357,13.0771,1.1959,1.1566,-0.96593,-0.25882,0,1,2.9063,0.092072,0.155866,SIMULADO_CONTROLADO
0.49153,1.33466,22.09699,319.999,900.0,800.0,2.405,14.4815,1.0,1.0885,0.0,1.0,3,1,3.1754,0.033942,0.043146,SIMULADO_CONTROLADO
2.4532,6.48744,22.68875,3646.428,9000.0,7000.0,5.79,4.5435,1.3694,1.03,0.70711,-0.70711,1,1,1.2761,0.539937,0.924728,SIMULADO_CONTROLADO
1.55845,4.99094,18.73531,431.623,6500.0,2500.0,6.208,7.4019,1.1899,1.0295,-1.0,-0.0,3,4,4.5819,0.210547,0.324165,SIMULADO_CONTROLADO
3.89731,6.35342,36.80515,526.535,9000.0,1800.0,4.605,7.7696,1.0529,1.0119,-1.0,-0.0,0,1,0.5756,0.501608,0.664169,SIMULADO_CONTROLADO
2.93995,7.66344,23.01796,308.624,4200.0,800.0,4.151,10.6939,1.1333,1.011,0.0,-1.0,0,5,3.3878,0.274917,0.372613,SIMULADO_CONTROLADO
1.51539,2.53492,35.86825,405.013,1400.0,500.0,4.688,13.9218,1.0757,1.0781,1.0,0.0,1,1,5.0592,0.10885,0.14129,SIMULADO_CONTROLADO
0.23436,0.78514,17.9096,873.35,2200.0,2500.0,1.882,13.5639,1.3699,1.0801,0.25882,-0.96593,0,0,0.3444,0.017278,0.028626,SIMULADO_CONTROLADO
2.08881,2.97657,42.10502,3222.365,9000.0,4000.0,5.954,4.8283,1.1276,0.9824,0.86603,0.5,1,1,0.0,0.432619,0.606454,SIMULADO_CONTROLADO
1.94707,2.57053,45.44738,502.067,900.0,800.0,2.306,14.0073,1.1849,1.0515,-0.5,0.86603,2,2,0.3073,0.139003,0.191952,SIMULADO_CONTROLADO
0.17426,0.48716,21.46194,122.539,4200.0,500.0,4.749,10.7831,1.2518,1.085,-0.86603,0.5,0,0,6.3158,0.01616,0.024625,SIMULADO_CONTROLADO
2.6996,2.77055,58.46349,588.134,900.0,1200.0,2.376,14.4101,1.0415,1.0192,-0.96593,-0.25882,2,3,1.2205,0.187341,0.238408,SIMULADO_CONTROLADO
0.69226,1.51,27.50703,2497.304,6500.0,4000.0,4.941,9.8051,1.191,1.0255,0.86603,-0.5,0,0,0.0,0.070602,0.104464,SIMULADO_CONTROLADO
4.03883,11.40823,21.24165,1411.29,4200.0,2500.0,5.193,10.3341,1.2039,1.0663,0.70711,0.70711,0,9,3.2693,0.390827,0.633571,SIMULADO_CONTROLADO
1.85599,2.22249,50.10566,196.222,2800.0,500.0,5.128,11.8392,1.0,1.0676,0.25882,0.96593,2,1,0.0,0.156767,0.179316,SIMULADO_CONTROLADO
1.17487,2.76891,25.45853,188.118,4200.0,500.0,3.472,11.0213,1.2004,1.0543,0.70711,-0.70711,3,2,0.4954,0.1066,0.17743,SIMULADO_CONTROLADO
2.31774,5.32946,26.0935,229.628,2200.0,500.0,4.417,13.2575,1.1527,1.0464,-0.96593,0.25882,0,3,5.4696,0.174824,0.276522,SIMULADO_CONTROLADO
2.21133,4.51707,29.37301,357.574,4200.0,4000.0,4.369,12.6229,1.1808,1.0525,0.86603,-0.5,1,4,0.4937,0.175184,0.249449,SIMULADO_CONTROLADO
2.15015,9.01287,14.31386,905.839,6500.0,4000.0,5.018,6.9943,1.1657,1.0225,-0.96593,0.25882,3,3,1.9523,0.307414,0.482419,SIMULADO_CONTROLADO
3.67514,13.49192,16.34374,946.605,2800.0,1200.0,3.845,12.8033,1.2015,0.9847,0.86603,0.5,3,6,3.1176,0.287047,0.437346,SIMULADO_CONTROLADO
2.42455,4.14784,35.0719,1033.812,900.0,2500.0,3.889,12.4676,1.374,0.98,-0.96593,0.25882,2,4,3.1188,0.194468,0.325642,SIMULADO_CONTROLADO
1.08545,1.92594,33.81569,322.51,9000.0,500.0,4.827,7.2955,1.0,1.0618,0.25882,0.96593,1,1,1.3817,0.148783,0.171409,SIMULADO_CONTROLADO
1.59726,2.85206,33.60223,1058.829,2800.0,1800.0,2.102,13.1244,1.1053,1.0399,0.86603,-0.5,1,3,3.6474,0.121701,0.185392,SIMULADO_CONTROLADO
5.04987,7.62341,39.74499,89.068,2800.0,800.0,4.658,10.3099,1.2667,1.0555,0.70711,0.70711,2,2,5.5371,0.489806,0.682499,SIMULADO_CONTROLADO
1.00082,1.40916,42.61355,1632.084,900.0,4000.0,1.986,13.6755,1.2369,0.9977,-0.5,-0.86603,2,0,0.2705,0.073183,0.097242,SIMULADO_CONTROLADO
2.66792,3.9214,40.82096,1257.413,900.0,1800.0,5.042,14.8079,1.2335,1.0396,0.86603,0.5,1,4,1.4827,0.180168,0.289963,SIMULADO_CONTROLADO
3.76987,12.79664,17.67592,408.091,1400.0,4000.0,3.261,12.1349,1.6006,1.0385,0.0,1.0,0,2,2.2792,0.310664,0.577082,SIMULADO_CONTROLADO
2.85798,7.40023,23.17212,426.412,9000.0,1800.0,5.65,5.7915,1.2583,1.0926,0.96593,-0.25882,0,3,3.9697,0.493476,0.874436,SIMULADO_CONTROLADO
2.09871,6.08896,20.68052,1229.158,6500.0,1800.0,1.669,9.2349,1.341,1.0733,0.0,1.0,3,1,2.5695,0.227259,0.438894,SIMULADO_CONTROLADO
2.35208,3.82877,36.85898,2385.517,2200.0,7000.0,3.641,12.9279,1.1109,1.0017,0.70711,-0.70711,1,3,2.233,0.181938,0.227935,SIMULADO_CONTROLADO
2.98919,4.118,43.55304,4405.371,6500.0,7000.0,2.086,8.7526,1.0011,1.0577,1.0,0.0,1,6,0.0,0.341522,0.41883,SIMULADO_CONTROLADO
0.99014,1.52446,38.97021,446.765,2200.0,1800.0,5.805,11.0443,1.1097,1.0014,-0.5,0.86603,1,2,0.1206,0.089652,0.108521,SIMULADO_CONTROLADO
1.95691,5.83718,20.11492,231.941,9000.0,1200.0,1.864,6.5764,1.2739,0.98,0.0,-1.0,3,3,2.9046,0.297567,0.454154,SIMULADO_CONTROLADO
7.73568,13.0546,35.55381,2054.6,2200.0,2500.0,3.772,13.7892,1.2251,1.1127,0.5,-0.86603,0,3,1.4209,0.560997,0.94826,SIMULADO_CONTROLADO
2.72813,5.81611,28.14389,649.145,6500.0,800.0,1.758,9.3579,1.2245,1.0181,-0.5,-0.86603,0,6,1.7816,0.291533,0.497028,SIMULADO_CONTROLADO
2.1557,3.92146,32.98307,464.979,2800.0,1200.0,5.428,12.2629,1.1257,1.0818,0.70711,0.70711,1,3,2.3701,0.17579,0.254108,SIMULADO_CONTROLADO
1.46965,2.22359,39.65606,1738.686,4200.0,4000.0,2.695,11.2966,1.1002,1.0052,0.70711,0.70711,1,2,7.4175,0.130096,0.167894,SIMULADO_CONTROLADO
1.00018,1.32029,45.453,3540.169,1400.0,7000.0,4.349,14.3767,1.1312,0.9987,0.70711,0.70711,2,2,1.4553,0.06957,0.088302,SIMULADO_CONTROLADO
2.41097,4.16851,34.70253,591.961,9000.0,1200.0,2.102,7.5521,1.2759,1.0104,-0.86603,0.5,1,2,5.4126,0.319243,0.480041,SIMULADO_CONTROLADO
2.53619,5.64773,26.9438,982.99,2200.0,1200.0,3.064,12.7726,1.2945,1.0464,-0.96593,-0.25882,1,3,5.2591,0.198565,0.337268,SIMULADO_CONTROLADO
1.85646,5.41534,20.56888,2015.277,2800.0,7000.0,1.803,12.2444,1.0,1.0429,-0.25882,0.96593,3,6,4.1879,0.151617,0.189713,SIMULADO_CONTROLADO
9.79423,23.71769,24.77703,583.026,4200.0,800.0,4.119,12.0931,1.282,1.0574,-0.96593,0.25882,0,13,0.7204,0.809906,1.51934,SIMULADO_CONTROLADO
1.07962,1.1551,56.0797,243.085,4200.0,500.0,1.218,11.2757,1.0559,1.0127,0.5,0.86603,2,2,2.7881,0.095748,0.113515,SIMULADO_CONTROLADO
0.86623,1.11665,46.544,176.104,2800.0,500.0,6.463,11.8925,1.235,1.0368,0.70711,0.70711,2,1,1.68,0.072838,0.102359,SIMULADO_CONTROLADO
1.48695,2.19703,40.60813,364.454,9000.0,500.0,3.406,6.5045,1.1293,0.9971,-0.96593,0.25882,1,1,6.7303,0.228604,0.350466,SIMULADO_CONTROLADO
1.90322,5.94163,19.21916,3386.154,9000.0,7000.0,4.536,5.4031,1.4105,1.1011,-0.25882,-0.96593,3,6,3.3624,0.352246,0.75304,SIMULADO_CONTROLADO
0.95412,1.46365,39.11254,188.099,6500.0,500.0,2.72,9.7914,1.0931,0.98,-0.5,-0.86603,1,1,2.0523,0.097445,0.122222,SIMULADO_CONTROLADO
2.36799,7.47049,19.01877,840.869,1400.0,1200.0,2.542,16.0975,1.1886,0.998,0.96593,0.25882,3,8,6.2483,0.147103,0.229198,SIMULADO_CONTROLADO
2.56065,4.19053,36.66344,1308.691,6500.0,2500.0,5.685,8.6926,1.2571,1.0159,0.0,-1.0,1,2,1.7597,0.294579,0.459219,SIMULADO_CONTROLADO
3.24385,3.355,58.01228,1704.46,2800.0,2500.0,5.218,12.0069,1.0202,1.1425,-0.70711,0.70711,2,2,3.6584,0.270166,0.358352,SIMULADO_CONTROLADO
1.29595,1.63209,47.64264,2544.741,2800.0,4000.0,4.609,14.0715,1.1483,1.0695,0.25882,-0.96593,2,2,3.9751,0.092098,0.133935,SIMULADO_CONTROLADO
4.76879,13.06116,21.90674,4925.808,9000.0,7000.0,5.187,4.2,1.1173,0.9966,-0.86603,-0.5,3,17,3.2295,1.135426,1.815891,SIMULADO_CONTROLADO
3.09128,4.09132,45.33426,582.849,2800.0,1200.0,2.129,11.9072,1.0778,1.072,-0.96593,-0.25882,1,5,2.2765,0.259614,0.388866,SIMULADO_CONTROLADO
1.06033,1.65406,38.463,783.246,6500.0,800.0,6.151,7.1748,1.0896,1.0582,-0.5,0.86603,1,1,4.2588,0.147785,0.226938,SIMULADO_CONTROLADO
0.95027,2.5089,22.72557,165.357,4200.0,500.0,3.61,12.8786,1.3379,1.0473,0.96593,0.25882,0,2,1.1771,0.073787,0.116431,SIMULADO_CONTROLADO
1.57077,2.27637,41.40199,3739.237,900.0,7000.0,5.804,14.6195,1.0642,1.0663,-0.70711,0.70711,1,2,4.8388,0.107443,0.142,SIMULADO_CONTROLADO
2.56524,7.85327,19.59878,852.104,4200.0,1200.0,5.101,8.445,1.2506,1.0376,-0.5,-0.86603,3,8,1.909,0.30376,0.587123,SIMULADO_CONTROLADO
2.84159,7.92813,21.50516,4831.522,2800.0,7000.0,2.715,12.4544,1.2103,1.0427,-0.96593,0.25882,0,1,5.3094,0.228159,0.365147,SIMULADO_CONTROLADO
3.08717,6.98669,26.51186,538.039,2800.0,1200.0,4.217,10.7136,1.0,0.98,1.0,0.0,3,3,4.6972,0.288155,0.346601,SIMULADO_CONTROLADO
7.41431,10.0897,44.09038,2220.244,2200.0,4000.0,6.323,11.906,1.2431,1.0999,0.5,0.86603,2,6,3.6536,0.622737,0.973001,SIMULADO_CONTROLADO
0.33385,0.53603,37.369,2315.879,1400.0,2500.0,1.397,16.0537,1.0,1.0149,0.5,0.86603,0,0,2.3106,0.020796,0.025479,SIMULADO_CONTROLADO
1.81717,2.98926,36.47405,992.04,6500.0,2500.0,3.46,10.1136,1.2605,0.98,0.70711,-0.70711,1,1,4.8156,0.179676,0.266415,SIMULADO_CONTROLADO
7.01279,8.65807,48.59831,1864.559,1400.0,2500.0,4.489,13.9016,1.0788,1.0123,-0.25882,-0.96593,2,8,3.6993,0.504459,0.669324,SIMULADO_CONTROLADO
3.34893,5.14147,39.0814,740.666,900.0,1200.0,3.001,14.2393,1.1613,1.0141,1.0,0.0,1,1,0.0,0.235189,0.321454,SIMULADO_CONTROLADO
0.81711,1.56978,31.23146,397.119,2800.0,500.0,2.885,12.7873,1.0,0.9989,1.0,0.0,0,0,0.7828,0.0639,0.073728,SIMULADO_CONTROLADO
2.28017,2.63785,51.86442,291.868,4200.0,500.0,5.168,11.2943,1.1796,1.07,-0.96593,0.25882,2,3,2.8544,0.201887,0.306912,SIMULADO_CONTROLADO
1.73347,2.60404,39.94108,898.329,1400.0,1200.0,6.057,15.6913,1.3083,1.0788,-0.96593,-0.25882,2,1,3.0874,0.110473,0.186252,SIMULADO_CONTROLADO
1.68487,3.38599,29.8559,4325.854,2200.0,7000.0,4.049,11.5556,1.0309,0.98,-0.70711,-0.70711,0,3,3.985,0.145805,0.174834,SIMULADO_CONTROLADO
1.27519,1.95581,39.1199,2381.325,2200.0,2500.0,6.226,13.9051,1.0629,1.0118,-0.70711,-0.70711,1,2,5.7526,0.091706,0.13116,SIMULADO_CONTROLADO
2.14399,5.23564,24.56996,702.575,9000.0,2500.0,1.737,7.5113,1.2327,1.0151,-0.86603,0.5,0,3,3.732,0.285435,0.421723,SIMULADO_CONTROLADO
4.18523,6.13505,40.931,705.241,1400.0,800.0,2.406,15.5018,1.2367,1.0273,0.96593,0.25882,2,4,0.0,0.269983,0.38548,SIMULADO_CONTROLADO
1.37329,1.43791,57.30365,1420.988,9000.0,1800.0,1.665,7.473,1.0,1.1118,-0.5,0.86603,2,2,2.9151,0.183767,0.259443,SIMULADO_CONTROLADO
3.10342,4.80253,38.77223,277.579,1400.0,1200.0,3.508,15.7063,1.4825,0.9984,-0.86603,0.5,2,4,5.0532,0.197591,0.335079,SIMULADO_CONTROLADO
3.49136,8.30348,25.22818,384.694,4200.0,500.0,4.522,11.1609,1.2446,1.1053,0.86603,-0.5,3,4,2.7343,0.312821,0.608338,SIMULADO_CONTROLADO
4.74265,14.50232,19.62161,642.993,6500.0,2500.0,2.263,8.7034,1.2715,1.0284,0.86603,-0.5,3,8,2.9272,0.544921,0.917525,SIMULADO_CONTROLADO
0.93563,1.59072,35.29087,604.472,9000.0,1200.0,3.577,6.9304,1.137,1.1057,0.86603,0.5,1,1,1.4621,0.135005,0.199548,SIMULADO_CONTROLADO
2.01752,3.65083,33.15718,640.209,2800.0,1200.0,4.827,13.3798,1.0,1.021,-0.96593,-0.25882,0,3,4.4934,0.150788,0.195057,SIMULADO_CONTROLADO
1.15336,1.72143,40.2001,745.608,2800.0,2500.0,4.589,12.1351,1.268,1.0157,0.96593,-0.25882,2,1,1.7583,0.095044,0.137983,SIMULADO_CONTROLADO
2.14704,4.64831,27.71382,272.961,6500.0,500.0,4.535,5.9703,1.0696,1.034,1.0,0.0,3,6,3.745,0.359622,0.539502,SIMULADO_CONTROLADO
2.1362,5.25747,24.37902,1686.275,9000.0,7000.0,4.412,5.8767,1.247,1.0932,-0.86603,-0.5,3,5,3.3999,0.363504,0.624732,SIMULADO_CONTROLADO
0.73434,1.39009,31.69598,385.694,900.0,800.0,6.429,13.3246,1.125,1.0421,0.86603,0.5,0,0,2.6139,0.055111,0.075399,SIMULADO_CONTROLADO
2.24304,5.06969,26.54642,2134.874,1400.0,2500.0,4.984,13.3034,1.1981,1.0444,0.5,0.86603,0,2,3.5166,0.168606,0.263385,SIMULADO_CONTROLADO
7.65708,17.00847,27.01153,1471.779,1400.0,4000.0,6.011,12.3006,1.036,1.0637,-0.86603,0.5,0,14,2.9235,0.622495,0.871897,SIMULADO_CONTROLADO
2.84954,7.26186,23.54385,395.227,6500.0,800.0,6.244,9.2777,1.2983,0.9954,0.0,1.0,0,2,5.1824,0.307137,0.502139,SIMULADO_CONTROLADO
0.59541,0.63207,56.52028,619.068,900.0,800.0,5.756,10.6621,1.0,1.0502,-0.5,0.86603,2,0,3.9211,0.055844,0.064288,SIMULADO_CONTROLADO
0.88336,1.56069,33.96053,985.043,900.0,1200.0,1.704,15.4458,1.5193,1.0067,-0.86603,-0.5,2,1,4.6834,0.057191,0.098106,SIMULADO_CONTROLADO
1.94004,3.52743,32.99914,514.87,900.0,4000.0,4.005,14.4273,1.5181,1.1012,0.86603,-0.5,1,2,0.8958,0.13447,0.247739,SIMULADO_CONTROLADO
0.90234,1.69868,31.87216,590.083,9000.0,2500.0,3.222,9.0639,1.4212,1.0538,-0.25882,-0.96593,1,0,0.7641,0.099553,0.172417,SIMULADO_CONTROLADO
4.57305,18.5915,14.75852,240.148,900.0,1800.0,1.714,15.3112,1.3641,1.0662,0.96593,-0.25882,3,9,2.6317,0.298674,0.570643,SIMULADO_CONTROLADO
0.52467,0.71278,44.16561,1207.372,1400.0,4000.0,4.19,14.2491,1.1465,0.98,0.70711,-0.70711,1,0,4.0739,0.036821,0.049751,SIMULADO_CONTROLADO
2.86371,9.06517,18.95418,971.466,2800.0,1800.0,2.328,13.3024,1.3466,1.0668,-0.86603,-0.5,3,2,3.6161,0.215277,0.387813,SIMULADO_CONTROLADO
0.41387,1.42182,17.46505,4018.329,2200.0,7000.0,4.283,12.9859,1.1446,1.027,-0.70711,0.70711,3,1,0.9223,0.031871,0.048312,SIMULADO_CONTROLADO
1.91644,2.97284,38.67898,663.315,900.0,4000.0,5.532,15.7261,1.0,0.98,0.96593,0.25882,1,2,4.1392,0.121864,0.127507,SIMULADO_CONTROLADO
0.78559,1.72204,27.37187,358.957,2200.0,800.0,3.287,11.9867,1.4005,1.0393,0.0,-1.0,0,0,1.1815,0.065538,0.108442,SIMULADO_CONTROLADO
3.23885,7.48921,25.94814,487.974,6500.0,1200.0,6.234,6.894,1.3406,0.98,-0.86603,0.5,3,11,3.9151,0.469807,0.780381,SIMULADO_CONTROLADO
4.06706,4.72386,51.65758,405.101,2200.0,500.0,5.262,13.337,1.155,1.0625,0.0,1.0,2,6,3.1018,0.304946,0.450233,SIMULADO_CONTROLADO
2.55967,3.24851,47.27723,212.249,2800.0,800.0,5.463,12.05,1.0,1.0995,0.0,1.0,1,5,2.0272,0.212421,0.254863,SIMULADO_CONTROLADO
4.19469,4.45839,56.45115,199.69,2800.0,500.0,1.795,13.0523,1.0662,0.98,-0.5,-0.86603,2,4,1.3744,0.321375,0.391501,SIMULADO_CONTROLADO
0.11519,0.12077,57.22766,329.734,1400.0,500.0,6.192,12.729,1.0,1.0337,0.70711,0.70711,2,0,2.7797,0.00905,0.011135,SIMULADO_CONTROLADO
2.22184,6.54043,20.38248,180.317,900.0,500.0,1.383,16.5744,1.3112,1.0276,-0.25882,0.96593,3,6,2.6744,0.134053,0.222374,SIMULADO_CONTROLADO
2.83491,3.85182,44.15945,392.402,6500.0,2500.0,5.673,8.5294,1.0,0.98,0.5,0.86603,1,6,0.3022,0.332368,0.370394,SIMULADO_CONTROLADO
3.09845,7.85226,23.67559,278.959,9000.0,1200.0,1.357,6.5337,1.2059,1.0762,-0.96593,-0.25882,3,9,3.7644,0.474224,0.822056,SIMULADO_CONTROLADO
2.71686,7.60897,21.42364,578.468,2800.0,1800.0,2.061,13.5579,1.025,1.0632,0.96593,-0.25882,3,7,4.929,0.20039,0.264831,SIMULADO_CONTROLADO
3.14603,5.73259,32.92783,2935.837,6500.0,4000.0,2.871,9.1481,1.0,1.1262,-0.5,0.86603,0,6,4.3072,0.343898,0.498586,SIMULADO_CONTROLADO
2.20305,4.28146,30.87334,1614.259,2200.0,4000.0,5.11,13.0649,1.1981,1.0573,-0.86603,0.5,0,1,3.1616,0.168623,0.256063,SIMULADO_CONTROLADO
0.60152,0.73842,48.87665,117.069,9000.0,1800.0,5.967,4.9296,1.1066,0.9954,-0.96593,0.25882,2,1,1.5551,0.122023,0.153365,SIMULADO_CONTROLADO
1.26717,3.46711,21.92896,1017.752,2800.0,1800.0,4.732,10.6204,1.2941,1.0581,-0.70711,-0.70711,0,1,2.7708,0.119314,0.19391,SIMULADO_CONTROLADO
4.58886,6.2709,43.90619,1220.477,6500.0,2500.0,5.057,9.0311,1.0,1.0928,0.96593,0.25882,1,4,2.2239,0.508116,0.680655,SIMULADO_CONTROLADO
4.24657,6.73497,37.83148,1139.387,4200.0,1200.0,2.736,12.2272,1.0388,1.0141,0.5,0.86603,1,3,2.761,0.347304,0.458346,SIMULADO_CONTROLADO
2.79783,8.50717,19.73273,1042.676,9000.0,1800.0,6.369,6.8321,1.0,1.0734,1.0,0.0,3,4,4.4665,0.409513,0.567175,SIMULADO_CONTROLADO
3.28682,6.66453,29.59088,904.785,2800.0,1200.0,3.361,11.1081,1.0,0.98,0.25882,0.96593,3,3,2.2732,0.295895,0.387123,SIMULADO_CONTROLADO
3.91294,12.40983,18.91857,423.738,6500.0,800.0,6.038,7.6982,1.4477,1.1014,-1.0,-0.0,0,3,0.0,0.50829,1.010701,SIMULADO_CONTROLADO
2.77484,9.90165,16.81439,285.883,9000.0,800.0,5.33,5.325,1.4934,1.071,1.0,0.0,3,2,4.179,0.521096,1.100547,SIMULADO_CONTROLADO
4.5017,11.69528,23.09497,1058.025,6500.0,2500.0,3.147,8.6086,1.1748,0.98,0.5,-0.86603,0,7,3.3341,0.52293,0.699824,SIMULADO_CONTROLADO
4.40199,4.50722,58.59921,1561.942,2200.0,4000.0,3.019,11.5924,1.0282,1.0522,-0.5,-0.86603,2,6,2.8148,0.379731,0.453929,SIMULADO_CONTROLADO
9.21856,21.36423,25.8897,231.909,900.0,1200.0,4.801,12.6599,1.1122,0.98,-0.86603,-0.5,3,9,0.0338,0.72817,0.95832,SIMULADO_CONTROLADO
1.31242,4.30981,18.27119,306.699,2200.0,500.0,6.184,12.3416,1.2998,1.0075,-0.5,-0.86603,3,3,0.7521,0.106341,0.17681,SIMULADO_CONTROLADO
1.33262,3.45873,23.11753,443.681,4200.0,2500.0,4.763,10.0568,1.0777,1.0655,-0.96593,-0.25882,0,1,0.9977,0.13251,0.177302,SIMULADO_CONTROLADO
2.62851,8.09602,19.48002,6130.101,9000.0,7000.0,5.744,4.4233,1.198,1.0289,0.5,0.86603,3,5,1.2742,0.594236,1.021927,SIMULADO_CONTROLADO
6.74613,14.35944,28.18826,404.805,6500.0,1800.0,6.321,9.3719,1.158,1.0915,1.0,0.0,0,15,1.4708,0.719826,1.13416,SIMULADO_CONTROLADO
4.74084,5.44872,52.20498,291.646,4200.0,500.0,2.949,14.3214,1.069,1.0379,-1.0,-0.0,2,9,0.0184,0.331031,0.430864,SIMULADO_CONTROLADO
3.57287,5.43034,39.47677,265.146,2800.0,500.0,4.054,12.308,1.0758,1.0333,-0.96593,-0.25882,1,5,7.0185,0.290289,0.414558,SIMULADO_CONTROLADO
4.95823,8.34583,35.64579,940.585,9000.0,1800.0,4.428,4.2047,1.2069,1.0844,-0.70711,-0.70711,1,7,5.6544,1.179221,1.990701,SIMULADO_CONTROLADO
2.87125,5.23239,32.92466,1257.579,1400.0,7000.0,2.351,15.0177,1.0037,1.0198,-0.5,0.86603,0,1,3.082,0.19119,0.22185,SIMULADO_CONTROLADO
1.58581,4.729,20.12021,215.538,6500.0,500.0,5.427,5.5554,1.2323,1.0339,-0.25882,0.96593,3,3,2.4293,0.285453,0.457058,SIMULADO_CONTROLADO
7.84252,11.61113,40.52589,752.777,2800.0,4000.0,2.587,11.4155,1.0845,1.0398,0.5,0.86603,1,7,6.3357,0.687006,0.884704,SIMULADO_CONTROLADO
2.72275,3.83059,42.64754,2309.554,2800.0,4000.0,4.946,12.4705,1.1804,1.032,-0.25882,-0.96593,2,3,5.9099,0.218336,0.299575,SIMULADO_CONTROLADO
4.33758,6.40729,40.61859,223.497,2200.0,500.0,3.976,11.3502,1.3814,1.0872,-0.70711,0.70711,1,9,0.9462,0.382159,0.69209,SIMULADO_CONTROLADO
0.11379,0.19001,35.93137,389.836,4200.0,800.0,5.634,9.9093,1.1331,1.005,0.96593,-0.25882,1,0,3.0201,0.011483,0.016337,SIMULADO_CONTROLADO
0.15564,0.46832,19.93968,158.386,9000.0,500.0,3.911,4.4596,1.3072,0.9976,0.25882,0.96593,3,0,2.117,0.034899,0.057823,SIMULADO_CONTROLADO
2.2742,4.229,32.26586,733.073,2200.0,1800.0,4.309,12.9283,1.0,0.9872,0.5,0.86603,0,4,1.9344,0.175909,0.196695,SIMULADO_CONTROLADO
0.9027,1.104,49.06014,756.423,900.0,800.0,2.16,16.476,1.0847,0.98,-0.96593,-0.25882,2,1,2.1525,0.054789,0.073744,SIMULADO_CONTROLADO
2.43177,3.087,47.2647,4352.979,900.0,7000.0,5.483,12.8971,1.1644,1.1018,-0.5,0.86603,2,3,2.3201,0.188552,0.270297,SIMULADO_CONTROLADO
1.33106,2.79261,28.59826,83.725,1400.0,500.0,3.331,14.0776,1.4677,0.9945,-0.86603,-0.5,1,2,2.9425,0.094552,0.149889,SIMULADO_CONTROLADO
10.08044,15.77376,38.34385,1308.947,2200.0,2500.0,4.273,11.8983,1.0,1.0243,0.0,1.0,1,16,2.9544,0.847217,1.205548,SIMULADO_CONTROLADO
4.10625,8.81036,27.96424,2665.657,900.0,4000.0,5.684,12.6472,1.1446,1.1051,0.70711,-0.70711,0,7,5.5202,0.324677,0.576215,SIMULADO_CONTROLADO
5.27898,27.90874,11.34909,692.606,1400.0,800.0,3.741,12.919,1.3931,1.0286,0.86603,-0.5,3,3,0.8055,0.408621,0.781306,SIMULADO_CONTROLADO
0.20693,0.39821,31.17951,372.442,4200.0,800.0,2.655,12.5485,1.0344,1.0581,-0.70711,0.70711,3,0,4.5305,0.016491,0.022362,SIMULADO_CONTROLADO
3.53952,7.12268,29.81615,734.894,4200.0,4000.0,2.607,9.9308,1.1259,0.98,0.0,-1.0,0,3,0.2425,0.356418,0.43492,SIMULADO_CONTROLADO
1.73903,3.82387,27.28696,333.222,4200.0,500.0,4.202,10.5111,1.2131,1.0979,0.96593,0.25882,0,0,2.9974,0.165447,0.272344,SIMULADO_CONTROLADO
5.34603,17.55324,18.27366,903.798,4200.0,1800.0,2.743,12.0573,1.1895,1.0295,-0.25882,-0.96593,0,9,4.691,0.443387,0.657319,SIMULADO_CONTROLADO
3.18869,10.57106,18.09859,348.915,900.0,800.0,2.994,15.8443,1.4105,0.9892,-0.96593,-0.25882,0,7,3.695,0.201251,0.364726,SIMULADO_CONTROLADO
1.94285,4.50888,25.85361,55.504,9000.0,500.0,2.444,7.4287,1.2318,0.9891,-0.25882,-0.96593,3,5,1.8356,0.261532,0.358534,SIMULADO_CONTROLADO
0.66847,1.15185,34.82065,1222.179,2200.0,1800.0,3.565,13.1084,1.3724,1.111,0.5,-0.86603,3,0,3.0981,0.050996,0.092704,SIMULADO_CONTROLADO
2.24163,4.20409,31.99216,699.689,900.0,1800.0,3.67,13.7657,1.1024,1.0086,-0.96593,-0.25882,0,1,5.9698,0.162841,0.242866,SIMULADO_CONTROLADO
4.51919,4.76077,56.95542,924.626,6500.0,1200.0,3.987,9.8161,1.0415,0.9902,0.96593,-0.25882,2,4,1.2574,0.460387,0.596841,SIMULADO_CONTROLADO
5.55142,11.56825,28.79304,1805.108,2800.0,4000.0,4.342,11.2054,1.1239,1.0155,0.70711,0.70711,0,4,3.6898,0.495424,0.718123,SIMULADO_CONTROLADO
1.5024,2.33474,38.61001,241.107,2200.0,500.0,4.316,11.8352,1.0,1.037,-0.86603,0.5,1,0,4.5267,0.126944,0.148082,SIMULADO_CONTROLADO
9.0454,11.20633,48.4301,438.56,2200.0,1800.0,3.146,15.0071,1.2374,1.0418,-0.96593,-0.25882,2,4,1.6851,0.602741,0.815172,SIMULADO_CONTROLADO
4.28367,5.62723,45.67441,245.518,4200.0,800.0,5.974,10.5442,1.0983,1.055,-0.96593,-0.25882,2,4,6.1443,0.406259,0.547239,SIMULADO_CONTROLADO
0.92005,2.91921,18.91032,2672.116,2800.0,4000.0,3.912,12.9144,1.0525,1.0456,-0.70711,0.70711,3,0,6.8538,0.071242,0.112388,SIMULADO_CONTROLADO
0.73354,2.30388,19.10362,817.107,900.0,1800.0,5.61,14.2937,1.2398,1.0641,-0.96593,-0.25882,0,0,4.7975,0.051319,0.080355,SIMULADO_CONTROLADO
1.8274,3.23407,33.90289,1468.371,900.0,2500.0,4.154,14.1168,1.0,1.0227,0.0,1.0,0,3,4.8019,0.129449,0.173558,SIMULADO_CONTROLADO
1.49929,2.76801,32.49897,55.236,9000.0,500.0,3.164,4.8509,1.2833,1.1282,-0.86603,0.5,1,3,0.0,0.309078,0.500408,SIMULADO_CONTROLADO
2.88769,4.42355,39.16792,814.713,2800.0,1800.0,5.115,12.1997,1.0835,1.013,0.0,1.0,1,5,0.0,0.236701,0.298438,SIMULADO_CONTROLADO
2.06677,6.69601,18.51945,187.055,9000.0,500.0,2.138,7.0161,1.3455,1.0959,-0.86603,-0.5,3,2,2.3227,0.294577,0.532021,SIMULADO_CONTROLADO
1.60524,5.26792,18.28319,295.082,4200.0,1200.0,6.339,8.9164,1.0972,1.008,-0.25882,0.96593,3,1,1.1187,0.180032,0.226025,SIMULADO_CONTROLADO
0.44117,0.86444,30.62119,2481.974,6500.0,7000.0,4.233,7.2882,1.2611,0.98,0.70711,-0.70711,1,0,3.8143,0.060532,0.092984,SIMULADO_CONTROLADO
3.25789,10.53813,18.54914,1143.18,2200.0,4000.0,1.752,13.9557,1.1887,0.98,0.96593,-0.25882,3,10,0.0,0.233445,0.364946,SIMULADO_CONTROLADO
0.3996,0.88094,27.21645,221.865,6500.0,500.0,3.433,7.3257,1.279,1.0487,-0.5,0.86603,1,0,3.8008,0.054547,0.08647,SIMULADO_CONTROLADO
4.2932,5.76414,44.68866,500.789,4200.0,1200.0,4.976,10.3885,1.1776,1.0873,0.5,-0.86603,2,8,2.1309,0.413264,0.626366,SIMULADO_CONTROLADO
0.24069,0.38331,37.67477,3129.424,6500.0,7000.0,1.561,9.4807,1.0,0.9832,-0.5,0.86603,1,0,1.3622,0.025387,0.028267,SIMULADO_CONTROLADO
0.37316,0.89509,25.01378,438.222,1400.0,800.0,2.585,14.2936,1.3214,0.9955,0.96593,-0.25882,0,0,6.5038,0.026107,0.047622,SIMULADO_CONTROLADO
0.91612,2.24728,24.45945,1240.695,4200.0,4000.0,6.099,10.5386,1.146,1.0524,0.86603,0.5,3,2,1.8531,0.08693,0.126974,SIMULADO_CONTROLADO
1.39054,4.59739,18.14774,695.552,2200.0,1200.0,3.088,14.1568,1.2863,1.0349,-0.25882,-0.96593,0,0,0.0,0.098224,0.163263,SIMULADO_CONTROLADO
1.15879,3.10013,22.42735,717.024,9000.0,1800.0,2.044,6.2266,1.2704,1.0086,0.86603,-0.5,0,1,3.4596,0.186104,0.296917,SIMULADO_CONTROLADO
1.38549,2.28539,36.37415,2202.481,9000.0,7000.0,1.721,8.2691,1.0363,0.98,-0.96593,-0.25882,0,2,3.3026,0.16755,0.216665,SIMULADO_CONTROLADO
2.46798,3.9475,37.51207,1239.816,2200.0,2500.0,4.481,12.5203,1.0136,1.0489,0.96593,-0.25882,1,2,2.1347,0.197118,0.263849,SIMULADO_CONTROLADO
0.93608,2.20906,25.42465,441.204,900.0,800.0,4.158,16.3328,1.2649,1.0644,-1.0,-0.0,0,1,7.4377,0.057313,0.101393,SIMULADO_CONTROLADO
2.48506,5.43913,27.41312,354.444,1400.0,500.0,4.633,12.8126,1.1115,1.0571,0.86603,-0.5,0,4,2.9412,0.193954,0.305521,SIMULADO_CONTROLADO
0.11637,0.15061,46.36177,368.008,1400.0,800.0,6.278,10.8415,1.3098,1.0362,0.86603,-0.5,2,0,4.6311,0.010734,0.016547,SIMULADO_CONTROLADO
0.90369,2.32942,23.27667,456.99,900.0,1200.0,1.519,16.417,1.1315,0.9875,-0.96593,-0.25882,3,3,3.1784,0.055046,0.077849,SIMULADO_CONTROLADO
0.35188,1.00836,20.93778,88.03,9000.0,500.0,2.248,7.4993,1.3237,1.0492,1.0,0.0,0,0,5.1682,0.046922,0.074782,SIMULADO_CONTROLADO
4.25945,7.41277,34.47657,2951.117,2800.0,7000.0,2.439,14.5443,1.2277,1.0458,1.0,0.0,1,9,1.8052,0.29286,0.443458,SIMULADO_CONTROLADO
1.05364,1.37647,45.92791,416.55,1400.0,500.0,3.464,14.413,1.2061,0.98,-0.25882,-0.96593,2,1,0.2668,0.073104,0.098961,SIMULADO_CONTROLADO
3.11462,8.3587,22.35722,959.66,4200.0,1800.0,1.841,14.7794,1.1002,1.0214,0.96593,-0.25882,3,11,4.1081,0.210741,0.329487,SIMULADO_CONTROLADO
0.28031,0.4136,40.66453,3876.705,2200.0,7000.0,3.372,13.0558,1.1972,1.0515,0.70711,-0.70711,2,0,3.1285,0.02147,0.032763,SIMULADO_CONTROLADO
5.49012,14.02978,23.47913,742.247,1400.0,1200.0,5.526,14.3689,1.3509,1.0315,0.86603,-0.5,3,12,4.17,0.382082,0.729879,SIMULADO_CONTROLADO
2.16048,2.4911,52.03676,829.584,2800.0,1800.0,2.067,12.6391,1.1513,0.98,-0.5,-0.86603,2,4,1.2049,0.170936,0.199252,SIMULADO_CONTROLADO
1.97403,4.00703,29.55851,232.793,4200.0,500.0,6.058,10.6641,1.245,1.0062,0.86603,-0.5,1,1,3.5084,0.18511,0.279435,SIMULADO_CONTROLADO
0.44723,1.09549,24.49484,529.15,4200.0,4000.0,6.03,10.9003,1.1674,1.0032,-0.5,-0.86603,0,0,0.0,0.041029,0.056175,SIMULADO_CONTROLADO
0.80087,2.36858,20.28724,2286.556,1400.0,7000.0,3.919,14.8356,1.1799,1.0602,0.96593,0.25882,3,1,1.4924,0.053983,0.080625,SIMULADO_CONTROLADO
1.64719,7.72937,12.78648,2545.917,4200.0,4000.0,5.759,11.1401,1.4357,1.1519,-0.70711,0.70711,3,3,1.0202,0.147861,0.301786,SIMULADO_CONTROLADO
0.83087,3.38725,14.71762,629.151,6500.0,800.0,4.971,4.379,1.3523,1.041,-0.5,0.86603,0,1,3.5415,0.18974,0.349172,SIMULADO_CONTROLADO
3.97269,5.39063,44.21776,487.107,4200.0,1200.0,3.091,11.3268,1.1727,0.9811,0.0,1.0,2,3,1.4831,0.350735,0.446675,SIMULADO_CONTROLADO
2.1106,5.34476,23.69344,1310.899,9000.0,4000.0,4.177,5.4301,1.1943,1.0278,0.5,0.86603,0,3,0.0,0.388685,0.572411,SIMULADO_CONTROLADO
0.84081,1.07956,46.73097,1719.874,9000.0,4000.0,1.818,6.7284,1.0477,1.0355,0.5,0.86603,2,0,1.3067,0.124965,0.157756,SIMULADO_CONTROLADO
3.55679,9.36556,22.78639,791.097,2800.0,1200.0,3.828,12.1375,1.1323,1.069,0.86603,0.5,3,10,3.7568,0.293041,0.482241,SIMULADO_CONTROLADO
1.47209,2.99866,29.45499,4190.261,2200.0,7000.0,5.599,13.4535,1.2095,1.0909,-1.0,-0.0,0,2,2.7753,0.109421,0.18557,SIMULADO_CONTROLADO
3.44345,5.77544,35.77342,396.995,2800.0,800.0,4.302,12.5073,1.2961,1.0976,0.96593,0.25882,1,2,0.9353,0.275316,0.470714,SIMULADO_CONTROLADO
1.2803,3.34966,22.93304,1687.602,2800.0,4000.0,3.225,12.1398,1.2799,1.0592,-0.5,-0.86603,0,0,4.2623,0.105463,0.17201,SIMULADO_CONTROLADO
2.9609,3.72922,47.63835,274.738,1400.0,1800.0,4.717,11.7155,1.0,1.035,1.0,0.0,2,4,5.7874,0.252734,0.286534,SIMULADO_CONTROLADO
1.42904,3.9232,21.85519,1124.059,9000.0,2500.0,6.377,6.9699,1.3163,1.1018,0.25882,0.96593,3,1,4.4085,0.205031,0.384284,SIMULADO_CONTROLADO
3.97367,8.90683,26.76824,1288.617,2800.0,2500.0,1.558,12.7223,1.1458,1.0194,0.5,0.86603,0,6,0.0,0.312339,0.428496,SIMULADO_CONTROLADO
0.28825,0.39658,43.61017,694.346,900.0,1800.0,2.951,14.6152,1.0021,1.0375,-0.5,0.86603,1,0,2.998,0.019722,0.02191,SIMULADO_CONTROLADO
0.6146,1.4215,25.94183,1653.639,9000.0,4000.0,2.026,9.6547,1.3738,1.024,-0.25882,-0.96593,3,0,2.2021,0.063658,0.114601,SIMULADO_CONTROLADO
1.76991,3.95848,26.82718,3486.702,9000.0,4000.0,6.272,4.4336,1.3941,0.98,-0.70711,-0.70711,1,2,0.0,0.399209,0.714495,SIMULADO_CONTROLADO
1.09689,4.89139,13.455,1097.312,2800.0,4000.0,4.093,12.0272,1.2022,1.0922,0.86603,0.5,0,2,0.0,0.091201,0.136109,SIMULADO_CONTROLADO
1.39224,2.90368,28.76857,321.477,9000.0,500.0,1.887,7.4294,1.2734,1.0654,0.25882,-0.96593,1,3,4.178,0.187398,0.326697,SIMULADO_CONTROLADO
3.21074,4.29824,44.81941,603.059,9000.0,1200.0,4.445,4.2,1.2828,0.98,-0.70711,-0.70711,2,1,2.8899,0.764462,1.086047,SIMULADO_CONTROLADO
1.36743,2.05798,39.86702,3109.603,9000.0,4000.0,3.852,4.2003,1.3833,1.0801,-1.0,-0.0,2,2,2.6693,0.325551,0.61641,SIMULADO_CONTROLADO
2.55192,5.46057,28.04016,4197.866,9000.0,7000.0,1.514,6.7406,1.2765,1.0213,-0.70711,-0.70711,1,2,1.1348,0.378591,0.57073,SIMULADO_CONTROLADO
0.89769,2.7877,19.32113,204.574,900.0,1200.0,5.782,12.9617,1.0,1.0795,-0.5,-0.86603,3,2,4.7728,0.069257,0.087358,SIMULADO_CONTROLADO
0.21494,0.3612,35.70436,3202.331,900.0,4000.0,4.959,14.0296,1.4816,1.0384,-0.5,-0.86603,2,0,0.0,0.01532,0.027719,SIMULADO_CONTROLADO
3.42831,7.73809,26.58258,1028.363,4200.0,1800.0,1.228,11.0739,1.3305,0.98,0.86603,-0.5,1,2,0.6354,0.309584,0.483962,SIMULADO_CONTROLADO
6.34042,15.05835,25.26339,670.9,6500.0,800.0,6.286,8.192,1.0785,1.0362,-0.86603,-0.5,3,13,1.8327,0.773981,1.22788,SIMULADO_CONTROLADO
2.35612,6.05317,23.35429,2247.146,6500.0,7000.0,2.044,6.9921,1.0,0.9946,0.96593,-0.25882,3,2,0.0,0.33697,0.435221,SIMULADO_CONTROLADO
1.84861,3.53897,31.34147,579.589,4200.0,1800.0,1.201,12.175,1.2408,0.98,-0.96593,-0.25882,1,2,0.6485,0.151836,0.226104,SIMULADO_CONTROLADO
2.17056,5.45796,23.86118,2358.166,2200.0,2500.0,3.465,13.6732,1.1155,1.074,0.5,-0.86603,0,2,4.7293,0.158746,0.234718,SIMULADO_CONTROLADO
4.98367,6.44411,46.40212,766.282,9000.0,1200.0,1.946,7.5184,1.2128,1.0526,-0.25882,-0.96593,2,11,0.727,0.662866,1.032656,SIMULADO_CONTROLADO
2.37755,3.30409,43.17463,486.322,4200.0,500.0,4.222,10.7049,1.2789,1.1024,0.25882,-0.96593,2,3,4.1398,0.2221,0.383037,SIMULADO_CONTROLADO
3.54764,7.3751,28.86175,715.104,4200.0,1800.0,2.851,10.7248,1.0694,1.0173,-0.25882,-0.96593,0,6,3.8334,0.330787,0.427009,SIMULADO_CONTROLADO
3.43676,3.70071,55.72052,3344.577,1400.0,4000.0,2.181,14.3881,1.0,0.9917,-0.96593,-0.25882,2,2,2.1463,0.238861,0.290922,SIMULADO_CONTROLADO
4.21012,12.52144,20.17399,735.434,6500.0,1200.0,6.422,9.0907,1.2217,1.0637,1.0,0.0,3,16,0.0,0.463124,0.768482,SIMULADO_CONTROLADO
1.81677,4.5833,23.78334,3090.227,900.0,7000.0,2.963,14.0471,1.0747,0.9975,0.25882,-0.96593,0,2,2.6332,0.129334,0.160471,SIMULADO_CONTROLADO
1.26541,1.74317,43.5557,1510.712,9000.0,4000.0,3.398,7.6446,1.1834,1.021,0.70711,-0.70711,2,0,0.0,0.165531,0.233549,SIMULADO_CONTROLADO
2.985,6.30162,28.4213,662.883,6500.0,2500.0,2.759,10.6229,1.0,1.0586,0.0,1.0,0,4,1.3893,0.280996,0.336251,SIMULADO_CONTROLADO
4.00492,4.18755,57.38324,2970.59,4200.0,4000.0,5.636,8.1807,1.1197,1.0293,-0.86603,0.5,2,4,3.0108,0.489556,0.667458,SIMULADO_CONTROLADO
4.5418,9.88725,27.56154,5542.284,9000.0,7000.0,2.243,6.8369,1.2744,1.013,-0.86603,-0.5,1,4,4.326,0.664308,1.11656,SIMULADO_CONTROLADO
5.40494,14.61361,22.19141,2392.991,9000.0,4000.0,1.877,5.9822,1.2569,0.98,0.25882,0.96593,0,5,2.1813,0.903497,1.43082,SIMULADO_CONTROLADO
3.75576,9.16999,24.57423,2384.067,900.0,4000.0,5.872,11.6555,1.0339,1.0772,0.25882,0.96593,3,7,1.2233,0.32223,0.430806,SIMULADO_CONTROLADO
1.20543,2.51248,28.78667,1745.104,1400.0,2500.0,2.172,15.5731,1.0,1.0184,-0.5,0.86603,0,1,1.0552,0.077405,0.097208,SIMULADO_CONTROLADO
2.35399,2.73684,51.6068,2270.487,900.0,7000.0,5.747,14.0818,1.1625,1.0628,-0.86603,0.5,2,4,1.5166,0.167165,0.229397,SIMULADO_CONTROLADO
2.19789,5.7914,22.77052,445.858,2200.0,500.0,4.264,13.1972,1.2498,1.0569,-0.96593,-0.25882,0,1,3.8107,0.166542,0.289429,SIMULADO_CONTROLADO
2.01706,6.215,19.47286,1076.141,4200.0,1200.0,5.564,8.9937,1.2248,1.0841,-0.86603,-0.5,3,2,3.2352,0.224276,0.424946,SIMULADO_CONTROLADO
2.98938,3.30463,54.27635,5429.171,1400.0,7000.0,1.572,15.1452,1.0781,1.0244,-0.86603,0.5,2,1,2.4538,0.197381,0.257767,SIMULADO_CONTROLADO
1.68473,3.61736,27.94418,271.45,900.0,1800.0,6.307,11.6892,1.2077,1.0194,-0.5,-0.86603,3,3,3.8231,0.144127,0.210129,SIMULADO_CONTROLADO
1.68673,2.84106,35.62192,246.389,4200.0,500.0,2.789,11.6378,1.4004,0.9851,0.0,1.0,1,1,2.5011,0.144936,0.23768,SIMULADO_CONTROLADO
6.5997,11.42345,34.66397,1965.21,4200.0,4000.0,1.511,11.3263,1.1928,1.0106,0.5,-0.86603,1,2,0.0,0.582688,0.77305,SIMULADO_CONTROLADO
1.89349,2.07309,54.80194,233.149,2200.0,2500.0,5.254,13.6967,1.0,1.0504,0.96593,-0.25882,2,1,0.1683,0.138244,0.152904,SIMULADO_CONTROLADO
4.18902,11.88316,21.15103,884.605,6500.0,7000.0,2.146,9.0986,1.1925,0.9982,0.86603,0.5,3,15,3.7635,0.460402,0.722528,SIMULADO_CONTROLADO
4.35839,15.02893,17.4,136.695,4200.0,500.0,3.061,11.7001,1.487,1.0492,-0.86603,0.5,3,2,0.0,0.372509,0.662916,SIMULADO_CONTROLADO
2.40351,5.41929,26.61061,371.979,2200.0,800.0,4.352,13.1218,1.0,1.101,-0.70711,-0.70711,0,1,1.7,0.18317,0.232299,SIMULADO_CONTROLADO
1.741,2.04958,50.96657,708.306,900.0,1800.0,1.564,15.3054,1.1648,1.015,-0.70711,0.70711,2,2,2.2603,0.113751,0.149877,SIMULADO_CONTROLADO
0.93233,2.03256,27.5219,632.182,6500.0,800.0,2.27,9.6048,1.1238,0.98,0.5,0.86603,0,1,0.3299,0.097069,0.135286,SIMULADO_CONTROLADO
0.39269,0.66268,35.55488,89.152,4200.0,1800.0,3.792,11.4581,1.1753,1.0164,-0.25882,0.96593,1,0,0.0,0.034272,0.042574,SIMULADO_CONTROLADO
3.14595,11.86797,15.90477,964.767,900.0,1200.0,3.436,13.4781,1.1911,0.98,-0.5,-0.86603,3,11,0.033,0.233412,0.365011,SIMULADO_CONTROLADO
2.70048,5.13782,31.5365,158.393,1400.0,800.0,4.155,14.2137,1.3424,1.095,-0.25882,-0.96593,1,4,0.0,0.189991,0.298445,SIMULADO_CONTROLADO
3.48483,15.22894,13.72976,1093.559,2200.0,4000.0,5.062,13.5588,1.1736,1.0388,0.86603,0.5,3,7,3.7844,0.257015,0.397876,SIMULADO_CONTROLADO
1.3363,2.81751,28.45703,355.213,1400.0,500.0,3.071,14.6949,1.3644,1.0022,-0.5,-0.86603,1,1,3.3347,0.090936,0.159496,SIMULADO_CONTROLADO
7.04758,17.59235,24.0363,2207.884,6500.0,7000.0,3.343,8.5705,1.1412,1.0098,-0.5,-0.86603,0,14,0.9048,0.822309,1.194733,SIMULADO_CONTROLADO
2.87848,4.40671,39.19221,325.711,9000.0,800.0,2.644,7.0197,1.104,0.9818,-0.86603,-0.5,1,1,0.0,0.41006,0.535058,SIMULADO_CONTROLADO
1.83697,1.84451,59.75456,937.264,900.0,2500.0,3.0,14.3133,1.0529,1.0805,0.70711,0.70711,2,4,4.9492,0.12834,0.162013,SIMULADO_CONTROLADO
0.19677,0.43266,27.28763,2714.677,1400.0,7000.0,1.47,14.7958,1.0,1.1177,-0.70711,-0.70711,3,0,3.4247,0.013299,0.017406,SIMULADO_CONTROLADO
1.46713,1.71028,51.46993,266.916,1400.0,500.0,4.275,12.2512,1.2041,0.98,0.5,0.86603,2,1,1.1958,0.119754,0.151554,SIMULADO_CONTROLADO
3.60298,11.15778,19.3747,5089.653,9000.0,7000.0,2.116,8.704,1.4886,1.0819,0.25882,0.96593,3,5,4.993,0.413945,0.89852,SIMULADO_CONTROLADO
5.31059,12.86337,24.77074,329.225,4200.0,1200.0,4.996,12.8742,1.2333,1.0239,0.25882,-0.96593,3,14,2.789,0.412497,0.664378,SIMULADO_CONTROLADO
2.0722,4.5853,27.11542,3127.008,9000.0,4000.0,1.424,6.5147,1.2699,1.092,0.5,0.86603,3,6,3.1678,0.318084,0.63266,SIMULADO_CONTROLADO
5.90244,7.47921,47.35078,2574.482,1400.0,4000.0,1.517,15.8606,1.0939,0.98,-0.96593,-0.25882,2,9,0.3119,0.372145,0.509365,SIMULADO_CONTROLADO
0.86724,1.51787,34.28125,120.684,900.0,800.0,2.709,16.6305,1.1209,1.0451,0.25882,-0.96593,1,0,0.0,0.052148,0.06243,SIMULADO_CONTROLADO
2.76109,4.79456,34.55277,463.179,2800.0,1200.0,3.524,11.4653,1.3175,1.0166,0.96593,0.25882,1,5,0.0,0.240822,0.360401,SIMULADO_CONTROLADO
2.81881,8.35759,20.23652,5828.74,6500.0,7000.0,4.876,5.7156,1.4814,1.0647,1.0,0.0,0,6,6.8744,0.493176,1.069183,SIMULADO_CONTROLADO
3.16421,6.13958,30.92279,242.828,6500.0,500.0,4.869,10.1293,1.3981,1.0378,0.25882,-0.96593,1,2,0.7621,0.312382,0.532378,SIMULADO_CONTROLADO
2.29696,7.48903,18.40263,286.243,2800.0,500.0,6.359,11.3261,1.2888,1.036,-0.5,-0.86603,3,3,2.6369,0.202803,0.349485,SIMULADO_CONTROLADO
2.65072,4.72679,33.64716,651.413,1400.0,1200.0,3.064,13.5979,1.1656,1.0302,-0.96593,0.25882,1,3,3.4652,0.194935,0.286217,SIMULADO_CONTROLADO
0.84765,1.60855,31.61805,2160.681,900.0,2500.0,1.515,15.4753,1.1936,1.1053,-0.25882,-0.96593,0,1,2.4563,0.054775,0.089995,SIMULADO_CONTROLADO
4.96833,6.14465,48.51372,1530.333,2800.0,4000.0,5.765,11.163,1.0394,1.0271,-0.25882,-0.96593,2,3,2.1761,0.445072,0.549597,SIMULADO_CONTROLADO
3.90565,8.446,27.74557,886.413,2800.0,1800.0,5.072,15.4688,1.0,1.0739,-0.5,-0.86603,3,3,2.1292,0.252486,0.333225,SIMULADO_CONTROLADO
2.57397,5.69947,27.09691,1366.384,900.0,1800.0,1.561,14.7607,1.0,1.0633,-0.5,-0.86603,3,6,3.5079,0.17438,0.24154,SIMULADO_CONTROLADO
3.96978,8.03495,29.64384,6075.741,9000.0,7000.0,1.642,7.654,1.168,1.075,0.86603,-0.5,1,7,0.3164,0.518652,0.886364,SIMULADO_CONTROLADO
5.07657,8.85367,34.40319,280.905,4200.0,800.0,3.726,12.6739,1.1133,0.9893,0.96593,0.25882,1,5,1.5749,0.400553,0.508328,SIMULADO_CONTROLADO
3.1312,3.58882,52.34924,2225.179,2200.0,7000.0,3.011,14.9901,1.0,1.0668,0.0,-1.0,2,4,0.0,0.208884,0.226054,SIMULADO_CONTROLADO
7.5544,16.04233,28.25423,648.988,2200.0,1200.0,4.361,14.1528,1.154,1.0502,0.5,0.86603,0,15,0.0,0.533773,0.803547,SIMULADO_CONTROLADO
3.3204,5.47287,36.40207,165.641,2200.0,800.0,2.362,13.2265,1.1091,0.9815,0.96593,0.25882,1,1,0.0,0.251041,0.294776,SIMULADO_CONTROLADO
0.97704,1.97664,29.65764,695.319,9000.0,7000.0,6.284,4.9895,1.0,1.0254,0.70711,0.70711,0,1,4.2929,0.195821,0.250413,SIMULADO_CONTROLADO
2.47819,8.80832,16.88076,1001.851,6500.0,2500.0,3.914,6.1292,1.1008,1.1382,0.25882,-0.96593,3,3,1.9273,0.404324,0.620183,SIMULADO_CONTROLADO
4.07826,4.15347,58.91364,1351.783,900.0,1800.0,5.179,13.6801,1.1086,1.0174,-0.25882,0.96593,2,7,3.9646,0.298116,0.419974,SIMULADO_CONTROLADO
5.0799,12.78502,23.83995,180.051,2200.0,1200.0,1.867,13.9994,1.0613,1.0185,-0.70711,0.70711,3,14,3.3083,0.362867,0.492442,SIMULADO_CONTROLADO
2.33419,6.63585,21.10525,748.035,6500.0,1800.0,4.47,9.3787,1.3083,1.0553,0.5,0.86603,3,7,3.0462,0.248882,0.462239,SIMULADO_CONTROLADO
0.90692,2.38271,22.8375,1277.99,2200.0,4000.0,5.785,14.3511,1.0,1.0107,-0.96593,0.25882,3,2,0.5174,0.063195,0.077366,SIMULADO_CONTROLADO
1.71077,3.74765,27.38949,660.454,6500.0,800.0,1.322,10.7587,1.0,1.0413,0.70711,0.70711,0,1,2.6574,0.159012,0.221098,SIMULADO_CONTROLADO
0.56555,1.16239,29.1927,355.036,2800.0,800.0,4.062,13.6569,1.1605,1.0148,-0.70711,0.70711,3,1,3.0344,0.041412,0.062695,SIMULADO_CONTROLADO
3.56675,11.98453,17.85677,396.082,6500.0,1200.0,2.508,9.3505,1.1754,1.0531,0.86603,0.5,0,4,7.1214,0.38145,0.618893,SIMULADO_CONTROLADO
1.45183,2.46007,35.40942,970.574,2800.0,1800.0,3.735,14.0602,1.2247,1.0322,0.70711,0.70711,1,2,1.7734,0.103258,0.158963,SIMULADO_CONTROLADO
1.12176,1.45131,46.37566,2601.788,6500.0,4000.0,5.525,8.0272,1.0738,1.1228,-1.0,-0.0,2,2,4.0377,0.139745,0.214276,SIMULADO_CONTROLADO
3.8153,5.74657,39.83559,226.86,2800.0,800.0,4.857,13.3829,1.0131,1.0371,-0.96593,0.25882,1,5,2.2399,0.285088,0.364766,SIMULADO_CONTROLADO
5.82309,14.97206,23.33582,376.969,1400.0,4000.0,5.199,14.2259,1.1588,1.025,0.70711,-0.70711,0,9,1.0253,0.409329,0.569651,SIMULADO_CONTROLADO
1.11743,2.84147,23.59551,2561.275,9000.0,7000.0,2.322,7.4264,1.0893,1.0813,-0.25882,-0.96593,0,0,4.326,0.150467,0.198804,SIMULADO_CONTROLADO
2.3458,7.8651,17.89529,1527.453,2200.0,1800.0,5.612,10.4256,1.4082,0.98,-1.0,-0.0,3,5,6.4723,0.225005,0.457029,SIMULADO_CONTROLADO
1.76917,3.84187,27.62979,6056.632,900.0,7000.0,4.454,15.4076,1.1081,1.1111,-0.86603,0.5,1,3,3.0502,0.114824,0.174211,SIMULADO_CONTROLADO
5.23984,8.92838,35.21252,2632.407,2200.0,7000.0,1.567,14.5485,1.1515,0.9905,0.5,-0.86603,1,10,1.0656,0.360164,0.49575,SIMULADO_CONTROLADO
1.93498,7.39248,15.70499,2112.552,2200.0,4000.0,5.772,13.0455,1.5561,1.0887,-1.0,-0.0,3,7,3.4817,0.148325,0.351979,SIMULADO_CONTROLADO
0.82817,2.35064,21.13889,686.96,1400.0,1200.0,1.496,15.3033,1.1288,1.1005,-0.96593,0.25882,0,1,3.0868,0.054117,0.081843,SIMULADO_CONTROLADO
2.00826,4.62215,26.06913,345.414,9000.0,1200.0,1.352,7.9745,1.249,1.0113,-0.96593,0.25882,3,4,7.1547,0.251835,0.474431,SIMULADO_CONTROLADO
4.51429,15.55766,17.40989,2286.753,2800.0,7000.0,5.619,13.2323,1.2634,1.0157,-0.70711,0.70711,3,15,4.0586,0.341157,0.581726,SIMULADO_CONTROLADO
1.68652,2.40251,42.11894,895.275,2200.0,1800.0,1.269,13.6602,1.277,1.0301,-0.86603,0.5,2,3,0.5395,0.123462,0.171723,SIMULADO_CONTROLADO
1.22351,3.26266,22.50019,323.271,4200.0,500.0,1.669,12.6103,1.2063,1.063,0.5,-0.86603,0,1,5.1769,0.097025,0.150157,SIMULADO_CONTROLADO
1.86688,4.50533,24.86235,1985.101,4200.0,4000.0,1.29,11.2866,1.191,0.9901,0.96593,-0.25882,0,0,4.1283,0.165406,0.229267,SIMULADO_CONTROLADO
0.85373,1.25103,40.94524,989.443,2800.0,1200.0,5.865,12.2526,1.1761,1.0301,-0.25882,0.96593,1,2,4.4643,0.069678,0.108176,SIMULADO_CONTROLADO
1.76733,1.72709,61.39786,3838.628,9000.0,7000.0,1.437,7.6549,1.0678,1.0209,0.5,-0.86603,2,4,3.4343,0.230874,0.297028,SIMULADO_CONTROLADO
1.30514,2.82362,27.73334,1126.018,9000.0,4000.0,3.175,5.814,1.2121,0.9832,-0.5,0.86603,0,1,4.6174,0.224483,0.313729,SIMULADO_CONTROLADO
8.46825,15.56533,32.64274,120.898,2800.0,500.0,2.35,13.2549,1.4846,0.988,-0.25882,0.96593,1,9,3.4253,0.638878,1.062869,SIMULADO_CONTROLADO
0.26528,0.54835,29.02704,4881.589,4200.0,7000.0,3.011,10.7627,1.3537,1.0408,0.0,1.0,0,0,1.9658,0.024648,0.042128,SIMULADO_CONTROLADO
0.9731,1.25557,46.50167,4713.49,900.0,7000.0,2.74,14.4133,1.2086,1.04,0.70711,0.70711,2,0,2.7819,0.067514,0.098675,SIMULADO_CONTROLADO
1.22269,2.49423,29.4125,891.132,2800.0,4000.0,5.906,11.9682,1.2969,1.0006,-0.25882,-0.96593,0,2,2.2565,0.102162,0.141376,SIMULADO_CONTROLADO
0.85928,0.90384,57.04196,541.221,2800.0,800.0,5.274,12.1487,1.0209,1.0386,0.5,0.86603,2,1,3.2169,0.07073,0.083803,SIMULADO_CONTROLADO
2.78092,6.08917,27.40195,1559.36,2200.0,2500.0,5.891,9.8447,1.1183,1.0059,-0.70711,-0.70711,0,4,2.6668,0.28248,0.397824,SIMULADO_CONTROLADO
1.09967,2.71823,24.27322,3914.242,6500.0,7000.0,5.016,8.6873,1.3117,1.0938,0.0,1.0,0,1,1.8394,0.126584,0.216911,SIMULADO_CONTROLADO
0.50267,2.12781,14.17438,3488.403,4200.0,4000.0,2.951,11.1081,1.3979,1.0304,-0.86603,0.5,0,0,2.1186,0.045253,0.084117,SIMULADO_CONTROLADO
2.18974,5.19628,25.28435,1478.692,2800.0,1800.0,2.185,12.7196,1.0367,1.0844,0.5,-0.86603,3,6,2.4924,0.172155,0.255257,SIMULADO_CONTROLADO
1.60836,4.48105,21.53541,840.355,2800.0,2500.0,4.008,11.0439,1.0826,0.98,-0.86603,-0.5,0,3,0.0,0.145633,0.185777,SIMULADO_CONTROLADO
1.14642,3.22457,21.33155,770.053,4200.0,1200.0,3.09,11.3549,1.509,1.0495,0.25882,-0.96593,1,1,4.6513,0.100963,0.195611,SIMULADO_CONTROLADO
5.15136,6.49822,47.56402,715.977,1400.0,800.0,4.61,12.8978,1.1754,1.0618,-0.86603,-0.5,2,5,3.2307,0.399397,0.636673,SIMULADO_CONTROLADO
2.84977,5.11485,33.42931,1682.485,1400.0,2500.0,1.406,16.4954,1.4517,1.0288,-0.86603,-0.5,2,1,1.2159,0.172761,0.297069,SIMULADO_CONTROLADO
2.62132,3.41392,46.07005,1236.88,2800.0,1800.0,4.979,9.8602,1.1931,1.0108,1.0,0.0,2,5,3.7415,0.265848,0.391281,SIMULADO_CONTROLADO
2.89604,8.12061,21.39769,618.266,2200.0,800.0,2.788,12.3888,1.1994,1.0281,-0.96593,0.25882,3,9,1.433,0.233762,0.395829,SIMULADO_CONTROLADO
2.78899,4.34289,38.53185,255.328,4200.0,2500.0,3.65,9.9196,1.1111,1.0684,-0.96593,0.25882,1,3,1.4329,0.28116,0.396719,SIMULADO_CONTROLADO
1.67597,6.50623,15.45571,691.837,9000.0,1200.0,6.387,5.4364,1.3108,0.9805,0.96593,-0.25882,3,2,3.2867,0.308287,0.553489,SIMULADO_CONTROLADO
1.11007,1.95375,34.09041,1403.385,2200.0,2500.0,2.343,15.1536,1.3772,1.0665,0.25882,0.96593,1,1,5.5043,0.073254,0.12391,SIMULADO_CONTROLADO
2.22677,5.42165,24.64306,715.183,4200.0,1200.0,1.824,12.5831,1.0,1.0493,0.5,-0.86603,3,6,3.0877,0.176964,0.225084,SIMULADO_CONTROLADO
1.65107,1.91982,51.60084,3190.979,1400.0,7000.0,2.312,13.246,1.1036,1.0233,-0.70711,-0.70711,2,3,0.8707,0.124647,0.155189,SIMULADO_CONTROLADO
0.2605,0.41887,37.31427,2203.153,6500.0,4000.0,3.063,8.6066,1.3064,1.0252,-1.0,-0.0,2,0,1.7612,0.030267,0.051329,SIMULADO_CONTROLADO
0.78938,2.23087,21.23052,904.11,1400.0,1800.0,4.042,12.8101,1.1393,1.0378,0.86603,0.5,3,2,4.283,0.061622,0.088117,SIMULADO_CONTROLADO
1.48525,3.23882,27.51466,1928.076,2800.0,2500.0,6.395,11.9314,1.0811,1.1096,0.25882,-0.96593,3,3,3.349,0.124482,0.190271,SIMULADO_CONTROLADO
3.87271,10.19213,22.79822,65.241,2200.0,800.0,5.81,11.6458,1.3215,1.0507,-1.0,-0.0,3,10,4.5149,0.33254,0.586061,SIMULADO_CONTROLADO
2.2342,3.53126,37.96148,1248.57,6500.0,7000.0,4.989,6.5595,1.3366,0.9926,0.0,-1.0,2,1,3.3263,0.340607,0.510176,SIMULADO_CONTROLADO
0.93978,2.22084,25.38985,320.283,1400.0,800.0,5.019,14.0432,1.0881,1.0154,-1.0,-0.0,0,0,4.1187,0.066921,0.085024,SIMULADO_CONTROLADO
0.72454,1.39238,31.22176,1907.402,1400.0,7000.0,2.704,15.8991,1.194,0.9835,-0.86603,-0.5,1,0,6.7273,0.045571,0.059069,SIMULADO_CONTROLADO
4.45779,9.77073,27.37435,1904.262,6500.0,4000.0,6.118,7.5324,1.0,0.98,0.86603,0.5,0,5,0.0,0.591816,0.677455,SIMULADO_CONTROLADO
1.73924,5.49451,18.99253,491.645,2800.0,800.0,4.06,12.5176,1.0167,0.9827,0.96593,0.25882,3,6,7.555,0.138943,0.191482,SIMULADO_CONTROLADO
0.08,0.19297,24.8739,340.916,4200.0,500.0,2.061,10.0648,1.1799,1.0404,-0.96593,0.25882,0,0,4.4666,0.007948,0.012801,SIMULADO_CONTROLADO
1.82948,3.88108,28.28307,3472.054,6500.0,4000.0,6.237,5.2224,1.165,1.0923,-0.86603,-0.5,0,4,8.0124,0.350312,0.607714,SIMULADO_CONTROLADO
3.30637,7.4296,26.70163,2625.881,2200.0,7000.0,3.885,10.833,1.0053,1.0798,-0.86603,0.5,0,5,0.4352,0.305212,0.382349,SIMULADO_CONTROLADO
0.7026,0.80686,52.24679,1922.456,1400.0,4000.0,2.024,14.6354,1.0454,0.983,0.96593,-0.25882,2,0,3.3031,0.048006,0.059155,SIMULADO_CONTROLADO
2.10649,2.33544,54.11801,322.082,9000.0,500.0,5.097,5.3369,1.0,0.9991,0.25882,0.96593,2,3,2.8347,0.3947,0.495323,SIMULADO_CONTROLADO
2.26148,5.53846,24.49936,906.897,900.0,2500.0,2.439,15.6579,1.2328,0.9928,0.96593,0.25882,3,6,4.3554,0.144431,0.22835,SIMULADO_CONTROLADO
0.74521,1.13043,39.55363,806.478,4200.0,1200.0,2.195,11.5752,1.0,0.98,0.5,-0.86603,1,1,3.4865,0.06438,0.077789,SIMULADO_CONTROLADO
4.73781,7.16057,39.69914,4990.959,2200.0,7000.0,2.618,14.8071,1.0,1.0275,0.5,0.86603,1,7,3.2512,0.319969,0.42843,SIMULADO_CONTROLADO
2.29142,5.16552,26.61592,2925.741,900.0,4000.0,4.265,15.2275,1.0,1.0711,0.86603,0.5,0,2,4.1357,0.150479,0.195122,SIMULADO_CONTROLADO
1.47891,4.45927,19.89898,1676.256,9000.0,4000.0,2.751,6.3752,1.227,1.0236,0.70711,0.70711,0,2,2.2757,0.231979,0.360434,SIMULADO_CONTROLADO
1.74866,2.37823,44.11674,620.262,6500.0,1200.0,1.416,8.6585,1.0,0.98,0.70711,0.70711,1,3,1.4168,0.201958,0.253895,SIMULADO_CONTROLADO
0.61107,1.75282,20.91737,753.252,1400.0,1200.0,3.254,11.8364,1.1651,0.997,0.70711,-0.70711,3,1,3.4518,0.051626,0.07464,SIMULADO_CONTROLADO
0.58509,0.90273,38.88835,1195.759,6500.0,4000.0,2.442,11.1213,1.4223,1.0202,-0.96593,0.25882,2,0,1.4126,0.05261,0.085872,SIMULADO_CONTROLADO
1.36585,3.62476,22.60864,162.327,6500.0,500.0,3.911,7.6092,1.4277,1.0697,0.70711,-0.70711,3,2,2.2364,0.1795,0.341823,SIMULADO_CONTROLADO
1.43866,2.44335,35.32832,385.886,2800.0,500.0,3.636,10.7682,1.0,1.0268,0.96593,-0.25882,0,2,0.0,0.133602,0.179007,SIMULADO_CONTROLADO
1.65738,5.4475,18.25473,309.725,9000.0,500.0,1.614,7.4296,1.2077,1.0636,-0.25882,-0.96593,0,1,2.6174,0.223078,0.379154,SIMULADO_CONTROLADO
5.0246,10.94394,27.5473,835.297,1400.0,1800.0,2.5,12.6899,1.0018,1.0313,-0.70711,-0.70711,3,14,0.5498,0.395954,0.535856,SIMULADO_CONTROLADO
3.18031,6.17484,30.90259,440.247,900.0,500.0,2.692,15.0433,1.0,1.0457,0.86603,-0.5,0,2,2.4307,0.21141,0.292757,SIMULADO_CONTROLADO
0.31729,0.77935,24.42691,1917.313,6500.0,2500.0,3.769,8.4003,1.1418,0.9927,0.0,1.0,0,0,0.2193,0.037771,0.05403,SIMULADO_CONTROLADO
4.38928,8.1605,32.27216,320.999,2200.0,800.0,5.558,13.4074,1.3565,1.0041,0.96593,-0.25882,1,4,2.4594,0.327377,0.534214,SIMULADO_CONTROLADO
1.35683,6.26237,12.99979,1114.113,900.0,7000.0,2.359,16.0427,1.2559,0.98,0.25882,0.96593,3,1,4.3894,0.084576,0.122136,SIMULADO_CONTROLADO
3.4009,3.4909,58.45308,1283.015,9000.0,1800.0,2.038,8.4067,1.0456,1.0621,0.70711,0.70711,2,3,1.2487,0.404546,0.553348,SIMULADO_CONTROLADO
1.45006,3.39463,25.62976,102.72,2200.0,500.0,1.205,14.5051,1.2728,1.0219,-0.5,-0.86603,0,2,0.5401,0.099969,0.152665,SIMULADO_CONTROLADO
2.18165,6.07725,21.53921,2009.109,9000.0,2500.0,4.414,4.9835,1.0,0.98,0.86603,0.5,3,4,4.1414,0.437777,0.60648,SIMULADO_CONTROLADO
0.65926,1.82219,21.70772,539.328,6500.0,1200.0,2.926,7.9391,1.0395,1.0567,0.86603,-0.5,3,1,4.4179,0.08304,0.123216,SIMULADO_CONTROLADO
2.55884,8.77204,17.50229,648.796,2200.0,800.0,4.752,12.0248,1.0282,1.0788,0.70711,-0.70711,3,7,3.3902,0.212797,0.36106,SIMULADO_CONTROLADO
3.67782,10.99741,20.06556,1247.068,6500.0,2500.0,4.858,10.7071,1.1725,0.9985,-0.70711,0.70711,3,8,1.5225,0.343492,0.487732,SIMULADO_CONTROLADO
0.3953,0.96119,24.67549,2402.072,2800.0,7000.0,1.437,13.2544,1.1275,1.0566,0.70711,0.70711,0,0,1.1777,0.029824,0.040118,SIMULADO_CONTROLADO
3.71785,13.37339,16.6802,1252.664,4200.0,7000.0,3.418,11.4553,1.1374,1.0256,0.25882,0.96593,3,11,1.8039,0.324552,0.45502,SIMULADO_CONTROLADO
1.10596,1.65037,40.20781,510.794,2200.0,1800.0,6.33,13.7737,1.132,0.98,0.0,-1.0,1,1,2.3758,0.080295,0.097327,SIMULADO_CONTROLADO
6.12924,13.82925,26.59251,1041.424,900.0,4000.0,2.658,15.2093,1.1636,1.1229,-0.5,-0.86603,3,14,0.0,0.402993,0.662236,SIMULADO_CONTROLADO
3.44552,4.69664,44.0169,439.192,1400.0,800.0,4.007,12.8986,1.2464,1.0258,0.0,-1.0,2,1,0.4354,0.267123,0.388039,SIMULADO_CONTROLADO
3.03307,9.14762,19.89419,2800.415,2200.0,4000.0,4.05,13.8535,1.1839,1.0441,-0.86603,-0.5,3,5,5.1268,0.218939,0.354002,SIMULADO_CONTROLADO
1.75687,2.0633,51.08926,2095.541,2800.0,7000.0,2.581,12.5244,1.1145,1.0069,-0.86603,0.5,2,1,2.9356,0.140276,0.174268,SIMULADO_CONTROLADO
9.48813,12.69433,44.84582,881.635,6500.0,1800.0,5.33,8.4484,1.2243,1.0217,-0.5,-0.86603,2,20,5.0767,1.123065,1.769324,SIMULADO_CONTROLADO
1.36409,2.14059,38.23502,600.627,1400.0,1800.0,1.22,15.6658,1.2922,1.0423,0.0,-1.0,2,0,4.6329,0.087075,0.121985,SIMULADO_CONTROLADO
0.80715,2.33605,20.73118,830.074,6500.0,1800.0,2.402,8.8259,1.071,0.9881,-0.86603,-0.5,3,2,1.8438,0.091452,0.121516,SIMULADO_CONTROLADO
1.14074,1.46814,46.61974,259.731,6500.0,500.0,4.34,8.7705,1.1505,1.1112,0.96593,0.25882,2,2,1.8756,0.130066,0.189529,SIMULADO_CONTROLADO
4.14763,10.68858,23.28258,2114.355,6500.0,7000.0,6.062,9.6923,1.3459,1.0727,0.96593,0.25882,0,4,4.5298,0.42793,0.789262,SIMULADO_CONTROLADO
2.14995,5.15219,25.03735,839.938,6500.0,4000.0,1.251,9.1854,1.0,1.0583,0.86603,-0.5,3,3,4.0932,0.234061,0.344727,SIMULADO_CONTROLADO
1.91383,2.95914,38.80518,2485.22,900.0,7000.0,4.385,15.7072,1.4488,1.0286,-1.0,-0.0,2,1,4.5736,0.121844,0.206106,SIMULADO_CONTROLADO
1.38135,2.30862,35.90069,77.19,1400.0,500.0,1.218,14.3434,1.0,1.0007,-0.86603,0.5,1,1,2.4716,0.096306,0.096652,SIMULADO_CONTROLADO
1.83652,2.10103,52.44627,1201.265,9000.0,4000.0,4.501,8.1371,1.1047,1.0814,-0.25882,-0.96593,2,4,2.7994,0.225699,0.293846,SIMULADO_CONTROLADO
1.30204,3.14807,24.816,681.491,4200.0,1200.0,3.381,10.2518,1.008,1.0625,-0.5,-0.86603,3,1,1.9633,0.127007,0.165334,SIMULADO_CONTROLADO
3.23984,7.26248,26.76638,1070.679,1400.0,4000.0,3.503,13.5512,1.5101,1.017,-1.0,-0.0,3,6,2.3877,0.239081,0.469821,SIMULADO_CONTROLADO
1.62699,4.51751,21.6091,4860.177,9000.0,7000.0,6.328,6.9624,1.0795,0.9862,0.96593,0.25882,3,2,1.0601,0.233682,0.324027,SIMULADO_CONTROLADO
1.15949,1.73112,40.18757,5107.967,2200.0,7000.0,4.816,14.4955,1.0799,0.98,0.5,0.86603,1,2,2.343,0.07999,0.097195,SIMULADO_CONTROLADO
3.91002,6.89394,34.0301,3590.935,2200.0,7000.0,2.241,14.7737,1.1007,1.0363,-0.96593,-0.25882,3,6,2.164,0.264662,0.427487,SIMULADO_CONTROLADO
0.8319,1.36705,36.51203,169.772,6500.0,500.0,6.486,6.2831,1.1753,1.0238,0.70711,0.70711,1,0,1.5366,0.132402,0.184095,SIMULADO_CONTROLADO
2.17317,2.63985,49.39315,979.552,9000.0,1200.0,2.56,6.9467,1.1074,1.0884,0.70711,0.70711,2,1,4.1614,0.312834,0.497731,SIMULADO_CONTROLADO
0.25819,0.34929,44.35139,1104.295,2200.0,1200.0,4.835,12.6256,1.1387,1.0796,0.70711,-0.70711,2,0,0.0,0.02045,0.028958,SIMULADO_CONTROLADO
0.53594,0.89044,36.11307,468.209,4200.0,1800.0,4.806,9.6105,1.0,1.0368,-1.0,-0.0,0,0,3.2086,0.055766,0.073009,SIMULADO_CONTROLADO
1.48689,2.85142,31.28726,3040.437,4200.0,7000.0,5.704,11.0696,1.1691,1.0313,0.70711,-0.70711,1,0,0.5645,0.134322,0.190804,SIMULADO_CONTROLADO
1.28179,2.79589,27.50719,929.351,1400.0,2500.0,3.314,13.1767,1.1628,0.9832,0.5,0.86603,0,2,0.7195,0.097277,0.12483,SIMULADO_CONTROLADO
1.28011,3.70557,20.7273,642.725,2800.0,1800.0,4.889,10.4514,1.3262,1.0827,0.70711,0.70711,0,2,0.8995,0.122482,0.201796,SIMULADO_CONTROLADO
3.46778,6.95598,29.91191,3535.937,900.0,4000.0,4.517,12.1221,1.3694,1.0324,1.0,0.0,1,4,3.4888,0.286071,0.495304,SIMULADO_CONTROLADO
3.61125,6.88437,31.47351,559.358,9000.0,800.0,3.513,8.4739,1.13,1.0622,0.25882,0.96593,1,8,0.0,0.426162,0.642341,SIMULADO_CONTROLADO
2.49974,5.24099,28.61757,1211.186,6500.0,2500.0,6.055,7.1629,1.2906,1.088,0.96593,-0.25882,0,2,2.8543,0.348987,0.652606,SIMULADO_CONTROLADO
0.79007,1.15934,40.88881,520.775,1400.0,1800.0,2.535,13.8717,1.0,1.0095,0.25882,0.96593,1,1,2.5955,0.056955,0.058901,SIMULADO_CONTROLADO
1.82523,2.88078,38.01545,655.521,4200.0,800.0,2.389,10.4883,1.2828,0.9977,-0.86603,0.5,2,3,0.4627,0.174026,0.277746,SIMULADO_CONTROLADO
6.70827,12.16368,33.09003,1324.4,900.0,2500.0,4.541,15.698,1.0684,1.1461,0.25882,0.96593,0,9,2.8826,0.427332,0.659748,SIMULADO_CONTROLADO
8.88545,13.33369,39.98345,1127.751,900.0,4000.0,2.208,13.4499,1.0,1.0618,0.86603,0.5,1,13,0.0,0.660632,0.803651,SIMULADO_CONTROLADO
3.93641,6.13522,38.49651,2763.389,4200.0,4000.0,5.599,8.8355,1.1303,1.0225,0.0,1.0,1,2,2.4081,0.445522,0.642509,SIMULADO_CONTROLADO
0.82006,1.14152,43.10338,3837.655,6500.0,4000.0,3.0,8.7637,1.3841,1.0908,1.0,0.0,2,0,0.0,0.093575,0.172023,SIMULADO_CONTROLADO
1.83799,2.96282,37.2211,105.622,6500.0,4000.0,3.432,8.9298,1.189,1.0211,-0.96593,0.25882,1,2,6.8057,0.205827,0.292494,SIMULADO_CONTROLADO
2.37906,4.67783,30.51495,486.871,2200.0,1800.0,4.816,13.423,1.3994,1.0496,-0.25882,-0.96593,2,5,4.309,0.177237,0.28127,SIMULADO_CONTROLADO
2.1191,2.94604,43.15817,379.43,9000.0,500.0,5.891,4.5383,1.0402,1.0094,-0.5,0.86603,1,1,3.0176,0.466934,0.648555,SIMULADO_CONTROLADO
4.22389,8.11448,31.23224,3819.627,2800.0,7000.0,4.857,13.8676,1.3277,1.0342,-0.5,-0.86603,1,5,0.4941,0.304586,0.463393,SIMULADO_CONTROLADO
3.36143,5.24273,38.46963,615.668,2200.0,1800.0,1.699,13.2328,1.0557,1.0227,0.5,-0.86603,1,1,1.9214,0.254023,0.302145,SIMULADO_CONTROLADO
0.7784,1.89498,24.64621,1931.897,2200.0,2500.0,2.992,12.2434,1.1961,1.0012,-0.25882,0.96593,0,0,2.0082,0.063577,0.088845,SIMULADO_CONTROLADO
1.18416,1.79428,39.59772,229.761,6500.0,500.0,5.175,6.8466,1.1947,1.0459,0.86603,0.5,2,1,3.008,0.172956,0.250813,SIMULADO_CONTROLADO
3.92501,9.62469,24.46839,3060.032,2200.0,7000.0,6.011,11.1663,1.2658,1.0063,0.5,0.86603,0,9,3.337,0.351504,0.550327,SIMULADO_CONTROLADO
5.13665,10.43363,29.53898,5976.054,2200.0,7000.0,4.559,11.3461,1.2001,1.0609,0.96593,-0.25882,1,4,2.9722,0.452725,0.725996,SIMULADO_CONTROLADO
2.40127,6.30387,22.85517,2456.941,2200.0,7000.0,4.36,13.7393,1.0417,1.0213,-0.5,0.86603,3,2,3.2188,0.174774,0.217984,SIMULADO_CONTROLADO
5.56789,16.83559,19.84327,489.193,2200.0,800.0,3.21,12.1546,1.3008,0.98,-0.96593,0.25882,3,4,2.1433,0.458091,0.784067,SIMULADO_CONTROLADO
2.20189,3.10354,42.5686,752.346,2200.0,4000.0,3.734,12.9605,1.4371,1.0629,0.0,-1.0,2,3,3.2192,0.169893,0.2805,SIMULADO_CONTROLADO
0.91398,2.72009,20.1607,649.932,900.0,2500.0,3.491,13.2937,1.0666,1.0637,-0.5,0.86603,3,2,1.1603,0.068753,0.084478,SIMULADO_CONTROLADO
3.14937,6.13387,30.80635,388.66,9000.0,800.0,1.492,5.9191,1.0,1.1364,-0.70711,-0.70711,3,3,0.2667,0.532074,0.747194,SIMULADO_CONTROLADO
11.47005,18.27346,37.66135,1349.164,1400.0,1800.0,1.316,16.3357,1.2399,1.0358,0.96593,0.25882,1,10,6.3805,0.702145,1.180476,SIMULADO_CONTROLADO
0.61604,1.77144,20.86569,1616.697,2800.0,1800.0,4.472,14.1108,1.107,1.0432,0.0,1.0,3,1,3.3736,0.043657,0.069936,SIMULADO_CONTROLADO
5.42786,10.0396,32.43869,1301.431,1400.0,2500.0,3.902,15.3668,1.139,1.0565,0.0,1.0,1,2,6.2928,0.353219,0.521766,SIMULADO_CONTROLADO
3.02395,6.51434,27.85195,177.28,2800.0,500.0,2.498,11.3103,1.249,1.0809,-0.86603,0.5,1,6,1.923,0.267362,0.408346,SIMULADO_CONTROLADO
1.12331,1.304,51.68605,1139.307,1400.0,1800.0,5.932,11.3317,1.087,1.0781,0.96593,-0.25882,2,2,7.5625,0.09913,0.151364,SIMULADO_CONTROLADO
0.2664,0.82253,19.43257,323.836,1400.0,2500.0,2.295,16.9413,1.117,1.0493,0.5,-0.86603,3,0,2.6672,0.015725,0.020681,SIMULADO_CONTROLADO
0.14914,0.33575,26.65094,3659.697,2200.0,4000.0,4.913,12.2841,1.144,1.0335,0.70711,-0.70711,3,0,4.9065,0.012141,0.018069,SIMULADO_CONTROLADO
1.27788,2.7997,27.38597,1971.47,9000.0,4000.0,5.378,4.2,1.3952,1.0729,0.5,0.86603,1,1,2.569,0.304256,0.572464,SIMULADO_CONTROLADO
2.67911,3.68556,43.61527,271.636,9000.0,2500.0,5.653,6.7547,1.1648,1.0316,0.0,1.0,2,1,2.8463,0.396627,0.525988,SIMULADO_CONTROLADO
3.7288,7.23231,30.93451,861.871,6500.0,2500.0,5.65,8.0386,1.0,0.98,-0.96593,-0.25882,0,5,2.2581,0.463863,0.582471,SIMULADO_CONTROLADO
4.33903,11.69771,22.25581,179.123,1400.0,500.0,5.409,13.8493,1.0,0.98,-0.86603,-0.5,3,12,1.4651,0.313304,0.38608,SIMULADO_CONTROLADO
2.50793,3.23224,46.55461,2568.348,4200.0,4000.0,3.626,8.4827,1.1823,1.0218,0.96593,0.25882,2,2,4.5585,0.295653,0.427561,SIMULADO_CONTROLADO
2.22758,2.26749,58.94396,894.946,6500.0,1200.0,4.507,8.0804,1.0,1.0404,0.5,0.86603,2,1,2.4814,0.275675,0.342401,SIMULADO_CONTROLADO
1.52792,3.5995,25.46892,1414.642,4200.0,1800.0,5.746,11.3529,1.0,1.1462,0.0,-1.0,3,2,4.2439,0.134584,0.203786,SIMULADO_CONTROLADO
2.72685,3.71199,44.07633,972.12,9000.0,1800.0,3.428,5.6892,1.2617,1.0296,0.25882,0.96593,2,2,4.398,0.479305,0.727954,SIMULADO_CONTROLADO
1.13849,2.79367,24.45157,2241.195,1400.0,7000.0,4.756,14.942,1.2695,1.0371,1.0,0.0,0,1,5.4701,0.076194,0.117492,SIMULADO_CONTROLADO
0.64984,1.24286,31.37134,306.588,2800.0,1200.0,2.046,11.6994,1.1011,1.0168,-0.96593,-0.25882,1,1,3.3845,0.055544,0.070581,SIMULADO_CONTROLADO
2.12428,4.82378,26.42266,680.816,2200.0,1200.0,4.193,12.7781,1.207,1.0628,0.86603,0.5,0,1,0.0,0.166244,0.239559,SIMULADO_CONTROLADO
3.53229,4.52333,46.85435,2038.089,6500.0,4000.0,1.948,11.5975,1.1901,1.0476,-1.0,-0.0,2,6,1.8276,0.304573,0.474468,SIMULADO_CONTROLADO
0.51657,1.12913,27.44958,1833.963,900.0,2500.0,4.7,12.6042,1.2564,1.0063,-0.70711,0.70711,0,1,2.4471,0.040984,0.065713,SIMULADO_CONTROLADO
1.27799,2.91621,26.29415,352.56,2200.0,1200.0,3.197,13.687,1.2568,0.9895,0.86603,0.5,0,0,2.5261,0.093372,0.127704,SIMULADO_CONTROLADO
2.06448,2.28573,54.19221,1092.724,4200.0,1200.0,2.408,12.4187,1.0,1.0169,-0.70711,-0.70711,2,2,5.2686,0.166239,0.206311,SIMULADO_CONTROLADO
2.0312,2.29212,53.17015,2547.273,900.0,4000.0,3.112,14.8093,1.1215,0.997,-1.0,-0.0,2,2,4.8861,0.137157,0.177656,SIMULADO_CONTROLADO
2.96643,4.13132,43.08208,1445.195,1400.0,4000.0,4.918,13.0871,1.2429,1.0246,0.0,-1.0,2,4,2.1957,0.226669,0.302143,SIMULADO_CONTROLADO
6.58212,16.5701,23.83372,661.022,4200.0,800.0,6.013,9.0428,1.0943,1.0414,0.96593,-0.25882,3,22,7.6032,0.727888,1.279335,SIMULADO_CONTROLADO
0.15128,0.44936,20.20004,889.699,1400.0,1200.0,1.26,15.269,1.1658,1.0124,-0.25882,0.96593,3,0,1.7674,0.009908,0.015236,SIMULADO_CONTROLADO
6.77829,16.08615,25.28248,2968.206,4200.0,4000.0,2.09,11.7365,1.2801,1.1005,0.96593,-0.25882,0,8,1.9378,0.57754,1.043553,SIMULADO_CONTROLADO
6.38877,19.35224,19.80786,115.753,2200.0,500.0,4.94,10.8533,1.1729,1.0872,0.96593,0.25882,3,19,0.206,0.588649,0.966401,SIMULADO_CONTROLADO
3.77204,4.93718,45.8404,396.201,2800.0,800.0,4.214,13.6234,1.4013,1.0247,0.5,0.86603,2,5,0.0,0.27688,0.440563,SIMULADO_CONTROLADO
2.36798,2.8934,49.1045,795.307,2200.0,800.0,2.892,12.4067,1.3403,0.9916,-0.70711,0.70711,2,4,0.0218,0.190863,0.312979,SIMULADO_CONTROLADO
1.15853,2.33356,29.78779,691.341,9000.0,1800.0,4.654,4.2132,1.141,1.0337,0.96593,0.25882,0,2,4.6284,0.274978,0.417927,SIMULADO_CONTROLADO
3.73997,4.08662,54.91054,389.307,6500.0,1800.0,5.796,7.1769,1.1283,1.029,0.70711,0.70711,2,6,4.0572,0.52111,0.685795,SIMULADO_CONTROLADO
2.46023,3.0222,48.84314,834.853,6500.0,1200.0,2.567,8.2735,1.0,1.0322,0.0,1.0,2,1,0.6445,0.297364,0.371534,SIMULADO_CONTROLADO
1.55502,2.1222,43.96425,235.135,6500.0,500.0,3.774,8.4918,1.1078,1.0171,1.0,0.0,2,1,2.7097,0.18312,0.248019,SIMULADO_CONTROLADO
3.67247,7.67397,28.71376,781.614,2200.0,2500.0,1.31,12.7195,1.0,0.9878,-0.86603,-0.5,0,7,4.1936,0.288727,0.358487,SIMULADO_CONTROLADO
4.12351,5.35814,46.17475,1523.452,900.0,4000.0,6.214,13.8414,1.1954,1.0366,-0.86603,-0.5,2,1,0.0,0.297912,0.382442,SIMULADO_CONTROLADO
5.1097,15.09226,20.31385,214.081,900.0,800.0,5.449,15.3053,1.1845,1.0192,-0.86603,0.5,3,11,6.2216,0.333851,0.480623,SIMULADO_CONTROLADO
1.04785,1.71344,36.693,929.32,2800.0,2500.0,3.877,12.5824,1.2713,1.0232,-0.86603,-0.5,2,1,4.7103,0.083279,0.120095,SIMULADO_CONTROLADO
4.66994,10.65751,26.29101,900.908,9000.0,4000.0,6.458,4.2,1.3835,1.0392,0.25882,0.96593,0,9,4.2021,1.111892,2.008461,SIMULADO_CONTROLADO
1.57903,3.13228,30.24689,1244.273,2800.0,1800.0,2.367,12.0389,1.1558,1.0319,-0.86603,0.5,3,5,5.0244,0.13116,0.194411,SIMULADO_CONTROLADO
2.37296,6.61643,21.51883,1298.123,9000.0,2500.0,5.143,5.9512,1.5249,1.0382,1.0,0.0,3,2,0.0,0.398739,0.799547,SIMULADO_CONTROLADO
2.72847,5.56817,29.40073,129.701,2800.0,800.0,5.278,9.4644,1.1972,1.0171,-0.5,0.86603,0,4,2.041,0.288288,0.360823,SIMULADO_CONTROLADO
4.41334,10.22218,25.90448,5667.429,4200.0,7000.0,5.604,8.7991,1.0,1.0512,0.86603,-0.5,3,13,5.1426,0.501569,0.843397,SIMULADO_CONTROLADO
3.41216,5.7063,35.87783,3122.137,900.0,7000.0,4.831,11.949,1.0701,1.0027,0.0,1.0,1,2,2.4852,0.285559,0.354563,SIMULADO_CONTROLADO
1.53353,1.83021,50.27373,477.711,6500.0,2500.0,2.21,9.644,1.1004,0.986,0.70711,-0.70711,2,2,4.0596,0.159014,0.195067,SIMULADO_CONTROLADO
0.18287,0.26189,41.89541,5752.471,9000.0,7000.0,1.684,9.8368,1.2547,0.995,0.5,-0.86603,1,0,5.5412,0.01859,0.030079,SIMULADO_CONTROLADO
2.94101,7.54659,23.38281,1731.051,2800.0,2500.0,2.156,11.7167,1.0084,1.0045,-0.96593,0.25882,3,5,3.9776,0.251011,0.357827,SIMULADO_CONTROLADO
2.29943,6.67933,20.65564,766.255,9000.0,2500.0,5.749,6.3925,1.1123,0.98,-0.25882,-0.96593,3,4,1.9588,0.359707,0.499812,SIMULADO_CONTROLADO
0.6078,1.37769,26.47053,809.329,1400.0,4000.0,3.331,13.4246,1.1342,0.98,0.25882,0.96593,3,0,3.709,0.045275,0.058581,SIMULADO_CONTROLADO
2.50967,5.44273,27.66634,219.624,2800.0,500.0,4.095,10.7732,1.0883,1.0577,0.25882,0.96593,3,7,0.0,0.232956,0.341961,SIMULADO_CONTROLADO
2.04421,7.67016,15.99085,573.011,9000.0,800.0,1.334,9.2764,1.2898,1.0923,-0.5,-0.86603,3,2,3.5297,0.220365,0.400081,SIMULADO_CONTROLADO
5.07584,13.40784,22.71434,495.212,4200.0,800.0,3.805,13.6798,1.2626,1.0601,0.5,0.86603,0,6,4.0742,0.371047,0.63102,SIMULADO_CONTROLADO
7.08626,14.57035,29.18087,753.957,4200.0,2500.0,3.369,11.7781,1.3467,1.0133,0.0,-1.0,1,10,2.817,0.601645,1.0334,SIMULADO_CONTROLADO
4.05282,4.86718,49.96097,166.069,2200.0,800.0,4.033,13.4201,1.107,0.98,-0.70711,0.70711,2,2,4.9392,0.301996,0.35076,SIMULADO_CONTROLADO
1.95275,2.59887,45.08306,613.198,2800.0,1200.0,3.189,12.8397,1.3524,1.0436,-0.86603,0.5,2,2,3.0851,0.152087,0.245207,SIMULADO_CONTROLADO
2.19028,4.90656,26.78389,951.019,2200.0,1800.0,1.6,13.9022,1.0,0.98,-0.70711,-0.70711,0,1,2.8086,0.157549,0.177527,SIMULADO_CONTROLADO
1.01445,1.77152,34.35866,2406.038,4200.0,4000.0,1.433,12.5632,1.0,1.0311,0.96593,-0.25882,0,0,6.3479,0.080747,0.118318,SIMULADO_CONTROLADO
1.19591,1.29505,55.4066,1567.513,900.0,1800.0,6.234,14.1061,1.0,0.999,0.0,-1.0,2,1,0.4885,0.08478,0.099458,SIMULADO_CONTROLADO
1.86419,1.97413,56.6584,206.853,2800.0,500.0,4.4,14.2159,1.1615,0.98,0.5,0.86603,2,2,5.4235,0.131134,0.162049,SIMULADO_CONTROLADO
1.71199,4.37879,23.45843,638.139,9000.0,2500.0,4.61,5.2982,1.3524,1.1016,-0.96593,-0.25882,0,2,5.2572,0.323126,0.641366,SIMULADO_CONTROLADO
0.57193,1.23363,27.8169,258.403,900.0,1200.0,6.052,13.5296,1.0637,0.98,0.70711,0.70711,0,0,4.2751,0.042272,0.047775,SIMULADO_CONTROLADO
5.11162,10.2297,29.98105,446.754,2800.0,500.0,4.12,12.2401,1.0837,1.019,0.25882,0.96593,0,5,1.6505,0.417614,0.609755,SIMULADO_CONTROLADO
5.60053,7.07118,47.52132,592.316,4200.0,2500.0,4.462,12.0208,1.1254,1.0292,-0.70711,-0.70711,2,2,3.2197,0.465904,0.60839,SIMULADO_CONTROLADO
5.00073,17.87335,16.78722,623.126,900.0,800.0,3.972,17.1926,1.2517,1.0138,-0.25882,-0.96593,0,4,0.811,0.290865,0.490083,SIMULADO_CONTROLADO
5.72891,6.90292,49.79559,1167.224,900.0,1800.0,2.133,16.4106,1.0836,1.0559,-0.25882,-0.96593,2,3,1.3196,0.349099,0.459076,SIMULADO_CONTROLADO
8.4583,13.33514,38.0572,2513.085,1400.0,7000.0,2.851,15.2749,1.0747,1.0017,0.25882,-0.96593,1,6,2.776,0.553737,0.68635,SIMULADO_CONTROLADO
1.03209,1.73797,35.63073,353.353,1400.0,800.0,5.887,14.0403,1.0,1.0522,-0.5,-0.86603,1,1,0.6444,0.073509,0.079923,SIMULADO_CONTROLADO
8.22073,9.6373,51.1807,2748.817,9000.0,7000.0,3.552,7.9223,1.0685,1.0493,0.5,-0.86603,2,18,2.01,1.03767,1.431491,SIMULADO_CONTROLADO
1.52575,2.81497,32.52083,1078.803,1400.0,1800.0,2.282,17.4704,1.3484,0.98,0.70711,0.70711,2,1,0.1858,0.087333,0.124436,SIMULADO_CONTROLADO
3.26573,4.31255,45.43577,5225.055,4200.0,7000.0,5.589,8.2627,1.1745,1.0456,-0.25882,-0.96593,2,6,3.8711,0.39524,0.591995,SIMULADO_CONTROLADO
0.43276,1.03965,24.97538,3258.321,2200.0,4000.0,1.663,14.7713,1.0416,0.9876,0.25882,0.96593,3,0,5.9332,0.029297,0.039312,SIMULADO_CONTROLADO
1.36563,4.35831,18.80035,1278.686,2800.0,4000.0,4.59,9.0373,1.3578,0.9825,0.25882,0.96593,3,2,7.1135,0.151111,0.258486,SIMULADO_CONTROLADO
4.13341,11.37644,21.79983,746.369,9000.0,800.0,4.911,6.9318,1.0664,1.0481,-0.25882,-0.96593,3,7,0.3296,0.596294,0.9138,SIMULADO_CONTROLADO
3.37858,5.15732,39.30629,1676.584,9000.0,4000.0,2.81,7.3968,1.3872,1.0166,-0.86603,-0.5,2,2,0.6986,0.456765,0.742663,SIMULADO_CONTROLADO
1.50115,3.31162,27.19791,959.756,900.0,1200.0,2.084,14.5058,1.3846,1.0518,0.25882,0.96593,1,2,2.3951,0.103486,0.181791,SIMULADO_CONTROLADO
2.18952,5.11032,25.70706,2366.616,900.0,7000.0,3.576,11.2868,1.169,1.0522,0.70711,-0.70711,0,1,4.2269,0.19399,0.285505,SIMULADO_CONTROLADO
1.24425,1.35166,55.23235,4468.402,2200.0,7000.0,5.202,12.442,1.0,0.98,-0.5,0.86603,2,2,2.3068,0.100004,0.109561,SIMULADO_CONTROLADO
4.12553,15.41858,16.05412,2043.629,6500.0,2500.0,5.899,8.1127,1.5263,1.0683,-1.0,-0.0,0,6,4.7628,0.50853,1.187688,SIMULADO_CONTROLADO
5.34367,14.89201,21.52966,4315.969,6500.0,7000.0,5.521,7.9397,1.222,1.0478,-0.96593,0.25882,3,16,3.8568,0.673032,1.351657,SIMULADO_CONTROLADO
1.03634,2.63418,23.60536,1558.394,4200.0,1800.0,1.781,11.2531,1.1082,1.0086,-0.70711,-0.70711,3,1,0.0,0.092094,0.129905,SIMULADO_CONTROLADO
2.02058,5.46497,22.18394,77.574,9000.0,500.0,2.381,5.8525,1.313,1.0289,0.86603,0.5,0,2,2.8558,0.345248,0.546455,SIMULADO_CONTROLADO
0.54747,1.11986,29.33258,2561.739,1400.0,7000.0,4.47,13.5263,1.2724,1.0696,0.70711,-0.70711,3,1,0.1373,0.040474,0.068992,SIMULADO_CONTROLADO
2.45336,6.89825,21.339,828.919,6500.0,1800.0,4.963,7.3046,1.3698,1.0206,-0.5,-0.86603,0,3,1.5521,0.335865,0.567724,SIMULADO_CONTROLADO
3.02317,3.55221,51.06402,419.005,9000.0,500.0,1.246,8.4103,1.054,1.1302,-0.70711,-0.70711,2,5,1.8736,0.359459,0.503219,SIMULADO_CONTROLADO
2.60585,6.77305,23.08425,314.16,9000.0,500.0,1.956,7.0255,1.211,1.1021,0.70711,0.70711,0,3,4.295,0.370912,0.652066,SIMULADO_CONTROLADO
2.85294,4.49091,38.11624,1445.041,4200.0,4000.0,1.698,9.9662,1.0,1.0403,-0.25882,0.96593,1,4,2.6761,0.286263,0.326005,SIMULADO_CONTROLADO
1.8551,2.41098,46.16646,2470.445,4200.0,7000.0,3.008,11.6585,1.2666,1.0247,-0.5,0.86603,2,3,1.759,0.15912,0.216122,SIMULADO_CONTROLADO
1.89052,2.53086,44.81934,2352.998,1400.0,2500.0,4.808,13.9333,1.1563,1.0267,0.0,1.0,2,1,7.1388,0.135683,0.191655,SIMULADO_CONTROLADO
1.82121,3.35356,32.58409,865.993,6500.0,1800.0,6.199,9.6521,1.205,1.008,-0.5,-0.86603,1,3,0.8602,0.188686,0.267092,SIMULADO_CONTROLADO
1.33023,4.02231,19.84277,490.077,1400.0,1200.0,1.674,15.9603,1.1366,1.0406,0.70711,0.70711,3,3,3.3408,0.083346,0.116687,SIMULADO_CONTROLADO
1.47537,4.81495,18.38481,169.308,2200.0,1200.0,3.882,11.9745,1.1198,1.0659,0.96593,-0.25882,3,1,4.1371,0.123209,0.171571,SIMULADO_CONTROLADO
2.92425,7.84114,22.37624,633.752,900.0,1200.0,3.174,16.3827,1.0211,0.98,-0.70711,0.70711,0,1,3.0878,0.178497,0.215179,SIMULADO_CONTROLADO
5.11529,7.50393,40.90093,342.437,2200.0,800.0,3.311,11.6468,1.2865,1.0639,-0.86603,-0.5,2,9,0.848,0.439203,0.681654,SIMULADO_CONTROLADO
0.87373,1.22413,42.82534,320.161,900.0,500.0,1.561,15.4315,1.3984,1.077,0.86603,-0.5,2,1,0.7408,0.05662,0.103388,SIMULADO_CONTROLADO
1.8849,2.82692,40.00606,1081.846,2800.0,1800.0,2.728,13.8772,1.0709,1.0607,0.0,1.0,1,4,4.0369,0.135827,0.181994,SIMULADO_CONTROLADO
0.70405,0.83994,50.29282,278.148,900.0,800.0,2.538,16.7083,1.2486,1.0292,-0.86603,0.5,2,1,4.9284,0.042137,0.059492,SIMULADO_CONTROLADO
1.35127,3.47325,23.34309,748.845,6500.0,800.0,5.007,10.5135,1.2291,1.0589,1.0,0.0,3,1,2.6233,0.128527,0.233747,SIMULADO_CONTROLADO
1.54959,3.9357,23.62354,429.235,4200.0,800.0,4.602,12.2588,1.1613,1.0935,-0.5,-0.86603,3,1,0.0,0.126406,0.187378,SIMULADO_CONTROLADO
2.32481,4.28792,32.5306,2539.652,4200.0,4000.0,4.572,10.5785,1.0,1.0324,0.96593,0.25882,3,5,2.7545,0.219768,0.289512,SIMULADO_CONTROLADO
2.27595,2.50052,54.61142,1422.036,4200.0,2500.0,3.952,11.7172,1.0,1.0361,-1.0,-0.0,2,3,5.9141,0.194241,0.261462,SIMULADO_CONTROLADO
2.00641,2.94841,40.83033,296.049,6500.0,1800.0,3.013,9.4134,1.035,1.131,0.86603,-0.5,1,4,0.62,0.213144,0.292547,SIMULADO_CONTROLADO
2.75291,6.61912,24.95414,431.648,4200.0,2500.0,2.492,10.8272,1.0,1.0488,-0.96593,-0.25882,3,8,2.0657,0.254258,0.339881,SIMULADO_CONTROLADO
0.95547,1.5709,36.49382,1313.319,4200.0,1800.0,1.26,12.0943,1.3853,0.9897,0.5,0.86603,1,2,2.8545,0.079001,0.132086,SIMULADO_CONTROLADO
2.33942,3.10988,45.13521,725.708,1400.0,1800.0,1.984,16.8646,1.2188,1.0743,-0.5,-0.86603,2,4,5.0179,0.138718,0.214678,SIMULADO_CONTROLADO
3.44731,6.12601,33.76404,1352.094,6500.0,4000.0,2.365,10.211,1.1552,1.0531,-0.25882,0.96593,1,5,1.6205,0.337608,0.477571,SIMULADO_CONTROLADO
0.94429,1.27748,44.3507,2495.535,2800.0,4000.0,6.37,13.8045,1.0,1.0055,0.25882,-0.96593,1,1,3.7493,0.068404,0.082046,SIMULADO_CONTROLADO
0.34101,0.76532,26.73496,535.553,1400.0,800.0,6.343,11.4465,1.0,0.9853,0.25882,-0.96593,0,0,5.6537,0.029792,0.036356,SIMULADO_CONTROLADO
4.10258,10.38952,23.69257,2504.733,2800.0,4000.0,5.269,11.3712,1.1596,1.0457,-0.86603,-0.5,3,9,0.0,0.360785,0.532979,SIMULADO_CONTROLADO
0.7271,1.98385,21.99051,614.057,2200.0,800.0,4.435,13.3027,1.4753,1.0323,-0.86603,0.5,0,1,0.0,0.054658,0.10266,SIMULADO_CONTROLADO
1.29494,2.78857,27.86242,172.19,1400.0,500.0,4.745,14.3557,1.0482,0.98,-0.96593,0.25882,0,1,2.5356,0.090204,0.108604,SIMULADO_CONTROLADO
3.37791,9.41772,21.52057,444.393,2800.0,1200.0,4.383,12.0875,1.2982,1.031,0.25882,0.96593,3,12,4.7911,0.279454,0.467677,SIMULADO_CONTROLADO
0.89974,1.20438,44.82359,552.766,9000.0,1200.0,4.628,6.8779,1.0832,1.0282,0.96593,-0.25882,2,1,3.4313,0.130816,0.167882,SIMULADO_CONTROLADO
3.90907,6.41094,36.58496,1586.212,900.0,4000.0,2.362,15.9887,1.1688,1.0322,-0.86603,0.5,1,4,4.9787,0.24449,0.325489,SIMULADO_CONTROLADO
1.13649,1.75932,38.75884,351.764,900.0,2500.0,6.377,11.5651,1.3543,1.0571,-0.25882,0.96593,2,0,0.0,0.098269,0.1305,SIMULADO_CONTROLADO
1.01456,1.23052,49.47022,35.916,9000.0,500.0,5.21,6.5595,1.1046,0.98,-0.70711,-0.70711,1,0,3.4585,0.15467,0.179362,SIMULADO_CONTROLADO
0.70757,1.45361,29.20607,1423.185,4200.0,1800.0,2.441,12.9892,1.0496,0.985,0.0,1.0,0,1,0.0,0.054474,0.068294,SIMULADO_CONTROLADO
1.14563,1.84424,37.27147,2466.414,1400.0,4000.0,3.922,14.1903,1.3869,1.0131,-0.86603,-0.5,2,0,5.5188,0.080733,0.135944,SIMULADO_CONTROLADO
3.06305,9.10387,20.18736,1640.573,2200.0,4000.0,5.383,10.1698,1.1673,1.0947,-0.5,0.86603,0,1,5.2289,0.301192,0.459234,SIMULADO_CONTROLADO
1.29514,1.67357,46.4327,1436.947,900.0,1800.0,6.029,13.0547,1.3346,1.1416,-0.96593,0.25882,2,1,2.0424,0.099209,0.187305,SIMULADO_CONTROLADO
4.11413,11.01938,22.40123,840.486,6500.0,2500.0,3.234,9.5701,1.0504,1.0352,-0.96593,-0.25882,3,6,0.0,0.429896,0.635432,SIMULADO_CONTROLADO
2.06999,8.34433,14.88425,1104.503,4200.0,1800.0,3.764,10.0675,1.3851,1.037,0.0,-1.0,3,7,2.2935,0.205612,0.348616,SIMULADO_CONTROLADO
2.21121,3.66142,36.23528,460.341,1400.0,800.0,2.842,15.4229,1.2038,0.98,-0.70711,0.70711,1,3,5.0766,0.143372,0.205556,SIMULADO_CONTROLADO
0.98642,2.58098,22.93125,677.855,1400.0,1800.0,3.196,15.0374,1.2296,1.0757,-0.70711,-0.70711,3,1,3.6011,0.065598,0.105804,SIMULADO_CONTROLADO
4.5358,5.54226,49.10412,1433.846,4200.0,2500.0,2.407,11.8783,1.1811,1.0552,0.0,-1.0,2,10,6.6148,0.381856,0.610903,SIMULADO_CONTROLADO
3.46702,5.33394,38.99946,426.299,2800.0,500.0,1.359,13.6096,1.0791,1.0477,-0.70711,0.70711,1,3,2.1093,0.254748,0.333591,SIMULADO_CONTROLADO
3.3988,7.694,26.50483,451.281,6500.0,2500.0,3.407,9.1985,1.1597,0.98,0.0,1.0,0,7,6.995,0.369495,0.50772,SIMULADO_CONTROLADO
1.77188,2.69221,39.48907,126.467,1400.0,800.0,3.694,13.9328,1.0892,1.1241,0.70711,0.70711,1,4,0.0,0.127174,0.160714,SIMULADO_CONTROLADO
0.62216,0.86376,43.21757,101.716,9000.0,500.0,5.333,4.2,1.3135,1.1034,-0.86603,0.5,2,1,1.1363,0.148134,0.223225,SIMULADO_CONTROLADO
2.30138,5.78424,23.87228,2388.711,1400.0,4000.0,3.97,13.2974,1.1275,1.0482,0.25882,0.96593,3,5,0.01,0.17307,0.275364,SIMULADO_CONTROLADO
2.97094,5.18521,34.37781,414.944,1400.0,1200.0,2.93,14.3685,1.0,1.0796,-0.70711,0.70711,0,6,4.2761,0.206767,0.261761,SIMULADO_CONTROLADO
2.99217,3.25085,55.22566,1006.44,6500.0,1200.0,3.655,10.5575,1.0,1.0373,-0.25882,0.96593,2,3,0.1858,0.283417,0.364814,SIMULADO_CONTROLADO
2.71026,7.48251,21.73279,1659.286,2800.0,2500.0,5.42,12.5917,1.0,1.0719,1.0,0.0,3,4,4.8439,0.215242,0.311574,SIMULADO_CONTROLADO
2.62916,8.18125,19.28183,1307.169,2200.0,1800.0,3.749,14.8797,1.2589,0.98,-0.70711,0.70711,3,3,4.1708,0.176694,0.271578,SIMULADO_CONTROLADO
1.13158,1.50827,45.01512,1091.388,6500.0,2500.0,4.142,6.9499,1.0,0.98,-0.25882,-0.96593,1,1,3.1081,0.162819,0.183607,SIMULADO_CONTROLADO
1.18112,4.00651,17.68804,4293.785,4200.0,7000.0,2.117,11.42,1.208,0.98,0.0,-1.0,0,0,2.4908,0.103426,0.14894,SIMULADO_CONTROLADO
0.71445,1.50862,28.41444,1424.373,2200.0,2500.0,1.24,16.7304,1.1819,0.9987,-0.5,0.86603,1,1,0.5162,0.042703,0.058363,SIMULADO_CONTROLADO
4.14689,9.78852,25.41892,413.286,1400.0,500.0,6.127,11.9512,1.1496,1.006,-1.0,-0.0,3,2,3.9889,0.346987,0.565077,SIMULADO_CONTROLADO
6.87522,15.62355,26.4033,574.66,6500.0,800.0,2.62,8.4054,1.2301,1.0552,-0.70711,0.70711,3,13,1.6549,0.817954,1.569356,SIMULADO_CONTROLADO
11.33277,16.44821,41.33984,869.534,2800.0,1800.0,3.042,12.5049,1.1853,1.0234,-0.70711,0.70711,2,12,4.328,0.906265,1.369083,SIMULADO_CONTROLADO
2.42197,4.77991,30.40184,1619.111,9000.0,1800.0,1.809,9.6078,1.0,1.0337,-0.96593,-0.25882,0,2,5.8605,0.252083,0.384021,SIMULADO_CONTROLADO
2.63403,6.20447,25.47226,160.108,2200.0,1200.0,3.919,12.2307,1.1082,0.9817,0.25882,-0.96593,0,5,2.0655,0.215363,0.27266,SIMULADO_CONTROLADO
1.82866,3.30898,33.15817,701.588,1400.0,800.0,5.107,13.971,1.228,0.98,0.86603,0.5,1,3,5.4872,0.13089,0.209226,SIMULADO_CONTROLADO
2.39384,3.60084,39.88794,271.676,900.0,500.0,4.836,14.3942,1.4224,1.0368,0.5,0.86603,2,4,3.113,0.166306,0.274418,SIMULADO_CONTROLADO
0.89644,3.40205,15.80999,139.734,1400.0,800.0,5.735,10.7052,1.4298,1.0106,1.0,0.0,0,1,3.9672,0.083739,0.128196,SIMULADO_CONTROLADO
1.79947,2.13498,50.57113,2871.872,6500.0,7000.0,2.719,9.2577,1.0,1.0352,0.25882,-0.96593,2,3,0.0,0.194375,0.21948,SIMULADO_CONTROLADO
1.02214,1.26159,48.61185,847.373,2200.0,1200.0,2.868,12.846,1.104,1.0595,0.70711,0.70711,2,1,1.2717,0.079569,0.101258,SIMULADO_CONTROLADO
1.61896,3.30193,29.4185,2369.744,2800.0,7000.0,6.318,12.1707,1.0,1.1088,0.86603,-0.5,0,2,1.2489,0.133021,0.172195,SIMULADO_CONTROLADO
1.10161,3.91655,16.87616,735.224,1400.0,1200.0,3.62,16.0579,1.4032,1.0341,-0.96593,0.25882,0,0,5.5403,0.068602,0.129163,SIMULADO_CONTROLADO
2.97206,5.10556,34.92727,329.264,9000.0,1200.0,5.623,5.0562,1.3221,1.1166,0.0,1.0,1,2,1.9767,0.587801,0.980255,SIMULADO_CONTROLADO
3.24199,4.46591,43.55652,600.277,9000.0,1800.0,4.441,5.5881,1.2161,1.0533,0.96593,-0.25882,2,7,4.0333,0.580165,0.949603,SIMULADO_CONTROLADO
2.57513,7.9718,19.38177,4798.223,6500.0,7000.0,2.159,12.55,1.1866,1.066,-0.25882,0.96593,3,7,2.554,0.205189,0.353941,SIMULADO_CONTROLADO
1.18545,2.25473,31.54556,890.843,6500.0,1800.0,6.274,6.8227,1.3809,1.0824,0.96593,-0.25882,1,1,1.9641,0.173751,0.325365,SIMULADO_CONTROLADO
0.66608,1.30999,30.50788,135.804,2800.0,500.0,2.92,11.2746,1.3538,1.0674,-0.96593,-0.25882,1,0,0.0,0.059078,0.092453,SIMULADO_CONTROLADO
3.26771,8.93903,21.9333,308.683,900.0,800.0,4.601,15.6824,1.3453,0.9989,-0.5,-0.86603,3,9,0.0,0.208368,0.332796,SIMULADO_CONTROLADO
2.06152,4.0785,30.32767,5609.085,900.0,7000.0,2.549,14.8922,1.2331,1.0837,-1.0,-0.0,1,4,2.0021,0.13843,0.222473,SIMULADO_CONTROLADO
0.32418,0.59941,32.44968,549.49,2800.0,800.0,4.251,12.627,1.1041,1.0182,-0.96593,-0.25882,1,0,2.1244,0.025674,0.036647,SIMULADO_CONTROLADO
2.28713,4.35599,31.50326,2418.769,6500.0,4000.0,4.068,11.3472,1.2827,1.0486,-0.5,-0.86603,1,4,0.8681,0.201558,0.348619,SIMULADO_CONTROLADO
2.64839,6.76571,23.48655,5116.899,900.0,7000.0,2.584,13.2538,1.2906,1.041,-0.25882,0.96593,0,4,3.0182,0.19982,0.338691,SIMULADO_CONTROLADO
0.46116,0.85873,32.22164,567.118,2800.0,800.0,6.44,11.0672,1.1295,1.0865,1.0,0.0,1,0,6.8372,0.041669,0.063688,SIMULADO_CONTROLADO
3.00903,4.07756,44.27685,615.372,9000.0,1800.0,1.946,5.6409,1.1038,1.0527,1.0,0.0,2,1,5.8486,0.533426,0.707567,SIMULADO_CONTROLADO
0.54117,1.67655,19.36741,1819.787,6500.0,2500.0,3.548,9.3056,1.3413,0.98,-0.5,-0.86603,3,0,2.6782,0.058156,0.099063,SIMULADO_CONTROLADO
1.07577,1.8166,35.53131,2325.814,2800.0,4000.0,1.366,12.9216,1.4263,1.1291,-0.96593,-0.25882,2,1,2.7511,0.083254,0.167997,SIMULADO_CONTROLADO
0.545,1.79413,18.22618,3452.71,4200.0,4000.0,4.818,9.2242,1.0401,1.0726,-0.86603,-0.5,3,1,3.9738,0.059084,0.088662,SIMULADO_CONTROLADO
0.97787,1.10572,53.06253,417.146,900.0,500.0,3.649,15.3366,1.1179,1.0102,-0.5,0.86603,2,2,3.1455,0.063761,0.087603,SIMULADO_CONTROLADO
0.6719,1.82081,22.14085,557.428,900.0,1200.0,4.168,14.2366,1.2161,0.9838,-0.5,-0.86603,0,0,3.9774,0.047196,0.069507,SIMULADO_CONTROLADO
4.12895,6.42991,38.52888,610.701,2200.0,7000.0,4.902,11.0921,1.2379,1.0777,-1.0,-0.0,1,4,3.2051,0.372242,0.591884,SIMULADO_CONTROLADO
1.69692,4.36245,23.33899,667.753,6500.0,1200.0,5.249,6.7094,1.0764,0.9891,0.70711,0.70711,3,2,2.8235,0.252917,0.346344,SIMULADO_CONTROLADO
1.41948,3.92342,21.70781,302.745,900.0,800.0,6.319,13.5059,1.4614,1.071,0.0,1.0,0,2,1.2566,0.105101,0.189042,SIMULADO_CONTROLADO
4.39819,13.51902,19.52002,1667.593,6500.0,2500.0,5.779,5.8944,1.2275,1.0831,-0.96593,0.25882,3,14,3.3598,0.746159,1.455,SIMULADO_CONTROLADO
4.24543,7.59122,33.5553,207.14,1400.0,800.0,2.916,14.5607,1.245,1.0058,0.5,-0.86603,2,8,0.0,0.291567,0.401276,SIMULADO_CONTROLADO
1.5145,3.69528,24.59076,598.418,900.0,800.0,5.055,15.4329,1.4414,1.0017,0.96593,-0.25882,1,3,3.1549,0.098134,0.179089,SIMULADO_CONTROLADO
2.53865,6.77818,22.47193,3423.602,900.0,4000.0,1.603,16.1793,1.0882,1.0138,-1.0,-0.0,3,5,0.0,0.156907,0.240839,SIMULADO_CONTROLADO
1.2651,3.26103,23.27676,222.782,4200.0,500.0,1.922,11.1872,1.1459,0.9905,0.70711,-0.70711,3,3,3.1566,0.113085,0.175803,SIMULADO_CONTROLADO
1.90621,5.00726,22.8413,6064.47,900.0,7000.0,3.636,14.793,1.0,1.0453,0.0,1.0,0,4,0.5436,0.128858,0.159148,SIMULADO_CONTROLADO
0.7951,1.81548,26.27744,388.699,2800.0,800.0,3.636,11.0619,1.1324,1.0518,-0.25882,-0.96593,0,1,5.2825,0.071878,0.097048,SIMULADO_CONTROLADO
2.81291,3.34135,50.51094,462.004,9000.0,500.0,3.88,6.4173,1.0,1.0677,0.70711,0.70711,2,2,2.7865,0.438331,0.587795,SIMULADO_CONTROLADO
4.51652,13.23523,20.47498,2371.014,4200.0,4000.0,3.719,10.7344,1.2797,0.9975,-0.25882,0.96593,3,7,2.6026,0.42075,0.720045,SIMULADO_CONTROLADO
3.98812,9.81961,24.3683,628.648,2200.0,800.0,4.599,11.4831,1.2272,1.0728,0.96593,-0.25882,0,2,3.4513,0.347304,0.614415,SIMULADO_CONTROLADO
2.13519,2.45087,52.27179,743.254,9000.0,1200.0,6.258,5.9323,1.1157,0.9906,0.96593,-0.25882,2,1,0.7846,0.359924,0.469349,SIMULADO_CONTROLADO
0.28751,0.56573,30.49262,796.925,900.0,1200.0,2.115,12.7752,1.1439,1.0728,-0.86603,0.5,0,0,4.9552,0.022505,0.035059,SIMULADO_CONTROLADO
1.21594,1.63056,44.74321,978.525,1400.0,1800.0,3.095,12.7845,1.2818,0.98,0.25882,0.96593,2,2,4.0558,0.095111,0.145267,SIMULADO_CONTROLADO
1.90436,1.95514,58.44157,1156.333,1400.0,1800.0,1.594,13.6042,1.0,1.1055,-0.86603,-0.5,2,1,1.4428,0.139983,0.169109,SIMULADO_CONTROLADO
0.58778,1.48476,23.75234,755.417,900.0,800.0,2.26,14.4773,1.1927,1.0115,-0.25882,0.96593,0,0,0.3765,0.0406,0.059223,SIMULADO_CONTROLADO
0.48805,0.53696,54.53413,270.848,9000.0,800.0,6.433,6.6645,1.2719,1.062,0.0,1.0,2,0,1.7155,0.073231,0.110365,SIMULADO_CONTROLADO
5.36946,16.00856,20.12472,225.212,1400.0,800.0,1.41,15.8708,1.0,1.0655,-0.5,0.86603,3,17,2.2739,0.338324,0.460442,SIMULADO_CONTROLADO
3.67267,12.53446,17.58037,471.395,900.0,500.0,2.332,15.1768,1.2696,0.98,-0.5,-0.86603,3,4,0.2221,0.241993,0.413254,SIMULADO_CONTROLADO
2.97029,5.30324,33.60543,1569.604,9000.0,2500.0,3.46,6.5126,1.0,1.0726,0.86603,0.5,0,1,1.5406,0.456085,0.617373,SIMULADO_CONTROLADO
3.38221,6.92618,29.29935,1087.972,9000.0,1800.0,2.751,6.7479,1.1412,1.0102,-0.86603,0.5,0,5,1.2577,0.501226,0.727024,SIMULADO_CONTROLADO
0.69385,1.30302,31.94956,21.477,1400.0,500.0,4.09,15.4058,1.0,1.0212,-0.96593,0.25882,0,1,2.0753,0.045038,0.051083,SIMULADO_CONTROLADO
0.9485,1.72775,32.93887,487.178,2200.0,1200.0,6.449,9.719,1.389,1.0048,-0.25882,0.96593,1,0,2.0921,0.097593,0.144094,SIMULADO_CONTROLADO
2.42734,6.72215,21.66577,1833.381,4200.0,2500.0,4.931,11.507,1.0,1.1076,-0.5,0.86603,0,4,3.525,0.210945,0.313567,SIMULADO_CONTROLADO
2.56874,4.91513,31.35719,180.187,2200.0,800.0,3.351,12.6822,1.0,0.9824,-0.5,-0.86603,3,5,2.5656,0.202547,0.242981,SIMULADO_CONTROLADO
0.55297,1.63064,20.34691,1088.609,6500.0,1200.0,4.82,8.9348,1.1813,1.0544,0.0,1.0,3,1,3.3443,0.06189,0.104616,SIMULADO_CONTROLADO
2.30193,4.96114,27.83952,1545.744,1400.0,4000.0,5.823,13.589,1.0938,1.0069,-0.96593,-0.25882,3,6,3.0226,0.169396,0.244636,SIMULADO_CONTROLADO
1.9315,5.30003,21.86589,1173.374,6500.0,2500.0,2.414,10.2937,1.0,1.0841,-1.0,-0.0,0,0,2.0907,0.187638,0.255727,SIMULADO_CONTROLADO
3.90113,9.31076,25.1395,191.278,2800.0,2500.0,5.0,13.8505,1.2441,1.1395,-1.0,-0.0,0,2,3.9358,0.28166,0.441207,SIMULADO_CONTROLADO
2.57799,6.8003,22.74599,393.551,900.0,1200.0,4.454,12.4505,1.0,1.0066,0.86603,0.5,3,5,0.0,0.20706,0.23478,SIMULADO_CONTROLADO
5.78188,7.83303,44.28848,707.359,4200.0,1800.0,5.089,11.7164,1.0,1.0413,-0.96593,-0.25882,1,4,1.7465,0.493488,0.620565,SIMULADO_CONTROLADO
1.52148,1.73,52.76809,649.886,900.0,4000.0,1.646,15.2827,1.068,1.0177,-0.96593,0.25882,2,0,1.3016,0.099556,0.115952,SIMULADO_CONTROLADO
0.74029,2.12842,20.86877,3656.232,6500.0,7000.0,5.085,7.6589,1.2884,1.0817,0.25882,0.96593,3,1,2.7507,0.096658,0.170821,SIMULADO_CONTROLADO
5.68065,19.25024,17.70569,177.344,9000.0,500.0,5.377,8.0211,1.3673,1.0238,0.0,1.0,0,7,1.1679,0.708215,1.292102,SIMULADO_CONTROLADO
2.67673,7.22799,22.21973,1773.25,1400.0,4000.0,4.842,14.2632,1.3364,1.0757,0.5,0.86603,0,5,3.6527,0.187666,0.321725,SIMULADO_CONTROLADO
1.9403,4.52988,25.69996,4771.148,2800.0,7000.0,2.245,12.6889,1.1355,1.0171,-0.86603,-0.5,0,3,4.0232,0.152912,0.215986,SIMULADO_CONTROLADO
0.98109,1.84062,31.98124,4963.5,2200.0,7000.0,2.055,15.024,1.0,1.136,0.96593,-0.25882,0,2,0.0,0.065301,0.094627,SIMULADO_CONTROLADO
1.53596,3.23402,28.49633,578.755,900.0,800.0,5.113,13.7437,1.2225,0.98,-0.96593,0.25882,0,2,2.9693,0.111758,0.166189,SIMULADO_CONTROLADO
1.47072,4.76492,18.5193,1131.789,4200.0,1800.0,4.633,10.1958,1.3953,1.052,-0.5,0.86603,3,3,0.0,0.144248,0.267903,SIMULADO_CONTROLADO
0.70896,1.20115,35.41376,371.68,900.0,500.0,6.413,12.4867,1.3574,1.0345,0.0,1.0,2,0,3.5073,0.056777,0.090236,SIMULADO_CONTROLADO
0.18866,0.54714,20.68846,90.256,900.0,500.0,3.61,14.8409,1.2341,1.0329,-0.96593,-0.25882,3,0,1.5203,0.012712,0.019543,SIMULADO_CONTROLADO
1.44247,2.44181,35.4443,1387.077,6500.0,1800.0,2.415,8.6764,1.0,1.0478,-1.0,-0.0,3,1,0.8111,0.166251,0.237668,SIMULADO_CONTROLADO
3.44265,6.92702,29.81928,271.198,1400.0,800.0,5.28,13.4107,1.076,1.0376,0.25882,0.96593,3,2,0.0,0.256709,0.332823,SIMULADO_CONTROLADO
4.77807,33.65331,8.51876,627.677,9000.0,800.0,5.167,6.7392,1.4694,1.0449,0.5,0.86603,0,8,2.3064,0.708998,1.496785,SIMULADO_CONTROLADO
4.00598,5.68851,42.25337,352.064,4200.0,1200.0,3.97,11.146,1.0,1.0534,-0.96593,0.25882,1,4,0.0682,0.359411,0.456857,SIMULADO_CONTROLADO
4.166,8.70077,28.72848,1703.796,2800.0,1800.0,5.154,14.2525,1.0,1.1137,0.25882,0.96593,3,3,0.0,0.2923,0.459441,SIMULADO_CONTROLADO
0.79232,2.14553,22.15733,359.617,2200.0,800.0,2.846,13.5351,1.3108,0.98,0.86603,0.5,0,1,2.8905,0.058538,0.090522,SIMULADO_CONTROLADO
2.46116,5.75554,25.65698,3032.135,2200.0,4000.0,2.343,15.3644,1.091,1.1181,-0.5,0.86603,0,2,4.5354,0.160187,0.245438,SIMULADO_CONTROLADO
2.98678,3.32282,53.93214,1117.599,1400.0,2500.0,1.868,15.9308,1.0,1.1502,-0.96593,-0.25882,2,6,3.3284,0.187484,0.25343,SIMULADO_CONTROLADO
3.12324,9.36551,20.009,1087.954,4200.0,4000.0,2.74,13.3976,1.4045,0.98,-0.5,0.86603,3,10,0.0,0.23312,0.399034,SIMULADO_CONTROLADO
1.9071,7.30257,15.66923,3455.433,4200.0,7000.0,4.669,13.0654,1.2338,1.0372,1.0,0.0,3,3,2.2128,0.145966,0.24605,SIMULADO_CONTROLADO
2.24407,4.89535,27.50453,701.664,900.0,2500.0,2.57,12.83,1.0989,1.0967,-0.96593,-0.25882,3,3,3.9292,0.174908,0.275374,SIMULADO_CONTROLADO
3.92503,7.9091,29.77603,348.176,2200.0,1200.0,5.882,12.4712,1.0,1.0763,-0.5,-0.86603,0,9,2.2136,0.314727,0.392521,SIMULADO_CONTROLADO
2.91053,13.36572,13.06566,3423.788,9000.0,7000.0,2.524,6.7301,1.4876,1.1104,-0.70711,0.70711,3,9,3.1836,0.432467,0.977471,SIMULADO_CONTROLADO
3.30092,7.58192,26.12206,1563.452,2800.0,1800.0,4.828,12.1613,1.1561,1.0517,0.96593,0.25882,3,11,1.5818,0.271428,0.459359,SIMULADO_CONTROLADO
1.38812,2.48088,33.57164,466.514,1400.0,1800.0,3.996,13.3249,1.3836,0.98,0.0,1.0,2,0,1.6921,0.104175,0.153246,SIMULADO_CONTROLADO
3.18039,11.24745,16.96593,971.075,1400.0,1200.0,2.321,13.9033,1.303,1.0937,0.70711,-0.70711,3,8,1.1148,0.228751,0.461616,SIMULADO_CONTROLADO
2.22187,6.36841,20.93335,392.414,1400.0,500.0,4.148,12.414,1.0767,1.0636,0.0,-1.0,3,3,3.7852,0.178981,0.27208,SIMULADO_CONTROLADO
3.65734,4.61597,47.53936,6004.373,9000.0,7000.0,6.26,5.2998,1.0779,1.101,-0.25882,-0.96593,1,4,3.9177,0.690087,1.028986,SIMULADO_CONTROLADO
1.13125,3.60639,18.82077,3061.627,2200.0,4000.0,6.204,13.129,1.3914,0.98,-0.86603,0.5,0,0,1.3341,0.086165,0.147165,SIMULADO_CONTROLADO
3.45443,9.63613,21.5092,556.601,2200.0,2500.0,2.745,12.9721,1.394,0.9803,-0.86603,-0.5,1,6,4.0852,0.266296,0.394117,SIMULADO_CONTROLADO
1.55303,3.36728,27.67274,25.921,900.0,800.0,4.043,13.8863,1.0,1.0357,-0.70711,0.70711,0,2,0.0,0.111839,0.123091,SIMULADO_CONTROLADO
3.46545,8.04007,25.86134,5914.439,9000.0,7000.0,2.0,6.2625,1.248,1.095,-0.96593,-0.25882,0,6,2.1406,0.553364,1.049518,SIMULADO_CONTROLADO
2.47285,5.0401,29.43815,163.669,2200.0,800.0,3.686,11.9481,1.1406,1.1075,0.86603,-0.5,0,1,0.0,0.206966,0.295364,SIMULADO_CONTROLADO
2.10101,1.96644,64.10616,591.426,4200.0,800.0,2.904,11.2099,1.0,1.0023,-0.96593,0.25882,2,5,0.1231,0.187426,0.238445,SIMULADO_CONTROLADO
1.62194,1.89371,51.38925,95.484,6500.0,500.0,6.126,8.155,1.2019,1.0167,0.96593,-0.25882,2,1,0.0,0.198888,0.271252,SIMULADO_CONTROLADO
1.94675,2.0951,55.75169,304.334,2200.0,1200.0,4.553,14.2599,1.0,1.1642,-0.96593,0.25882,2,4,1.123,0.13652,0.164398,SIMULADO_CONTROLADO
1.44526,1.84076,47.10844,275.301,2800.0,1200.0,2.18,11.7884,1.0854,1.0101,-0.86603,-0.5,2,2,3.8015,0.1226,0.144439,SIMULADO_CONTROLADO
1.595,1.60093,59.77808,738.102,900.0,4000.0,6.459,13.1568,1.0322,1.0654,0.96593,0.25882,2,0,2.3354,0.12123,0.136445,SIMULADO_CONTROLADO
2.85525,3.4644,49.4501,401.276,4200.0,1200.0,4.879,12.0182,1.08,1.0147,0.25882,0.96593,2,5,1.2738,0.237578,0.301319,SIMULADO_CONTROLADO
0.3895,0.99502,23.48696,2108.911,4200.0,7000.0,1.914,10.5242,1.1486,1.0564,-0.70711,0.70711,0,0,2.1356,0.03701,0.049132,SIMULADO_CONTROLADO
3.43267,8.82748,23.3317,715.333,1400.0,1200.0,5.438,14.6735,1.0,0.996,-1.0,-0.0,3,4,0.0,0.233937,0.324682,SIMULADO_CONTROLADO
3.47283,8.42169,24.74203,1396.25,1400.0,1800.0,4.155,13.2035,1.4117,0.9973,0.25882,0.96593,1,2,3.7008,0.263024,0.46533,SIMULADO_CONTROLADO
1.66118,4.45867,22.35445,784.234,2200.0,2500.0,3.321,14.159,1.2389,1.0183,0.96593,0.25882,0,3,0.0,0.117324,0.165681,SIMULADO_CONTROLADO
2.28793,8.3996,16.34314,3085.116,4200.0,4000.0,2.24,11.5301,1.4471,1.0105,0.25882,-0.96593,3,8,1.0148,0.198431,0.383102,SIMULADO_CONTROLADO
0.88916,1.03778,51.40695,2936.507,2800.0,4000.0,2.673,13.5476,1.1344,1.0213,0.0,-1.0,2,1,2.3344,0.065632,0.086498,SIMULADO_CONTROLADO
2.72439,6.1853,26.42767,1847.495,900.0,7000.0,2.086,17.0919,1.0722,1.0587,0.70711,-0.70711,0,2,3.4356,0.159396,0.220479,SIMULADO_CONTROLADO
0.99345,3.78601,15.74403,2525.731,4200.0,7000.0,5.458,10.1983,1.4413,1.1201,0.86603,0.5,0,1,3.0019,0.097414,0.179286,SIMULADO_CONTROLADO
0.08,0.22132,21.68768,381.955,4200.0,500.0,2.647,12.8048,1.0675,1.0084,-0.86603,-0.5,0,0,2.3961,0.006248,0.008338,SIMULADO_CONTROLADO
4.65548,7.35889,37.95802,439.67,1400.0,500.0,3.691,14.2687,1.1315,0.9905,-0.96593,-0.25882,1,7,5.5607,0.326272,0.482233,SIMULADO_CONTROLADO
0.7998,2.01494,23.81608,1290.771,2800.0,1800.0,6.33,10.4083,1.2752,1.0354,-0.70711,-0.70711,0,0,6.7312,0.076842,0.132199,SIMULADO_CONTROLADO
1.91458,2.17637,52.78275,97.709,6500.0,800.0,6.471,7.4133,1.0,0.9967,-0.5,0.86603,2,2,2.5148,0.258263,0.27822,SIMULADO_CONTROLADO
2.35279,3.41744,41.30782,576.907,2200.0,1800.0,5.394,12.1231,1.2738,0.98,0.70711,-0.70711,2,4,2.2898,0.194075,0.275259,SIMULADO_CONTROLADO
2.85073,7.95525,21.50072,2353.256,900.0,2500.0,5.434,11.9604,1.2533,1.0829,0.0,-1.0,3,10,2.1646,0.238347,0.444828,SIMULADO_CONTROLADO
2.04685,2.67494,45.91162,182.897,9000.0,800.0,6.208,5.7574,1.3631,1.0386,0.96593,-0.25882,2,1,1.2172,0.355517,0.567127,SIMULADO_CONTROLADO
2.50727,3.8466,39.10892,469.108,900.0,500.0,5.423,14.4491,1.3024,1.043,-0.5,0.86603,2,3,3.2893,0.173524,0.290716,SIMULADO_CONTROLADO
1.63017,2.41148,40.56039,3274.156,900.0,7000.0,3.59,15.4594,1.368,0.98,0.5,-0.86603,2,2,5.1702,0.105449,0.153406,SIMULADO_CONTROLADO
0.4734,0.94381,30.09514,782.762,1400.0,1200.0,1.52,16.6319,1.1423,1.0087,0.70711,-0.70711,0,0,0.0,0.028464,0.041964,SIMULADO_CONTROLADO
1.9872,4.54208,26.25053,3710.253,6500.0,4000.0,2.304,10.6077,1.022,0.98,-0.96593,-0.25882,0,2,2.1437,0.187335,0.260746,SIMULADO_CONTROLADO
3.13334,5.12781,36.66296,1703.927,4200.0,2500.0,3.556,10.4761,1.4976,1.0341,1.0,0.0,2,1,5.626,0.299094,0.545533,SIMULADO_CONTROLADO
0.84657,1.70176,29.84802,475.814,1400.0,2500.0,2.607,13.9588,1.0,1.041,0.86603,-0.5,0,0,3.3256,0.060648,0.075587,SIMULADO_CONTROLADO
2.3707,5.74604,24.75482,1494.34,900.0,4000.0,2.945,15.7814,1.0,1.041,-0.86603,0.5,0,4,3.369,0.150221,0.186919,SIMULADO_CONTROLADO
6.54946,15.93159,24.66592,512.904,9000.0,800.0,1.512,7.7871,1.2504,1.005,0.0,1.0,0,7,0.0,0.841065,1.30288,SIMULADO_CONTROLADO
1.88831,6.38957,17.73184,719.182,900.0,800.0,4.126,14.2218,1.42,0.9966,0.0,1.0,3,5,3.9745,0.132776,0.267115,SIMULADO_CONTROLADO
1.96393,3.1419,37.50473,1959.389,9000.0,7000.0,3.063,5.5718,1.1903,1.0263,-0.86603,0.5,1,1,4.6192,0.352476,0.461,SIMULADO_CONTROLADO
0.43196,0.70195,36.92264,2226.064,2800.0,2500.0,2.572,12.4058,1.3199,1.0511,1.0,0.0,2,0,2.9199,0.03482,0.059876,SIMULADO_CONTROLADO
0.75515,1.07776,42.03988,406.39,1400.0,1200.0,4.435,14.3036,1.0,1.0089,-1.0,-0.0,1,1,1.1233,0.052794,0.06123,SIMULADO_CONTROLADO
1.00324,1.80748,33.30284,1256.425,2200.0,2500.0,2.667,11.2589,1.0801,0.9928,-0.86603,-0.5,0,2,3.4299,0.089107,0.11857,SIMULADO_CONTROLADO
3.04757,3.63455,50.31,640.857,2200.0,1200.0,3.724,10.3161,1.0,0.9947,0.86603,0.5,1,2,0.3205,0.295417,0.351763,SIMULADO_CONTROLADO
0.90109,1.89909,28.46926,4647.897,1400.0,7000.0,2.506,15.3044,1.2849,1.0054,0.86603,0.5,0,1,0.0426,0.058878,0.088826,SIMULADO_CONTROLADO
2.68396,7.93613,20.29171,1126.129,2800.0,1800.0,4.807,11.3968,1.0,1.0146,-0.25882,0.96593,3,9,4.1845,0.235501,0.315863,SIMULADO_CONTROLADO
1.08625,2.04925,31.80421,68.789,4200.0,1200.0,5.727,10.7851,1.0,0.9856,-0.70711,0.70711,0,0,4.8012,0.100717,0.112189,SIMULADO_CONTROLADO
0.45095,0.8488,31.8772,1295.725,2800.0,2500.0,1.633,15.3571,1.2422,1.015,1.0,0.0,1,0,0.9405,0.029365,0.040297,SIMULADO_CONTROLADO
3.31316,9.97231,19.93412,2622.427,4200.0,4000.0,5.545,9.089,1.3299,1.0906,0.25882,-0.96593,3,5,0.0528,0.364525,0.668838,SIMULADO_CONTROLADO
1.48402,1.96178,45.38786,848.196,9000.0,1200.0,5.714,4.2,1.1346,1.0217,-0.86603,0.5,2,3,0.6565,0.353338,0.483584,SIMULADO_CONTROLADO
2.86595,6.43716,26.71314,1086.969,900.0,4000.0,6.314,12.927,1.2512,0.98,0.96593,0.25882,1,2,2.9151,0.221703,0.288172,SIMULADO_CONTROLADO
0.43396,0.6089,42.76155,320.482,6500.0,800.0,5.588,7.1638,1.246,0.98,-0.70711,-0.70711,2,0,0.0552,0.060576,0.079549,SIMULADO_CONTROLADO
0.1626,0.38865,25.10214,332.709,1400.0,800.0,4.128,13.7121,1.1255,1.1176,0.86603,-0.5,3,0,5.1961,0.011858,0.019778,SIMULADO_CONTROLADO
2.20725,3.06904,43.152,2746.575,900.0,4000.0,1.572,16.0381,1.0,1.0863,-0.70711,0.70711,1,2,1.5237,0.137626,0.180372,SIMULADO_CONTROLADO
0.72944,0.95983,45.59833,1408.378,2200.0,2500.0,1.595,14.4745,1.2504,1.0478,1.0,0.0,2,0,3.2692,0.050395,0.073978,SIMULADO_CONTROLADO
2.18372,6.3184,20.73671,460.439,2200.0,500.0,2.243,13.8464,1.2581,1.0873,0.5,-0.86603,3,5,0.9393,0.15771,0.288407,SIMULADO_CONTROLADO
2.21918,3.0381,43.82697,1983.338,9000.0,2500.0,3.57,7.6635,1.303,1.0587,-0.86603,-0.5,2,0,3.7264,0.289579,0.484868,SIMULADO_CONTROLADO
2.01241,3.27836,36.83078,125.232,2200.0,1200.0,6.264,12.7861,1.2099,1.0316,-0.86603,-0.5,1,2,3.8984,0.15739,0.200052,SIMULADO_CONTROLADO
4.14343,8.60191,28.90127,150.216,6500.0,800.0,2.129,9.3241,1.0,0.98,0.5,0.86603,0,1,0.0,0.444379,0.471297,SIMULADO_CONTROLADO
2.64989,6.6399,23.94516,305.617,9000.0,1200.0,4.056,6.9373,1.2705,1.1209,0.5,0.86603,0,4,1.0727,0.381979,0.66704,SIMULADO_CONTROLADO
6.54521,13.76545,28.52886,1307.686,2200.0,1800.0,6.49,10.0249,1.1598,1.0153,-0.86603,0.5,3,17,2.1711,0.652898,1.117992,SIMULADO_CONTROLADO
1.51701,1.77206,51.36414,4712.311,1400.0,7000.0,1.273,16.3036,1.0828,1.0178,-1.0,-0.0,2,0,1.3971,0.093047,0.118144,SIMULADO_CONTROLADO
0.60071,0.95072,37.91091,857.092,9000.0,1800.0,1.449,7.3746,1.1129,1.0367,0.70711,0.70711,1,0,4.3303,0.081457,0.117617,SIMULADO_CONTROLADO
1.1511,1.70835,40.42835,853.692,2800.0,1200.0,2.631,11.5754,1.0496,1.0375,-0.70711,-0.70711,1,2,1.2459,0.099443,0.123444,SIMULADO_CONTROLADO
1.59137,2.30834,41.36409,2212.724,2800.0,4000.0,2.393,12.6231,1.3022,1.0609,1.0,0.0,2,1,4.0012,0.126069,0.195578,SIMULADO_CONTROLADO
6.9108,7.78556,53.25858,1263.529,6500.0,1800.0,3.843,10.0159,1.0,1.0557,0.70711,-0.70711,2,15,3.5178,0.689984,0.991257,SIMULADO_CONTROLADO
2.10076,2.2598,55.77745,358.819,2200.0,500.0,3.428,12.336,1.001,1.009,-0.70711,-0.70711,2,4,2.2733,0.170295,0.200362,SIMULADO_CONTROLADO
4.24929,7.1011,35.90394,977.006,2800.0,2500.0,4.293,12.7607,1.1074,1.0362,-0.70711,-0.70711,1,3,4.0883,0.332998,0.432134,SIMULADO_CONTROLADO
1.4157,2.22365,38.19949,1263.067,9000.0,1800.0,1.98,8.1638,1.4182,1.0594,0.86603,-0.5,2,2,0.0,0.173413,0.326632,SIMULADO_CONTROLADO
1.27661,2.69249,28.44814,1200.017,900.0,2500.0,4.835,13.9536,1.3287,1.0052,-0.96593,0.25882,1,2,2.3704,0.09149,0.151505,SIMULADO_CONTROLADO
0.41433,0.97751,25.43205,659.898,6500.0,800.0,2.338,8.4104,1.0,1.1001,0.0,-1.0,3,1,0.8741,0.049264,0.06759,SIMULADO_CONTROLADO
6.76526,16.81807,24.13569,465.39,2200.0,1800.0,3.596,13.1053,1.3762,1.0341,-0.96593,0.25882,0,12,2.2755,0.516223,0.935826,SIMULADO_CONTROLADO
5.22689,14.96523,20.95614,1708.581,2800.0,2500.0,1.377,11.8892,1.3759,1.1069,-0.25882,-0.96593,0,4,1.5142,0.439634,0.856133,SIMULADO_CONTROLADO
2.38891,4.21988,33.96649,784.551,9000.0,2500.0,5.429,4.9707,1.0,0.98,0.86603,-0.5,1,5,2.626,0.480596,0.581594,SIMULADO_CONTROLADO
1.66749,1.74419,57.36149,721.186,4200.0,2500.0,4.524,9.4357,1.0,1.0645,1.0,0.0,2,1,2.5199,0.176722,0.200282,SIMULADO_CONTROLADO
2.16192,2.68164,48.3716,2667.582,2200.0,7000.0,2.306,13.7058,1.1484,0.9949,0.0,1.0,2,3,2.7914,0.157738,0.193345,SIMULADO_CONTROLADO
0.5762,1.26267,27.38,448.246,9000.0,1800.0,4.389,4.5016,1.3396,1.0064,0.0,-1.0,1,1,2.8746,0.127997,0.212161,SIMULADO_CONTROLADO
2.86205,8.26948,20.7659,957.428,4200.0,1800.0,3.516,11.3178,1.4146,1.0757,-0.25882,-0.96593,3,5,3.7041,0.25288,0.523762,SIMULADO_CONTROLADO
4.9403,8.33669,35.55584,512.873,1400.0,1800.0,5.579,14.4488,1.0207,1.0247,-0.5,0.86603,1,7,0.0,0.341918,0.393698,SIMULADO_CONTROLADO
5.1081,12.25435,25.01038,530.084,900.0,1200.0,6.414,14.6486,1.4403,1.1519,1.0,0.0,0,9,3.5697,0.348709,0.741795,SIMULADO_CONTROLADO
0.43418,0.87504,29.77053,888.118,2200.0,1200.0,1.86,12.4685,1.0,1.0583,0.0,1.0,0,0,0.0,0.034822,0.043374,SIMULADO_CONTROLADO
4.22251,18.58926,13.62886,956.493,6500.0,2500.0,3.798,7.9918,1.1011,1.0037,-0.70711,0.70711,3,8,0.0,0.528356,0.730615,SIMULADO_CONTROLADO
0.58022,1.2365,28.15453,340.234,2200.0,1200.0,2.568,14.6679,1.0932,1.0584,-0.5,-0.86603,0,0,6.6422,0.039557,0.051568,SIMULADO_CONTROLADO
0.17995,0.6362,16.97125,724.554,1400.0,4000.0,5.173,14.1169,1.3444,1.0243,0.25882,0.96593,3,0,0.5284,0.012747,0.018465,SIMULADO_CONTROLADO
4.33162,9.12547,28.48045,1198.618,9000.0,4000.0,1.383,6.6396,1.3677,1.0724,0.96593,-0.25882,1,2,1.5591,0.652396,1.140393,SIMULADO_CONTROLADO
1.32235,3.98634,19.90318,3615.847,1400.0,7000.0,4.086,13.1774,1.3127,1.0217,-0.25882,0.96593,0,0,0.0,0.10035,0.152127,SIMULADO_CONTROLADO
3.92202,5.6716,41.49114,79.797,900.0,500.0,5.743,13.6145,1.0,1.0533,-0.86603,0.5,1,5,1.5456,0.288076,0.335196,SIMULADO_CONTROLADO
3.68333,5.46602,40.4315,1001.418,2200.0,1200.0,3.263,11.1316,1.298,1.0439,-0.25882,-0.96593,2,5,2.9343,0.330889,0.556821,SIMULADO_CONTROLADO
3.36383,7.6437,26.40474,3627.318,900.0,4000.0,5.641,14.192,1.2414,1.0385,0.5,0.86603,1,1,3.0098,0.237023,0.375128,SIMULADO_CONTROLADO
2.1419,4.27122,30.08827,521.635,4200.0,1800.0,1.979,13.2094,1.0,1.0819,-0.70711,-0.70711,3,2,0.0,0.16215,0.199309,SIMULADO_CONTROLADO
0.64839,0.72014,54.02257,1381.236,2800.0,2500.0,6.067,11.0029,1.0,0.98,0.25882,0.96593,2,0,1.5683,0.05893,0.062779,SIMULADO_CONTROLADO
1.59415,3.32754,28.7446,1220.957,9000.0,4000.0,5.395,4.2,1.3261,1.0394,0.70711,-0.70711,1,3,3.2744,0.379559,0.686761,SIMULADO_CONTROLADO
5.16544,7.02655,44.10792,4060.515,1400.0,7000.0,3.273,15.8224,1.1312,1.0034,0.70711,-0.70711,2,3,3.001,0.326465,0.456871,SIMULADO_CONTROLADO
3.99215,8.52935,28.08293,495.356,1400.0,800.0,1.892,15.0118,1.0,0.98,-1.0,-0.0,3,8,2.7693,0.265935,0.376306,SIMULADO_CONTROLADO
1.66244,3.10897,32.08352,232.163,4200.0,800.0,3.958,11.8695,1.1267,0.9973,-0.86603,-0.5,1,3,4.0969,0.14006,0.191926,SIMULADO_CONTROLADO
1.64595,3.92493,25.16151,621.446,4200.0,1800.0,4.753,9.0757,1.2182,1.0071,0.25882,-0.96593,0,3,2.2711,0.181359,0.255516,SIMULADO_CONTROLADO
3.15561,5.5215,34.29085,1261.871,2200.0,1800.0,1.883,12.3715,1.1467,1.0244,0.0,1.0,1,5,5.4237,0.255071,0.385119,SIMULADO_CONTROLADO
2.26081,5.92396,22.89832,6722.226,9000.0,7000.0,6.146,5.7313,1.0,1.0502,0.0,1.0,3,3,1.8844,0.394466,0.558253,SIMULADO_CONTROLADO
1.73217,6.4513,16.10996,223.884,6500.0,500.0,5.242,9.374,1.4617,1.0594,-0.96593,0.25882,0,1,3.9585,0.184784,0.381133,SIMULADO_CONTROLADO
2.97047,10.83555,16.44844,254.181,4200.0,800.0,6.244,8.6353,1.3207,1.0166,-0.70711,-0.70711,3,3,4.0333,0.343992,0.586082,SIMULADO_CONTROLADO
2.9001,3.4977,49.74874,6124.906,6500.0,7000.0,2.786,9.1241,1.1063,1.1063,0.86603,-0.5,2,5,0.0,0.317849,0.464195,SIMULADO_CONTROLADO
1.17892,1.4044,50.3668,1708.524,2800.0,2500.0,3.497,10.7216,1.1128,1.0183,-1.0,-0.0,2,1,3.4259,0.109957,0.155222,SIMULADO_CONTROLADO
2.60516,4.98531,31.35404,1169.302,2800.0,2500.0,2.473,12.2455,1.2175,0.98,-0.5,0.86603,1,2,1.1557,0.212745,0.280396,SIMULADO_CONTROLADO
2.77445,6.75699,24.63626,123.031,2800.0,800.0,2.651,12.6986,1.0,1.0195,0.0,1.0,3,3,0.3814,0.218485,0.252484,SIMULADO_CONTROLADO
2.01955,4.27963,28.31389,1073.208,6500.0,2500.0,1.97,10.2001,1.2116,1.0371,-0.70711,0.70711,0,2,1.6087,0.197994,0.290879,SIMULADO_CONTROLADO
1.07154,1.81877,35.34949,679.749,900.0,1200.0,1.864,12.7344,1.0,0.98,0.96593,0.25882,1,1,2.8395,0.084146,0.098703,SIMULADO_CONTROLADO
1.55419,2.55221,36.53753,2915.078,900.0,4000.0,4.755,15.5447,1.1487,1.0893,-1.0,-0.0,1,1,0.0,0.099982,0.149983,SIMULADO_CONTROLADO
0.88608,1.39187,38.19686,208.053,2800.0,500.0,2.032,13.081,1.0,1.0305,-0.5,-0.86603,1,0,2.5565,0.067738,0.075259,SIMULADO_CONTROLADO
2.65718,4.21894,37.78926,456.63,4200.0,800.0,1.907,13.495,1.0,0.9831,-0.96593,-0.25882,1,3,2.0431,0.1969,0.235449,SIMULADO_CONTROLADO
0.43695,1.18513,22.12159,1513.816,1400.0,2500.0,4.033,14.6234,1.4233,0.9918,0.5,0.86603,0,0,4.6802,0.02988,0.050866,SIMULADO_CONTROLADO
5.5245,14.12222,23.47151,378.54,4200.0,2500.0,4.931,11.6037,1.1695,1.0693,-0.5,-0.86603,0,8,1.1696,0.476097,0.69785,SIMULADO_CONTROLADO
4.78496,14.15977,20.27558,2971.657,900.0,4000.0,5.324,16.1287,1.1932,1.0748,-0.25882,0.96593,0,8,4.9986,0.296673,0.518536,SIMULADO_CONTROLADO
2.82249,2.80858,60.29713,1369.953,1400.0,4000.0,4.275,12.7382,1.0,1.0058,-0.96593,0.25882,2,4,3.3123,0.221577,0.264293,SIMULADO_CONTROLADO
3.83235,5.33058,43.13625,134.794,2800.0,500.0,2.268,13.3418,1.0645,0.98,-0.96593,0.25882,1,2,2.4297,0.287244,0.358169,SIMULADO_CONTROLADO
3.6572,5.95495,36.84872,237.639,900.0,500.0,4.238,13.004,1.2338,1.0409,0.86603,0.5,2,5,5.1747,0.281237,0.428618,SIMULADO_CONTROLADO
2.28701,3.40671,40.27957,611.279,4200.0,1200.0,4.517,10.6448,1.1911,1.0491,1.0,0.0,2,2,6.5373,0.214847,0.325017,SIMULADO_CONTROLADO
1.77074,1.85179,57.37383,4405.99,2800.0,7000.0,2.568,13.9086,1.0,1.0604,-0.96593,0.25882,2,1,2.0578,0.127313,0.168199,SIMULADO_CONTROLADO
1.61504,2.15543,44.95728,948.19,2800.0,1800.0,1.966,14.6682,1.1931,1.0097,0.70711,-0.70711,2,1,0.9458,0.110105,0.168652,SIMULADO_CONTROLADO
5.6607,6.64217,51.13423,3392.688,2800.0,7000.0,6.106,10.9936,1.2186,1.0295,-0.25882,-0.96593,2,13,3.4009,0.514908,0.799742,SIMULADO_CONTROLADO
1.03768,1.4565,42.74653,393.832,4200.0,500.0,1.709,10.5854,1.3654,1.0359,0.86603,0.5,2,1,0.0,0.098029,0.162427,SIMULADO_CONTROLADO
1.05597,1.18821,53.32251,5495.826,4200.0,7000.0,2.669,11.6869,1.0552,1.0785,-1.0,-0.0,2,1,0.0,0.090355,0.123715,SIMULADO_CONTROLADO
4.06711,4.79306,50.91255,165.111,4200.0,500.0,2.427,10.6854,1.0,1.0948,0.5,-0.86603,2,2,5.2444,0.380624,0.474643,SIMULADO_CONTROLADO
3.80692,5.19785,43.94407,857.597,1400.0,4000.0,5.928,12.2392,1.0005,1.107,0.25882,-0.96593,1,6,3.7009,0.311044,0.404153,SIMULADO_CONTROLADO
1.68985,4.07242,24.89694,4975.877,4200.0,7000.0,3.86,11.8689,1.0,1.0936,-0.5,0.86603,0,1,0.6978,0.142376,0.182215,SIMULADO_CONTROLADO
3.04226,7.36485,24.78473,326.727,1400.0,1200.0,6.27,13.3613,1.2779,1.1166,-0.70711,-0.70711,3,9,9.0836,0.227692,0.44043,SIMULADO_CONTROLADO
3.33068,4.57421,43.68855,264.177,900.0,1200.0,5.59,14.5857,1.0,1.0806,0.5,-0.86603,1,1,0.0,0.228352,0.257847,SIMULADO_CONTROLADO
0.61698,0.78363,47.23993,1193.379,9000.0,2500.0,5.201,5.255,1.0883,1.0085,0.86603,-0.5,2,0,3.8014,0.117408,0.156884,SIMULADO_CONTROLADO
4.99377,12.06683,24.83056,3320.852,1400.0,4000.0,2.137,15.8491,1.3881,1.104,-0.5,-0.86603,0,9,0.8274,0.315081,0.633131,SIMULADO_CONTROLADO
3.32986,4.42633,45.13701,253.464,900.0,500.0,3.025,14.7559,1.1612,0.98,0.5,-0.86603,1,3,6.2402,0.225662,0.301462,SIMULADO_CONTROLADO
2.86039,4.15286,41.32652,338.016,2200.0,800.0,5.547,11.9627,1.3034,1.1414,0.96593,0.25882,2,1,1.3851,0.23911,0.393032,SIMULADO_CONTROLADO
3.34808,3.51187,57.20165,3519.597,9000.0,4000.0,6.413,4.2,1.0,0.9911,0.86603,-0.5,2,6,1.9023,0.797162,1.014783,SIMULADO_CONTROLADO
2.6172,2.9477,53.27268,2898.839,9000.0,4000.0,5.853,4.2,1.0,1.0749,1.0,0.0,2,6,0.0,0.623143,0.839322,SIMULADO_CONTROLADO
1.93108,3.79162,30.55813,403.918,6500.0,800.0,6.227,5.8213,1.39,1.1,-0.96593,-0.25882,1,2,6.8736,0.331725,0.66425,SIMULADO_CONTROLADO
2.3023,9.07248,15.22605,2257.153,1400.0,7000.0,4.602,13.7877,1.1762,1.0557,0.0,-1.0,3,6,1.2023,0.166982,0.249585,SIMULADO_CONTROLADO
0.56112,0.72021,46.74576,1142.653,4200.0,7000.0,3.759,10.0195,1.1765,0.98,0.86603,0.5,2,0,3.5084,0.056003,0.069302,SIMULADO_CONTROLADO
7.16992,17.08865,25.17431,3863.351,6500.0,7000.0,3.928,6.7581,1.0,0.9923,0.70711,0.70711,3,17,2.5099,1.060941,1.466571,SIMULADO_CONTROLADO
1.90598,2.11934,53.95972,221.299,2200.0,800.0,3.63,12.6632,1.1761,1.0511,-0.5,0.86603,2,3,1.3419,0.150513,0.202255,SIMULADO_CONTROLADO
7.08963,8.8954,47.81999,1229.922,1400.0,2500.0,2.021,15.0264,1.0,1.0636,-0.70711,0.70711,2,11,0.0,0.471812,0.571647,SIMULADO_CONTROLADO
2.33161,8.04172,17.39637,519.905,9000.0,800.0,2.821,7.2288,1.3499,1.027,-0.96593,0.25882,3,3,2.0206,0.322543,0.618073,SIMULADO_CONTROLADO
1.26663,3.17398,23.94413,369.36,900.0,800.0,1.679,15.3098,1.5965,1.0383,-0.96593,-0.25882,0,1,1.9295,0.082734,0.157818,SIMULADO_CONTROLADO
4.89758,15.27623,19.23607,303.029,9000.0,500.0,1.669,7.1758,1.2374,0.98,-0.86603,0.5,3,11,3.1694,0.682518,1.205269,SIMULADO_CONTROLADO
2.77769,7.26668,22.935,589.424,2800.0,1800.0,2.853,12.2702,1.0584,1.1148,-0.70711,-0.70711,3,7,7.0055,0.226377,0.329413,SIMULADO_CONTROLADO
8.88047,10.31275,51.66696,427.724,6500.0,2500.0,4.73,9.132,1.0,1.018,-0.70711,0.70711,2,13,3.8534,0.972459,1.222419,SIMULADO_CONTROLADO
1.23926,1.45029,51.26958,315.428,2200.0,800.0,4.453,12.5841,1.0,1.0705,-0.5,0.86603,2,0,4.3057,0.098478,0.115318,SIMULADO_CONTROLADO
5.03612,9.52082,31.73752,143.442,4200.0,800.0,4.165,10.8341,1.4088,1.0982,0.5,-0.86603,2,5,1.8591,0.464841,0.811633,SIMULADO_CONTROLADO
5.21623,7.92677,39.48314,190.91,9000.0,800.0,5.169,6.9192,1.0,0.983,0.96593,0.25882,1,9,0.0,0.753877,0.899639,SIMULADO_CONTROLADO
3.52676,11.28196,18.75609,305.414,2800.0,800.0,3.44,13.6022,1.1007,1.0408,-0.70711,0.70711,3,3,1.9135,0.259279,0.372699,SIMULADO_CONTROLADO
5.24538,13.01026,24.19034,607.085,1400.0,4000.0,3.543,13.7837,1.2649,1.0475,-0.96593,0.25882,0,11,0.9576,0.380548,0.613859,SIMULADO_CONTROLADO
1.94032,4.32623,26.91017,63.416,900.0,800.0,3.945,13.9321,1.3972,1.0234,0.5,-0.86603,1,2,2.3949,0.13927,0.202391,SIMULADO_CONTROLADO
1.03305,1.32336,46.83764,636.696,9000.0,800.0,1.553,6.8994,1.1281,1.0767,-0.70711,0.70711,2,2,1.4622,0.149731,0.220013,SIMULADO_CONTROLADO
1.36452,3.89549,21.01695,336.992,9000.0,1200.0,4.283,4.2,1.0953,1.005,0.5,0.86603,3,2,0.0,0.324886,0.428547,SIMULADO_CONTROLADO
2.21286,3.72326,35.66006,402.114,4200.0,800.0,5.176,11.787,1.1715,1.0375,-0.96593,0.25882,1,2,5.1607,0.187738,0.28719,SIMULADO_CONTROLADO
3.65411,5.84279,37.52433,4619.231,900.0,7000.0,2.597,14.1094,1.0596,1.0183,0.25882,0.96593,1,8,2.2043,0.258984,0.326786,SIMULADO_CONTROLADO
1.09836,2.76459,23.83778,626.999,9000.0,800.0,5.731,6.4468,1.0682,1.1396,0.5,0.86603,0,1,1.8069,0.170373,0.263997,SIMULADO_CONTROLADO
1.61619,3.90779,24.81487,285.733,2800.0,1800.0,2.611,13.075,1.2259,1.0052,0.25882,0.96593,0,0,0.18,0.123609,0.148254,SIMULADO_CONTROLADO
1.17679,2.39449,29.4875,1147.447,1400.0,1800.0,3.92,15.506,1.1896,1.0685,0.25882,0.96593,0,2,1.5017,0.075893,0.114808,SIMULADO_CONTROLADO
4.1127,12.0373,20.49978,679.577,2200.0,800.0,5.835,12.8098,1.5011,1.1158,0.86603,0.5,0,4,0.6871,0.32106,0.679937,SIMULADO_CONTROLADO
7.05285,23.66418,17.88236,1397.002,9000.0,1800.0,5.112,6.7941,1.2302,0.9937,0.86603,-0.5,3,20,0.0,1.038084,1.902251,SIMULADO_CONTROLADO
0.88103,2.91957,18.10607,171.586,6500.0,800.0,4.253,7.8754,1.3442,1.0393,0.86603,-0.5,3,0,2.8417,0.111871,0.194988,SIMULADO_CONTROLADO
3.14504,11.23396,16.79747,1229.913,4200.0,1800.0,4.5,9.2323,1.0,0.9906,0.5,-0.86603,3,10,1.5155,0.340656,0.45508,SIMULADO_CONTROLADO
4.46958,11.38378,23.55766,387.182,6500.0,500.0,1.777,9.8773,1.244,0.98,-0.25882,0.96593,0,10,4.0721,0.452509,0.776752,SIMULADO_CONTROLADO
1.80927,4.00202,27.12533,1173.204,6500.0,1800.0,4.906,5.9915,1.0443,0.9997,0.0,-1.0,0,2,1.7432,0.301972,0.407226,SIMULADO_CONTROLADO
0.59276,1.16227,30.60029,417.703,4200.0,1200.0,4.443,10.239,1.2233,1.0093,0.96593,0.25882,1,0,2.7411,0.057893,0.081384,SIMULADO_CONTROLADO
4.86684,7.24714,40.29316,561.819,2200.0,1200.0,1.648,12.6311,1.2702,1.012,0.70711,0.70711,2,7,2.6812,0.385307,0.568417,SIMULADO_CONTROLADO
0.55548,0.97116,34.31861,362.523,900.0,500.0,1.859,14.2559,1.168,1.0215,-0.70711,0.70711,1,0,3.3081,0.038965,0.056052,SIMULADO_CONTROLADO
5.84649,11.26084,31.15127,5182.097,900.0,7000.0,6.346,13.959,1.5452,1.0353,1.0,0.0,1,7,0.7336,0.418834,0.866201,SIMULADO_CONTROLADO
1.15535,2.6688,25.97465,313.73,1400.0,500.0,2.144,15.2712,1.3885,0.9811,-0.96593,0.25882,0,1,4.3881,0.075656,0.135431,SIMULADO_CONTROLADO
0.47334,0.76597,37.07782,194.173,6500.0,800.0,5.948,7.6292,1.3484,1.0508,-1.0,-0.0,2,0,0.022,0.062044,0.0994,SIMULADO_CONTROLADO
1.45079,2.83711,30.6817,352.966,900.0,500.0,2.662,15.2861,1.2823,1.0896,-0.86603,0.5,1,3,2.5891,0.094909,0.165195,SIMULADO_CONTROLADO
2.08109,6.63046,18.83209,1185.368,900.0,7000.0,3.299,13.9664,1.4421,1.0949,0.70711,0.70711,0,3,0.0,0.149007,0.257961,SIMULADO_CONTROLADO
2.42461,2.49796,58.23818,90.819,9000.0,1200.0,4.144,9.0472,1.0,1.0233,-1.0,-0.0,2,2,2.2465,0.267997,0.303205,SIMULADO_CONTROLADO
3.33365,10.69171,18.70788,602.294,2200.0,1800.0,4.517,13.1283,1.3792,1.0752,-1.0,-0.0,3,6,4.3708,0.253929,0.503143,SIMULADO_CONTROLADO
2.58889,5.12158,30.32919,709.872,900.0,4000.0,3.838,13.6644,1.0014,1.0044,-0.25882,0.96593,0,5,3.6665,0.189462,0.219643,SIMULADO_CONTROLADO
6.67687,9.67471,41.40818,291.871,9000.0,500.0,3.047,7.6794,1.0697,1.0195,-0.86603,-0.5,1,9,4.723,0.86945,1.221037,SIMULADO_CONTROLADO
2.00668,6.83429,17.61718,283.851,9000.0,500.0,3.843,7.7589,1.2498,1.0529,0.5,0.86603,3,7,1.8632,0.258631,0.462748,SIMULADO_CONTROLADO
2.69049,3.51111,45.97672,482.421,2800.0,800.0,4.914,11.0598,1.3573,1.0199,0.5,-0.86603,2,1,4.4087,0.243267,0.365226,SIMULADO_CONTROLADO
2.5283,6.06962,24.99302,370.653,900.0,2500.0,3.301,12.9121,1.0,0.98,0.25882,-0.96593,3,3,1.0463,0.195809,0.215126,SIMULADO_CONTROLADO
0.41399,0.69895,35.53765,2391.097,4200.0,7000.0,4.09,9.495,1.078,1.0725,0.25882,-0.96593,1,0,1.5373,0.0436,0.054393,SIMULADO_CONTROLADO
0.73362,1.26458,34.80772,685.844,9000.0,2500.0,3.21,5.7517,1.1756,0.9977,0.86603,-0.5,1,0,2.7731,0.127547,0.176023,SIMULADO_CONTROLADO
2.21963,2.485,53.59247,2456.556,9000.0,7000.0,2.949,6.608,1.1302,1.0116,-0.96593,0.25882,2,2,4.285,0.3359,0.465985,SIMULADO_CONTROLADO
2.93195,8.2066,21.43606,1357.335,4200.0,7000.0,2.784,9.5924,1.2966,1.0826,1.0,0.0,0,4,1.3506,0.305655,0.473594,SIMULADO_CONTROLADO
0.25151,0.70701,21.34467,199.571,9000.0,800.0,2.387,6.424,1.7097,1.0592,0.5,-0.86603,0,0,3.9598,0.039152,0.089126,SIMULADO_CONTROLADO
6.8799,9.7541,42.32006,641.572,6500.0,800.0,5.232,7.896,1.2271,1.0429,0.5,-0.86603,2,5,2.9855,0.87131,1.403472,SIMULADO_CONTROLADO
3.10341,3.74643,49.70179,384.7,1400.0,800.0,6.415,13.1032,1.0424,0.98,-0.70711,-0.70711,2,2,3.2074,0.236843,0.263092,SIMULADO_CONTROLADO
2.12598,3.90825,32.63839,2127.139,4200.0,4000.0,1.354,12.925,1.0,0.9827,0.25882,-0.96593,0,1,0.7053,0.164486,0.179831,SIMULADO_CONTROLADO
3.00216,3.90357,46.14492,967.407,4200.0,2500.0,2.239,12.2742,1.108,1.0529,-0.25882,0.96593,2,2,1.6921,0.244591,0.308517,SIMULADO_CONTROLADO
1.3828,1.84815,44.89244,4463.555,6500.0,7000.0,6.311,9.8109,1.0096,1.0634,-0.25882,0.96593,1,0,2.3034,0.140945,0.179248,SIMULADO_CONTROLADO
2.44418,3.19167,45.94784,1564.336,2800.0,1800.0,3.011,14.1578,1.2348,1.0464,0.25882,-0.96593,2,5,3.2087,0.172638,0.267947,SIMULADO_CONTROLADO
2.73804,9.78306,16.79251,1039.742,6500.0,7000.0,3.262,9.2987,1.2323,1.0137,1.0,0.0,3,3,0.8044,0.294455,0.472284,SIMULADO_CONTROLADO
4.90559,10.76525,27.34126,3763.449,4200.0,7000.0,4.714,9.5142,1.0859,1.0122,-1.0,-0.0,0,1,0.0,0.515605,0.663831,SIMULADO_CONTROLADO
1.87029,7.62122,14.72431,2960.406,1400.0,4000.0,3.069,13.4082,1.4776,1.0447,-0.70711,0.70711,3,6,0.0,0.139488,0.277074,SIMULADO_CONTROLADO
0.57131,0.82222,41.69031,1454.199,2800.0,4000.0,3.811,10.7705,1.0423,0.98,-0.70711,0.70711,1,1,4.0662,0.053044,0.061456,SIMULADO_CONTROLADO
1.00904,2.05481,29.46389,351.409,9000.0,500.0,5.974,5.4958,1.1409,1.0391,0.86603,0.5,3,1,4.4826,0.183603,0.290971,SIMULADO_CONTROLADO
1.75419,3.31077,31.79067,3425.784,6500.0,4000.0,4.193,9.0106,1.2623,0.98,0.25882,0.96593,1,3,0.0,0.194681,0.278415,SIMULADO_CONTROLADO
0.63792,1.11346,34.37512,4732.07,4200.0,7000.0,4.734,11.741,1.3027,0.9876,-0.70711,-0.70711,1,1,2.6589,0.054333,0.08381,SIMULADO_CONTROLADO
0.91238,2.97182,18.42067,950.693,2200.0,1200.0,2.351,14.063,1.3644,1.043,0.96593,-0.25882,3,2,1.708,0.064878,0.12655,SIMULADO_CONTROLADO
1.01748,1.36074,44.86411,1529.746,1400.0,4000.0,2.586,15.7012,1.2286,1.0612,0.96593,-0.25882,2,1,5.0558,0.064802,0.10136,SIMULADO_CONTROLADO
1.66151,4.54648,21.92706,485.578,1400.0,1200.0,5.925,14.223,1.3281,1.0504,0.0,1.0,0,2,2.0584,0.116819,0.192031,SIMULADO_CONTROLADO
3.07465,3.78238,48.77316,125.746,2200.0,800.0,6.063,10.8379,1.0536,0.9848,-0.25882,0.96593,2,7,3.6456,0.283695,0.335458,SIMULADO_CONTROLADO
1.59916,4.68735,20.4699,1645.728,9000.0,4000.0,5.477,4.9137,1.3069,0.98,0.0,1.0,3,3,1.607,0.325451,0.489779,SIMULADO_CONTROLADO
3.22403,6.23304,31.03494,266.136,2800.0,800.0,1.847,13.3556,1.3048,1.0346,-0.70711,-0.70711,1,6,1.0571,0.241399,0.367214,SIMULADO_CONTROLADO
2.12749,8.98202,14.21168,824.245,2200.0,1800.0,5.538,11.4605,1.4021,0.98,-0.5,0.86603,3,2,4.1112,0.185637,0.344774,SIMULADO_CONTROLADO
0.941,0.95603,59.05669,4010.497,9000.0,7000.0,1.302,7.1222,1.0,1.0775,0.25882,0.96593,2,1,4.7646,0.132122,0.177165,SIMULADO_CONTROLADO
2.77152,3.98003,41.78144,242.796,2200.0,800.0,4.362,13.1987,1.0149,0.9863,-0.5,-0.86603,1,6,0.0,0.209984,0.222441,SIMULADO_CONTROLADO
2.46741,6.63498,22.31277,712.542,6500.0,800.0,4.779,8.2018,1.2917,1.1355,-0.5,0.86603,0,1,4.8991,0.300838,0.586562,SIMULADO_CONTROLADO
3.2845,3.2649,60.36023,2304.081,4200.0,7000.0,3.46,11.2434,1.0,0.9917,0.70711,-0.70711,2,3,0.4529,0.292127,0.319927,SIMULADO_CONTROLADO
3.76985,13.40455,16.8742,3541.62,2200.0,4000.0,3.74,11.9859,1.2387,1.0558,0.96593,-0.25882,0,7,0.0,0.314524,0.54749,SIMULADO_CONTROLADO
5.01008,12.58056,23.89437,1144.158,9000.0,1800.0,5.132,6.2984,1.3296,1.0019,-0.86603,-0.5,3,14,2.5227,0.79545,1.601234,SIMULADO_CONTROLADO
3.14834,3.93641,47.98799,575.863,4200.0,1200.0,5.943,10.6456,1.0678,1.0274,-0.5,0.86603,2,5,3.5651,0.29574,0.389477,SIMULADO_CONTROLADO
2.40758,3.67225,39.33694,4410.24,9000.0,7000.0,2.203,6.0934,1.0912,1.0433,-0.25882,-0.96593,1,5,0.0,0.395112,0.52211,SIMULADO_CONTROLADO
3.29516,7.15103,27.64774,905.573,900.0,4000.0,1.934,13.6778,1.0,1.0737,0.0,1.0,0,1,0.0,0.240912,0.275309,SIMULADO_CONTROLADO
1.47375,1.86562,47.39701,1634.145,1400.0,7000.0,4.539,15.0338,1.0766,1.0809,-0.86603,-0.5,2,2,1.4609,0.098029,0.119971,SIMULADO_CONTROLADO
1.38532,2.51856,33.00278,302.464,2200.0,500.0,2.423,15.8074,1.0812,1.0677,0.96593,0.25882,0,2,1.18,0.087637,0.120036,SIMULADO_CONTROLADO
5.47361,6.92913,47.39649,388.535,4200.0,1800.0,2.229,12.0784,1.0507,1.0817,-0.25882,0.96593,1,4,5.3762,0.453172,0.599648,SIMULADO_CONTROLADO
1.35179,3.50992,23.10808,1930.942,6500.0,4000.0,2.279,9.0407,1.042,1.0073,1.0,0.0,3,1,2.5254,0.149524,0.191971,SIMULADO_CONTROLADO
1.04093,2.63188,23.73051,181.441,900.0,500.0,2.243,16.3461,1.1166,1.0642,-0.70711,-0.70711,3,2,4.0425,0.063681,0.09076,SIMULADO_CONTROLADO
3.14714,8.33479,22.65546,880.38,1400.0,1800.0,3.729,14.4865,1.1147,1.0197,-0.86603,-0.5,3,8,2.9403,0.217247,0.306275,SIMULADO_CONTROLADO
1.48403,3.70283,24.04694,74.534,4200.0,500.0,6.311,9.7071,1.4599,1.0794,0.5,-0.86603,3,3,5.7943,0.152881,0.288483,SIMULADO_CONTROLADO
3.74337,5.38778,41.68732,2542.9,2200.0,7000.0,5.589,13.4467,1.0969,1.0402,-0.96593,0.25882,2,4,0.6274,0.278385,0.373401,SIMULADO_CONTROLADO
4.76378,10.91003,26.19855,1936.643,4200.0,2500.0,4.08,9.9926,1.2151,1.0629,-0.70711,0.70711,0,8,2.3153,0.476732,0.812484,SIMULADO_CONTROLADO
1.17219,3.42974,20.50634,485.615,900.0,800.0,1.63,14.5375,1.0677,1.0481,-0.70711,-0.70711,3,1,0.0,0.080632,0.10724,SIMULADO_CONTROLADO
3.41861,14.61395,14.03568,961.552,2800.0,1800.0,4.767,12.4914,1.0657,1.0692,-1.0,-0.0,3,4,4.2039,0.273677,0.438075,SIMULADO_CONTROLADO
1.32495,3.37455,23.55788,228.716,900.0,500.0,3.591,14.6211,1.0,0.9987,0.25882,0.96593,3,3,4.8394,0.090619,0.117548,SIMULADO_CONTROLADO
1.78393,1.71554,62.3922,529.704,9000.0,4000.0,5.325,6.3683,1.0,0.98,0.96593,0.25882,2,2,4.3328,0.280125,0.305209,SIMULADO_CONTROLADO
2.68029,5.87443,27.3758,367.101,1400.0,800.0,3.818,15.3139,1.0,1.0795,0.5,-0.86603,0,5,2.2382,0.175023,0.22338,SIMULADO_CONTROLADO
1.38785,1.68547,49.4052,1002.351,1400.0,2500.0,4.742,11.6032,1.1894,1.0955,0.70711,0.70711,2,1,0.0,0.119609,0.176211,SIMULADO_CONTROLADO
2.50717,4.1416,36.32178,147.755,900.0,500.0,2.26,15.1296,1.3322,1.0298,0.25882,-0.96593,1,4,2.3186,0.165713,0.26851,SIMULADO_CONTROLADO
1.90091,4.57148,24.94921,298.783,1400.0,800.0,5.616,15.3541,1.0,1.0715,0.25882,0.96593,3,6,1.0768,0.123805,0.15252,SIMULADO_CONTROLADO
3.80179,5.75222,39.65553,3992.499,2800.0,7000.0,5.331,11.0852,1.0721,0.98,0.86603,-0.5,1,4,4.4376,0.34296,0.47845,SIMULADO_CONTROLADO
3.80856,6.5039,35.13481,838.586,4200.0,1200.0,3.182,10.5103,1.0,1.007,0.25882,0.96593,1,5,1.6039,0.362365,0.47312,SIMULADO_CONTROLADO
1.39352,3.4873,23.9758,78.419,9000.0,500.0,6.307,4.2,1.1177,1.0387,0.5,-0.86603,0,3,1.5591,0.331789,0.458518,SIMULADO_CONTROLADO
2.72446,7.29927,22.39506,1155.368,9000.0,2500.0,2.05,7.1996,1.3321,0.98,0.70711,-0.70711,3,4,7.0654,0.378421,0.690427,SIMULADO_CONTROLADO
4.20964,10.88226,23.21013,514.472,900.0,800.0,1.306,16.209,1.0885,0.98,0.25882,-0.96593,3,12,4.1786,0.25971,0.371069,SIMULADO_CONTROLADO
0.89877,1.96081,27.50205,2195.482,2200.0,2500.0,5.245,13.1342,1.1524,1.0421,-0.25882,0.96593,0,1,4.7595,0.06843,0.112187,SIMULADO_CONTROLADO
1.89176,3.69883,30.68692,1226.761,9000.0,4000.0,4.383,4.7832,1.3928,1.0077,-0.25882,-0.96593,1,2,1.4246,0.395503,0.65883,SIMULADO_CONTROLADO
2.63921,3.69776,42.82398,1225.609,1400.0,2500.0,1.788,14.785,1.2333,1.0194,0.70711,0.70711,1,5,0.1892,0.178506,0.261706,SIMULADO_CONTROLADO
0.86394,1.33857,38.72533,154.473,4200.0,800.0,2.045,12.1454,1.0384,1.0167,-0.70711,-0.70711,1,0,4.7403,0.071133,0.090463,SIMULADO_CONTROLADO
1.53188,3.34093,27.5111,520.651,2200.0,800.0,1.894,14.0104,1.1854,0.98,-0.25882,0.96593,3,1,5.6334,0.109339,0.158782,SIMULADO_CONTROLADO
6.22313,12.55994,29.72847,616.623,1400.0,800.0,2.084,13.3483,1.0276,1.0252,0.96593,0.25882,0,5,0.0,0.466212,0.6053,SIMULADO_CONTROLADO
1.34845,1.97339,40.9989,1863.274,900.0,2500.0,3.645,14.5523,1.2273,1.0344,0.25882,0.96593,1,2,1.4133,0.092662,0.140844,SIMULADO_CONTROLADO
1.47375,4.59451,19.24584,1792.066,2200.0,2500.0,1.47,13.161,1.2425,1.0088,-0.70711,0.70711,0,1,0.5801,0.111979,0.168236,SIMULADO_CONTROLADO
3.12263,6.09519,30.73861,934.371,900.0,1800.0,3.953,12.075,1.0,1.0124,0.86603,0.5,0,5,3.511,0.258603,0.298789,SIMULADO_CONTROLADO
0.77003,2.37315,19.4686,577.093,1400.0,1200.0,4.408,14.4338,1.188,1.0258,-0.96593,0.25882,3,1,4.7813,0.053349,0.088202,SIMULADO_CONTROLADO
1.92368,5.13783,22.46488,317.424,2800.0,500.0,5.055,12.0933,1.1412,1.0719,0.5,-0.86603,3,4,1.7266,0.15907,0.241741,SIMULADO_CONTROLADO
1.04984,2.17626,28.94438,2703.927,6500.0,4000.0,6.214,8.414,1.2471,1.0307,-1.0,-0.0,0,1,1.7205,0.124773,0.204719,SIMULADO_CONTROLADO
2.50369,3.41013,44.05146,1565.098,2800.0,2500.0,1.637,12.8219,1.293,0.98,-0.96593,-0.25882,2,2,0.0,0.195266,0.289971,SIMULADO_CONTROLADO
0.08,0.16469,29.14568,1994.338,6500.0,2500.0,1.386,10.628,1.2364,0.9813,-0.96593,0.25882,0,0,0.4961,0.007527,0.011926,SIMULADO_CONTROLADO
2.25673,5.56991,24.30993,366.596,900.0,500.0,1.937,16.4547,1.1115,1.0769,-1.0,-0.0,0,2,5.6654,0.137148,0.218738,SIMULADO_CONTROLADO
2.69225,5.61157,28.78607,751.77,2200.0,1200.0,2.988,15.5603,1.3093,1.0041,0.0,-1.0,1,1,3.5346,0.173021,0.278629,SIMULADO_CONTROLADO
1.5639,3.18435,29.46725,893.465,4200.0,1200.0,3.984,11.9836,1.0203,1.031,0.96593,0.25882,0,1,4.4452,0.130503,0.181582,SIMULADO_CONTROLADO
1.64327,2.3562,41.84539,589.056,900.0,2500.0,1.223,16.0115,1.0,1.1216,-0.5,0.86603,1,2,1.7332,0.10263,0.123989,SIMULADO_CONTROLADO
1.41261,3.49418,24.25656,2775.695,4200.0,4000.0,4.87,8.9528,1.0,1.0634,0.86603,0.5,3,1,1.9266,0.157784,0.210214,SIMULADO_CONTROLADO
1.90427,2.59423,44.04246,4728.338,1400.0,7000.0,6.271,12.65,1.1488,0.98,0.86603,-0.5,2,2,2.5391,0.150535,0.20495,SIMULADO_CONTROLADO
5.52195,5.68611,58.26781,1460.053,2200.0,1800.0,2.524,11.9571,1.0286,1.1,1.0,0.0,2,7,3.1809,0.461814,0.620532,SIMULADO_CONTROLADO
3.88345,7.08821,32.87245,605.4,4200.0,1200.0,1.247,11.2564,1.2236,1.0417,0.5,-0.86603,1,8,5.3897,0.345,0.546,SIMULADO_CONTROLADO
1.90285,3.19768,35.70431,473.68,9000.0,1200.0,5.192,8.0096,1.0,1.0516,0.96593,0.25882,0,3,1.0872,0.237572,0.292195,SIMULADO_CONTROLADO
1.53232,3.23183,28.44792,2933.633,900.0,4000.0,5.281,12.4958,1.0565,1.0487,-0.96593,0.25882,0,3,2.21,0.122627,0.190677,SIMULADO_CONTROLADO
3.63673,5.96265,36.59512,307.007,2800.0,1200.0,1.431,10.7451,1.2352,1.0761,0.5,-0.86603,1,5,0.8342,0.338454,0.50219,SIMULADO_CONTROLADO
2.3871,4.44376,32.23084,428.318,2800.0,1200.0,4.472,13.1635,1.0,1.0314,-0.86603,0.5,0,4,0.0,0.181343,0.21117,SIMULADO_CONTROLADO
0.84441,2.96231,17.10305,2813.024,900.0,4000.0,2.487,14.1731,1.2255,0.98,0.0,1.0,3,0,4.4323,0.059578,0.093925,SIMULADO_CONTROLADO
1.73697,4.19994,24.81418,853.758,4200.0,1800.0,4.554,11.6722,1.0709,1.0496,0.5,-0.86603,3,4,6.1696,0.148812,0.208078,SIMULADO_CONTROLADO
5.13717,10.49722,29.36303,964.584,900.0,1800.0,5.05,12.4234,1.1548,0.98,-0.5,-0.86603,3,9,4.1075,0.413507,0.596334,SIMULADO_CONTROLADO
3.03603,4.064,44.82328,3324.047,4200.0,4000.0,2.381,11.2177,1.2552,1.1167,-0.86603,0.5,2,5,2.9836,0.270648,0.472936,SIMULADO_CONTROLADO
1.54582,2.03793,45.51154,639.636,1400.0,1200.0,2.582,15.8731,1.3124,1.0187,-0.96593,-0.25882,2,3,6.3922,0.097386,0.161135,SIMULADO_CONTROLADO
0.53164,0.64325,49.58962,312.778,900.0,500.0,4.441,12.515,1.1748,1.0327,-0.70711,-0.70711,2,0,3.4636,0.04248,0.060747,SIMULADO_CONTROLADO
2.49456,3.56243,42.01447,1601.836,900.0,4000.0,4.286,13.9682,1.0298,1.0046,-0.86603,0.5,1,1,4.1858,0.178589,0.190285,SIMULADO_CONTROLADO
2.13621,2.49571,51.35722,173.651,2800.0,1800.0,5.897,11.8961,1.0867,1.0503,0.70711,-0.70711,2,3,2.796,0.179573,0.233935,SIMULADO_CONTROLADO
1.8579,5.0669,22.00046,72.231,1400.0,1200.0,3.905,12.9797,1.2619,1.0554,-0.5,0.86603,3,5,3.1168,0.143139,0.21645,SIMULADO_CONTROLADO
3.66479,7.83825,28.05313,375.773,2800.0,500.0,5.439,12.0429,1.0,1.0045,-0.70711,0.70711,3,2,2.2208,0.304311,0.378898,SIMULADO_CONTROLADO
3.06261,4.25373,43.19898,2126.417,9000.0,7000.0,5.08,5.7329,1.1315,1.0554,-0.70711,0.70711,2,2,4.2484,0.534213,0.687174,SIMULADO_CONTROLADO
0.55039,1.16669,28.30518,497.911,6500.0,4000.0,4.728,9.0138,1.0983,1.038,0.0,-1.0,0,0,0.2083,0.061061,0.075382,SIMULADO_CONTROLADO
2.14517,2.71751,47.36323,367.694,6500.0,800.0,2.216,11.7133,1.1435,1.0307,0.5,0.86603,2,2,3.3804,0.18314,0.262403,SIMULADO_CONTROLADO
0.69571,1.03237,40.43389,1900.824,2800.0,2500.0,2.665,16.2111,1.0,1.0012,-0.86603,0.5,1,0,0.7086,0.042916,0.052432,SIMULADO_CONTROLADO
1.43196,1.42759,60.18386,746.894,900.0,1800.0,4.204,14.7642,1.0,1.1391,0.70711,-0.70711,2,3,3.5707,0.096988,0.137419,SIMULADO_CONTROLADO
0.64671,0.93945,41.30386,629.607,2200.0,1200.0,1.55,13.9703,1.2433,1.0882,-0.96593,0.25882,2,1,7.5277,0.046292,0.076892,SIMULADO_CONTROLADO
0.66954,2.98833,13.44302,1057.34,900.0,1200.0,1.439,15.9817,1.3143,1.0678,0.25882,0.96593,3,1,3.9697,0.041894,0.078107,SIMULADO_CONTROLADO
2.71877,3.61036,45.18286,110.147,900.0,500.0,1.464,15.1625,1.0,1.0857,0.5,0.86603,1,6,4.9652,0.179309,0.209897,SIMULADO_CONTROLADO
2.52884,10.23369,14.82656,1346.752,2200.0,7000.0,6.083,10.1578,1.219,1.0485,0.86603,-0.5,3,8,4.3952,0.248955,0.389342,SIMULADO_CONTROLADO
2.02729,11.01932,11.03857,4260.119,4200.0,7000.0,4.851,10.5611,1.3333,1.0193,-0.86603,0.5,3,4,0.0,0.191958,0.327387,SIMULADO_CONTROLADO
1.33272,2.15593,37.08999,2315.539,6500.0,7000.0,5.635,9.2629,1.2553,0.98,0.0,1.0,1,2,2.2234,0.143878,0.19342,SIMULADO_CONTROLADO
0.60109,0.92358,39.04954,179.771,4200.0,1200.0,6.306,8.2046,1.0933,0.9801,0.70711,0.70711,1,1,3.4405,0.073263,0.083672,SIMULADO_CONTROLADO
1.43739,1.52919,56.3981,4920.983,1400.0,7000.0,4.915,12.2067,1.009,1.1324,0.25882,-0.96593,2,2,0.0,0.117754,0.152438,SIMULADO_CONTROLADO
2.53702,7.78866,19.54395,400.861,6500.0,800.0,3.931,8.0326,1.173,1.0872,-0.96593,0.25882,3,4,1.9039,0.31584,0.566783,SIMULADO_CONTROLADO
2.49519,3.71407,40.30925,2635.702,9000.0,4000.0,3.739,6.7644,1.1996,1.0441,0.70711,0.70711,2,1,2.3336,0.368873,0.550973,SIMULADO_CONTROLADO
5.06636,18.39248,16.52749,172.012,4200.0,500.0,5.154,13.3331,1.1753,0.98,-1.0,-0.0,3,10,0.0,0.379983,0.547592,SIMULADO_CONTROLADO
4.5903,7.64187,36.04066,229.805,6500.0,1200.0,5.8,6.9189,1.1312,1.0636,0.25882,-0.96593,1,3,0.4637,0.663445,0.828104,SIMULADO_CONTROLADO
2.08824,2.51039,49.91039,513.06,9000.0,2500.0,5.597,5.5908,1.0,1.0225,-0.96593,-0.25882,2,0,5.3084,0.373513,0.454324,SIMULADO_CONTROLADO
1.42524,2.4129,35.44047,5325.605,6500.0,7000.0,3.813,8.7913,1.2276,1.0664,-0.96593,-0.25882,1,1,0.0,0.16212,0.264143,SIMULADO_CONTROLADO
1.07309,3.50156,18.38757,515.79,9000.0,800.0,5.3,5.2537,1.2353,0.985,-0.5,0.86603,3,1,3.0701,0.204254,0.329164,SIMULADO_CONTROLADO
0.51217,0.8543,35.97116,971.678,2200.0,1800.0,3.726,13.0661,1.1921,1.013,0.25882,0.96593,1,0,4.9435,0.039199,0.055174,SIMULADO_CONTROLADO
0.76928,0.97543,47.31945,2008.567,2200.0,4000.0,3.237,12.7856,1.1778,1.0748,-0.5,-0.86603,2,1,2.443,0.060168,0.084616,SIMULADO_CONTROLADO
2.53973,6.75891,22.5456,402.322,1400.0,1800.0,2.778,17.6416,1.4287,1.1218,0.5,-0.86603,0,1,5.4581,0.143962,0.27569,SIMULADO_CONTROLADO
3.21197,7.53375,25.58062,1396.032,1400.0,2500.0,1.489,15.8295,1.0601,1.0054,0.86603,-0.5,3,8,1.6025,0.20291,0.301954,SIMULADO_CONTROLADO
1.66297,3.39464,29.39296,1150.374,2800.0,1200.0,2.266,12.6329,1.365,0.99,-0.96593,-0.25882,1,2,0.5994,0.131639,0.234591,SIMULADO_CONTROLADO
8.68761,12.70692,41.02148,148.804,9000.0,500.0,5.069,7.1392,1.0426,1.081,-0.5,-0.86603,1,20,2.4802,1.216883,1.708446,SIMULADO_CONTROLADO
0.77627,1.10718,42.06762,660.524,1400.0,800.0,2.11,14.9585,1.3374,0.98,0.5,-0.86603,2,0,1.6987,0.051895,0.077331,SIMULADO_CONTROLADO
0.46197,1.30577,21.22734,1280.987,4200.0,1800.0,5.976,10.1802,1.3573,0.9815,-0.86603,-0.5,1,0,1.2992,0.045379,0.073652,SIMULADO_CONTROLADO
8.58953,20.5773,25.04566,383.141,900.0,500.0,1.616,15.1542,1.1131,1.047,-0.25882,-0.96593,3,22,2.121,0.56681,0.981824,SIMULADO_CONTROLADO
0.57256,0.87691,39.17585,752.713,9000.0,800.0,1.471,7.038,1.4258,1.1289,0.86603,-0.5,2,0,0.8368,0.081352,0.161675,SIMULADO_CONTROLADO
1.64516,2.10968,46.78896,1995.728,2800.0,7000.0,3.75,11.0487,1.235,0.9968,0.86603,-0.5,2,3,0.7404,0.148902,0.218137,SIMULADO_CONTROLADO
1.15118,2.84536,24.27488,98.752,2800.0,500.0,2.38,11.1206,1.0196,1.0184,1.0,0.0,0,0,0.1438,0.103518,0.11417,SIMULADO_CONTROLADO
2.67679,6.17571,26.00629,492.628,2200.0,800.0,1.746,14.4593,1.1001,1.04,0.96593,-0.25882,0,2,3.3747,0.185125,0.279762,SIMULADO_CONTROLADO
1.54915,3.44918,26.94814,1681.155,9000.0,2500.0,1.517,7.0867,1.3412,1.0137,0.25882,-0.96593,1,0,0.4021,0.218599,0.392673,SIMULADO_CONTROLADO
3.219,8.74092,22.09608,486.141,2200.0,1800.0,3.995,14.0553,1.3077,0.98,0.86603,0.5,3,9,0.0,0.229024,0.334099,SIMULADO_CONTROLADO
3.71604,11.50506,19.37953,626.226,900.0,800.0,2.575,13.8733,1.0,1.0711,-0.70711,0.70711,3,6,0.2452,0.267856,0.378657,SIMULADO_CONTROLADO
0.50704,0.68169,44.62773,301.581,2800.0,500.0,4.146,11.017,1.1377,1.0434,-0.25882,-0.96593,2,0,2.9318,0.046023,0.061401,SIMULADO_CONTROLADO
1.04301,1.29684,48.25639,4984.608,4200.0,7000.0,1.986,12.8377,1.1926,1.0515,-0.70711,-0.70711,2,1,3.9057,0.081246,0.122636,SIMULADO_CONTROLADO
3.41302,5.62351,36.41525,406.743,6500.0,1800.0,1.329,9.5473,1.0788,1.0286,-0.25882,-0.96593,1,3,4.0772,0.357484,0.446845,SIMULADO_CONTROLADO
4.23185,16.06846,15.80183,2017.168,2800.0,2500.0,1.344,14.6219,1.5372,1.1031,-0.70711,0.70711,0,2,2.95,0.289419,0.566779,SIMULADO_CONTROLADO
2.34097,4.89717,28.68145,464.496,1400.0,500.0,1.797,14.8314,1.1974,1.0123,-0.96593,0.25882,0,2,3.6246,0.157838,0.253256,SIMULADO_CONTROLADO
2.81952,4.19686,40.30909,415.582,900.0,800.0,5.419,15.9145,1.1501,0.9865,0.25882,-0.96593,1,5,2.3849,0.177167,0.238664,SIMULADO_CONTROLADO
5.28191,9.32457,33.98704,269.276,9000.0,500.0,3.577,7.2972,1.3505,1.1099,0.86603,-0.5,1,8,3.4568,0.723829,1.517851,SIMULADO_CONTROLADO
1.5646,3.06495,30.6288,3488.924,1400.0,7000.0,4.506,14.0638,1.1016,0.98,-0.5,0.86603,0,2,3.4245,0.11125,0.145319,SIMULADO_CONTROLADO
2.32223,4.51456,30.86324,2546.445,2200.0,4000.0,5.837,13.1331,1.3212,1.0281,-0.5,-0.86603,1,3,0.9678,0.176823,0.296569,SIMULADO_CONTROLADO
4.59372,9.44509,29.18163,190.138,1400.0,1800.0,2.327,14.2255,1.0,1.0316,-1.0,-0.0,0,10,0.2411,0.322922,0.389634,SIMULADO_CONTROLADO
4.7875,5.98608,47.98632,1252.81,1400.0,2500.0,5.818,11.0103,1.0874,1.0298,0.70711,0.70711,2,2,5.3395,0.434818,0.545659,SIMULADO_CONTROLADO
1.91532,5.89379,19.49833,586.788,900.0,800.0,5.152,14.2148,1.3279,0.98,0.86603,-0.5,3,2,2.7632,0.134741,0.240455,SIMULADO_CONTROLADO
1.07193,1.74479,36.86146,2082.207,2200.0,7000.0,5.064,14.8512,1.4112,0.9817,1.0,0.0,2,2,4.7088,0.072178,0.108584,SIMULADO_CONTROLADO
1.8992,2.93708,38.79761,1423.773,9000.0,1800.0,5.815,4.2,1.0363,1.0781,0.5,-0.86603,1,2,0.19,0.45219,0.650838,SIMULADO_CONTROLADO
2.04049,2.80338,43.67203,1738.966,1400.0,1800.0,1.867,15.3228,1.0176,1.0973,0.0,-1.0,1,4,1.6483,0.133167,0.177075,SIMULADO_CONTROLADO
1.03867,1.62645,38.3169,5767.061,9000.0,7000.0,4.065,4.3287,1.2508,1.0162,-0.25882,0.96593,1,1,0.0,0.239952,0.388618,SIMULADO_CONTROLADO
1.17531,2.35954,29.88653,263.276,4200.0,500.0,3.763,11.0788,1.0603,0.9931,0.5,0.86603,0,2,3.8573,0.106086,0.142548,SIMULADO_CONTROLADO
4.79196,5.09647,56.41508,759.063,9000.0,1200.0,4.719,5.9717,1.117,0.98,-0.5,0.86603,2,7,1.2096,0.802443,1.08276,SIMULADO_CONTROLADO
2.91259,4.42661,39.47832,178.584,4200.0,500.0,2.461,12.5886,1.3002,1.0773,-0.96593,0.25882,2,1,1.336,0.231367,0.383839,SIMULADO_CONTROLADO
1.65148,4.80813,20.60856,1169.611,9000.0,1200.0,1.875,7.4085,1.0729,1.08,0.70711,-0.70711,0,3,6.6072,0.222916,0.372642,SIMULADO_CONTROLADO
0.82084,1.09791,44.85851,137.058,2800.0,800.0,6.359,12.9866,1.0,0.98,1.0,0.0,1,1,3.8992,0.063207,0.065994,SIMULADO_CONTROLADO
1.18718,1.83053,38.91267,1591.453,6500.0,1800.0,3.668,10.249,1.0,0.98,-0.86603,0.5,1,0,3.8736,0.115834,0.145555,SIMULADO_CONTROLADO
0.42396,1.02853,24.73184,1967.331,900.0,2500.0,2.43,14.7706,1.1616,1.0412,0.70711,0.70711,0,0,0.0,0.028703,0.040727,SIMULADO_CONTROLADO
2.38589,2.98729,47.92081,238.395,9000.0,800.0,1.882,8.4664,1.0,1.047,-0.70711,0.70711,2,2,0.0,0.281806,0.328838,SIMULADO_CONTROLADO
1.13301,1.48288,45.84339,355.183,900.0,500.0,4.346,13.7689,1.1125,1.0135,-0.5,0.86603,2,1,4.5383,0.082287,0.109878,SIMULADO_CONTROLADO
2.52462,3.09193,48.99109,387.382,1400.0,800.0,1.983,14.1258,1.0,1.0335,1.0,0.0,2,1,0.0,0.178725,0.199272,SIMULADO_CONTROLADO
3.38893,5.50596,36.93009,2024.406,6500.0,4000.0,2.17,8.0782,1.4224,1.0239,-0.25882,-0.96593,2,3,1.4467,0.419516,0.708497,SIMULADO_CONTROLADO
2.55131,10.19342,15.0174,1131.538,1400.0,2500.0,6.246,14.3635,1.5064,1.0362,0.0,-1.0,3,8,0.7956,0.177625,0.35233,SIMULADO_CONTROLADO
1.49567,3.53868,25.35984,3212.93,900.0,7000.0,1.355,15.1304,1.0,0.9945,-1.0,-0.0,3,3,0.5572,0.098852,0.124678,SIMULADO_CONTROLADO
0.99326,1.17427,50.75096,4698.392,9000.0,7000.0,2.19,4.2,1.2011,1.0344,-1.0,-0.0,2,1,1.574,0.23649,0.361681,SIMULADO_CONTROLADO
0.71519,1.55757,27.55024,678.841,2800.0,800.0,4.757,12.7096,1.0063,1.0047,-0.25882,0.96593,3,0,0.283,0.056272,0.074705,SIMULADO_CONTROLADO
4.48556,8.5898,31.3318,423.395,2800.0,4000.0,2.35,12.6219,1.1105,1.0009,0.25882,0.96593,1,8,0.0,0.35538,0.434885,SIMULADO_CONTROLADO
2.47203,7.53259,19.69064,105.596,2200.0,500.0,2.164,13.4677,1.4486,0.98,-0.96593,0.25882,3,7,3.0357,0.183552,0.338047,SIMULADO_CONTROLADO
1.56383,3.99591,23.48149,66.057,6500.0,500.0,4.149,8.3519,1.0853,1.0271,-0.96593,0.25882,3,1,4.7393,0.187242,0.270176,SIMULADO_CONTROLADO
3.08487,3.77971,48.96996,2988.92,2200.0,4000.0,4.889,12.1963,1.1142,1.0711,-0.96593,-0.25882,2,7,0.0,0.252935,0.377367,SIMULADO_CONTROLADO
4.01229,9.75378,24.68141,645.343,2800.0,1200.0,3.482,15.9063,1.0092,1.0203,0.96593,0.25882,3,5,2.9107,0.252246,0.327111,SIMULADO_CONTROLADO
1.153,1.65663,41.7594,1783.852,900.0,7000.0,5.341,15.6919,1.3434,1.0191,-0.96593,-0.25882,2,1,3.637,0.073477,0.111108,SIMULADO_CONTROLADO
2.41847,2.77812,52.23245,237.182,2200.0,500.0,5.521,13.1547,1.0,1.0915,0.25882,-0.96593,2,2,3.4377,0.183848,0.224947,SIMULADO_CONTROLADO
2.45401,3.89189,37.83269,1116.4,900.0,1800.0,4.502,14.3635,1.0892,1.0811,1.0,0.0,1,5,2.0354,0.17085,0.243594,SIMULADO_CONTROLADO
5.13336,11.6558,26.42475,306.654,1400.0,1200.0,4.262,15.0364,1.1527,1.1131,0.70711,-0.70711,3,17,1.2462,0.341395,0.595364,SIMULADO_CONTROLADO
1.54666,1.88024,49.35527,3493.662,2200.0,7000.0,5.526,12.6055,1.0542,1.1366,0.70711,-0.70711,2,2,4.093,0.122697,0.17708,SIMULADO_CONTROLADO
0.9624,3.8144,15.13837,1429.776,6500.0,2500.0,1.28,10.9032,1.2982,1.0377,-0.96593,-0.25882,3,2,3.2041,0.088267,0.164128,SIMULADO_CONTROLADO
2.61412,5.09065,30.81081,205.257,6500.0,4000.0,3.906,9.412,1.3523,0.9829,0.86603,0.5,1,2,0.0,0.277743,0.379183,SIMULADO_CONTROLADO
3.26415,9.56399,20.47773,835.297,2800.0,1200.0,1.882,13.507,1.0,1.0115,0.96593,0.25882,3,5,2.0358,0.241664,0.312816,SIMULADO_CONTROLADO
2.27671,10.36726,13.17632,5850.455,9000.0,7000.0,2.374,8.06,1.495,1.0608,0.86603,-0.5,0,2,2.6165,0.282471,0.63551,SIMULADO_CONTROLADO
5.36602,11.24868,28.62213,2627.572,2200.0,4000.0,6.23,11.4924,1.0,1.0998,0.25882,-0.96593,0,11,0.2032,0.466918,0.62917,SIMULADO_CONTROLADO
1.54281,2.01006,46.0527,2015.393,2800.0,4000.0,1.22,13.7213,1.3662,0.9878,-0.5,0.86603,2,2,1.9888,0.112439,0.170852,SIMULADO_CONTROLADO
2.31821,3.0042,46.29937,862.328,4200.0,1800.0,2.827,10.3524,1.184,1.0465,1.0,0.0,2,2,3.5322,0.223929,0.317052,SIMULADO_CONTROLADO
0.54856,1.37857,23.87516,2536.153,1400.0,7000.0,2.018,13.6551,1.0794,0.9993,-0.70711,0.70711,3,2,0.7626,0.040173,0.050938,SIMULADO_CONTROLADO
0.91619,1.8414,29.85305,1651.484,2200.0,2500.0,4.223,9.8646,1.0945,1.0284,0.25882,0.96593,1,0,2.9893,0.092877,0.126212,SIMULADO_CONTROLADO
1.15921,1.40833,49.38648,355.771,9000.0,500.0,5.675,5.9943,1.1546,1.0277,0.0,-1.0,2,0,0.422,0.193384,0.271866,SIMULADO_CONTROLADO
1.74954,2.25931,46.46233,2164.536,2800.0,7000.0,3.272,13.6056,1.1933,1.0522,-0.86603,0.5,2,1,0.0,0.12859,0.163324,SIMULADO_CONTROLADO
0.63971,1.74268,22.02499,266.776,9000.0,500.0,5.637,6.7658,1.0128,1.1265,0.96593,-0.25882,3,2,3.7927,0.09455,0.151796,SIMULADO_CONTROLADO
3.0547,3.68665,49.71494,1120.826,4200.0,2500.0,3.533,9.8871,1.1226,1.0564,0.96593,0.25882,2,1,4.9654,0.308957,0.410891,SIMULADO_CONTROLADO
1.0744,1.56489,41.19395,637.498,1400.0,800.0,6.018,13.4198,1.0367,1.0157,-0.5,-0.86603,1,0,0.0142,0.080061,0.09401,SIMULADO_CONTROLADO
7.70641,22.27067,20.76205,4710.92,2800.0,7000.0,5.689,11.6392,1.0,1.0082,0.96593,0.25882,3,13,4.5014,0.662109,0.948919,SIMULADO_CONTROLADO
1.10686,2.17918,30.47542,2361.61,2200.0,4000.0,2.148,14.7186,1.0292,1.0264,0.0,1.0,0,2,2.4727,0.075201,0.092001,SIMULADO_CONTROLADO
2.14623,4.32292,29.78854,1093.324,9000.0,4000.0,5.891,4.5674,1.0,0.9958,0.25882,0.96593,3,3,0.0,0.469899,0.562503,SIMULADO_CONTROLADO
1.95182,4.41234,26.54127,803.272,2200.0,2500.0,2.221,13.3972,1.0928,1.0413,0.25882,-0.96593,0,3,0.0,0.145689,0.189578,SIMULADO_CONTROLADO
0.84865,1.6587,30.6983,847.437,2800.0,1800.0,3.799,10.6262,1.2292,0.98,0.0,-1.0,1,1,3.7774,0.079864,0.111224,SIMULADO_CONTROLADO
1.75474,5.13871,20.48845,4393.702,4200.0,7000.0,2.239,10.9322,1.1793,1.0255,0.0,1.0,3,4,0.0,0.160511,0.240318,SIMULADO_CONTROLADO
1.73811,2.56334,40.68397,991.376,9000.0,1200.0,3.248,6.542,1.4759,1.0291,1.0,0.0,2,1,1.201,0.265685,0.472644,SIMULADO_CONTROLADO
3.71852,11.10297,20.09472,1672.331,2800.0,1800.0,6.424,11.5183,1.0,0.9828,-1.0,-0.0,3,4,2.3292,0.322836,0.439589,SIMULADO_CONTROLADO
2.68419,3.43795,46.84524,371.643,6500.0,1200.0,5.255,6.1121,1.2351,1.0178,-0.25882,-0.96593,2,2,3.4408,0.439161,0.595839,SIMULADO_CONTROLADO
3.02365,4.06225,44.65979,437.463,900.0,500.0,4.137,13.6248,1.161,1.0854,-0.5,-0.86603,2,6,2.8878,0.221923,0.340774,SIMULADO_CONTROLADO
3.66352,6.55886,33.51359,3863.301,9000.0,7000.0,6.158,5.4213,1.2905,1.0886,-0.96593,-0.25882,1,7,5.794,0.675768,1.265103,SIMULADO_CONTROLADO
3.05773,8.6219,21.27883,1672.677,1400.0,1800.0,3.106,15.8918,1.2746,1.011,-0.70711,0.70711,0,2,0.7868,0.19241,0.296618,SIMULADO_CONTROLADO
2.40396,5.96116,24.19626,213.707,6500.0,500.0,2.118,8.5329,1.1336,1.0586,0.25882,0.96593,0,2,2.7071,0.281729,0.40426,SIMULADO_CONTROLADO
1.15035,1.66487,41.4571,2441.03,2800.0,4000.0,5.593,12.271,1.1876,0.98,0.25882,-0.96593,1,0,3.4505,0.093745,0.125628,SIMULADO_CONTROLADO
2.29444,5.93813,23.18351,4493.817,4200.0,7000.0,1.265,11.5571,1.0409,1.0217,0.86603,0.5,0,3,3.9961,0.198531,0.268181,SIMULADO_CONTROLADO
0.97569,1.28226,45.6551,1705.895,900.0,2500.0,5.464,13.1061,1.2582,1.0454,-0.86603,-0.5,2,1,4.7077,0.074446,0.115807,SIMULADO_CONTROLADO
1.85788,3.49168,31.9253,859.362,2800.0,1200.0,1.316,12.5548,1.0,1.1037,0.70711,-0.70711,3,7,1.5885,0.147982,0.237292,SIMULADO_CONTROLADO
1.67873,4.53546,22.20806,874.786,900.0,7000.0,2.707,13.6285,1.2843,1.0887,0.70711,0.70711,3,3,3.8681,0.123178,0.205393,SIMULADO_CONTROLADO
1.76181,3.41011,30.99861,1152.091,2800.0,4000.0,3.084,12.2424,1.1563,1.0444,-0.70711,0.70711,1,0,0.5557,0.143911,0.181007,SIMULADO_CONTROLADO
0.64589,2.15566,17.97754,362.312,2200.0,800.0,2.888,14.7579,1.0821,0.994,0.0,-1.0,3,1,2.3368,0.043766,0.052854,SIMULADO_CONTROLADO
0.08,0.24923,19.25937,406.584,1400.0,1200.0,2.49,13.5735,1.1228,1.0961,0.5,0.86603,3,0,3.5526,0.005894,0.008174,SIMULADO_CONTROLADO
1.44755,3.83167,22.66722,2001.727,2800.0,7000.0,1.773,12.3091,1.1345,1.0197,0.96593,0.25882,3,2,4.5483,0.1176,0.162139,SIMULADO_CONTROLADO
4.25357,8.07252,31.61521,1504.28,1400.0,7000.0,1.217,15.3034,1.3676,1.0552,-0.96593,-0.25882,1,8,3.6975,0.27795,0.455528,SIMULADO_CONTROLADO
2.12306,6.38431,19.95258,1781.924,900.0,2500.0,5.306,13.7186,1.6774,1.0295,0.25882,-0.96593,1,2,2.6902,0.154758,0.312752,SIMULADO_CONTROLADO
4.0482,16.23964,14.95671,302.822,900.0,500.0,3.622,14.3884,1.3552,1.1247,-0.5,0.86603,3,9,2.3331,0.281352,0.55937,SIMULADO_CONTROLADO
0.98131,2.37381,24.80331,109.63,2200.0,800.0,2.058,14.1785,1.0695,1.0075,0.25882,0.96593,0,1,3.6525,0.069211,0.08156,SIMULADO_CONTROLADO
1.39126,2.56138,32.59012,666.893,6500.0,1200.0,1.636,8.5525,1.2608,1.0762,0.25882,0.96593,1,2,7.0974,0.162673,0.277783,SIMULADO_CONTROLADO
8.00603,15.19984,31.60308,676.837,4200.0,1800.0,2.676,10.5172,1.2677,1.0311,-0.86603,-0.5,0,12,4.2946,0.761229,1.233832,SIMULADO_CONTROLADO
1.03319,2.95599,20.97144,4232.689,900.0,7000.0,3.078,15.8983,1.012,1.0606,0.96593,-0.25882,3,1,3.3013,0.064987,0.089822,SIMULADO_CONTROLADO
2.98274,3.50277,51.09217,3802.16,2800.0,4000.0,3.646,12.3844,1.0,1.1079,-0.86603,0.5,2,5,0.0,0.240846,0.342306,SIMULADO_CONTROLADO
2.97948,8.29276,21.55723,192.459,4200.0,800.0,1.736,12.7347,1.1499,0.98,-1.0,-0.0,0,1,0.7266,0.233965,0.312184,SIMULADO_CONTROLADO
2.75488,6.40375,25.81182,298.652,1400.0,500.0,6.394,14.1917,1.2892,1.0321,0.0,1.0,0,2,1.8194,0.194118,0.310512,SIMULADO_CONTROLADO
3.00907,3.29252,54.83463,296.527,900.0,800.0,2.624,15.9339,1.0,0.9948,-0.5,0.86603,2,2,4.411,0.188847,0.214215,SIMULADO_CONTROLADO
1.02051,1.24797,49.06399,296.158,1400.0,800.0,3.539,12.3638,1.0447,1.0551,-0.5,0.86603,2,1,0.5328,0.08254,0.099763,SIMULADO_CONTROLADO
1.50315,4.86908,18.52286,1535.114,900.0,7000.0,4.958,13.7292,1.2516,1.0661,0.96593,0.25882,3,4,3.8491,0.109486,0.172262,SIMULADO_CONTROLADO
0.10591,0.19353,32.83368,269.845,1400.0,500.0,2.844,15.5692,1.1667,1.0138,-0.5,-0.86603,1,0,2.7514,0.006802,0.009564,SIMULADO_CONTROLADO
5.24739,16.38679,19.21323,1418.826,2800.0,4000.0,1.637,14.0905,1.3866,1.0115,-0.70711,-0.70711,3,11,3.2454,0.372405,0.657937,SIMULADO_CONTROLADO
2.99654,3.40919,52.73751,1235.898,6500.0,2500.0,3.196,9.2827,1.0,1.0442,0.0,1.0,1,1,2.0465,0.32281,0.40955,SIMULADO_CONTROLADO
1.16033,3.76815,18.47583,148.485,9000.0,500.0,4.13,4.2,1.5363,0.98,-0.96593,-0.25882,3,4,1.2471,0.276269,0.522111,SIMULADO_CONTROLADO
0.99063,2.00612,29.62805,2342.933,4200.0,2500.0,5.661,9.5126,1.0,1.05,-0.25882,0.96593,0,0,0.4551,0.104138,0.136266,SIMULADO_CONTROLADO
4.30313,9.44355,27.3401,1754.008,2200.0,2500.0,3.15,13.4657,1.0,0.9982,0.70711,-0.70711,0,2,3.7843,0.319562,0.422713,SIMULADO_CONTROLADO
1.09314,3.16847,20.70034,303.461,9000.0,500.0,5.914,4.2,1.1506,1.068,-0.25882,0.96593,0,2,2.3389,0.260272,0.408558,SIMULADO_CONTROLADO
1.1573,1.54531,44.93476,536.682,9000.0,800.0,4.094,7.11,1.0,0.98,-0.86603,-0.5,1,2,0.2378,0.162771,0.188169,SIMULADO_CONTROLADO
0.81639,2.00876,24.38497,558.43,2200.0,1200.0,5.003,12.4077,1.1538,1.0095,-0.96593,-0.25882,3,1,2.9689,0.065797,0.093312,SIMULADO_CONTROLADO
3.39446,8.39405,24.26336,772.659,900.0,800.0,1.36,13.1125,1.1482,1.0012,-0.25882,-0.96593,0,5,9.6889,0.258873,0.420192,SIMULADO_CONTROLADO
4.00835,5.71736,42.06507,1546.433,2800.0,2500.0,5.947,10.8438,1.1287,1.0216,-0.86603,-0.5,1,7,2.0769,0.369646,0.513886,SIMULADO_CONTROLADO
1.68665,3.44841,29.3466,800.719,2800.0,2500.0,2.331,12.8073,1.0252,1.0969,-0.5,0.86603,0,0,5.9736,0.131694,0.171799,SIMULADO_CONTROLADO
4.0259,10.30649,23.43706,345.916,4200.0,800.0,2.927,11.327,1.2292,1.0731,-0.5,-0.86603,3,15,0.0,0.355426,0.645381,SIMULADO_CONTROLADO
2.59227,3.06362,50.76891,445.38,1400.0,500.0,3.975,15.5146,1.1092,1.0134,0.0,-1.0,2,2,1.932,0.167086,0.220986,SIMULADO_CONTROLADO
0.77221,2.57462,17.99582,619.558,2800.0,2500.0,6.287,12.065,1.3366,1.0134,0.86603,0.5,3,1,4.5051,0.064004,0.101879,SIMULADO_CONTROLADO
4.99831,6.69358,44.80396,122.376,2200.0,1800.0,3.032,11.797,1.1311,1.0748,0.0,-1.0,2,2,2.5327,0.423693,0.498659,SIMULADO_CONTROLADO
0.8086,0.89665,54.1085,310.492,2800.0,800.0,2.369,11.3467,1.0057,0.9826,-0.86603,0.5,2,0,1.1505,0.071263,0.072903,SIMULADO_CONTROLADO
1.78207,3.76916,28.3682,656.505,900.0,800.0,6.292,12.9485,1.0,1.036,-0.86603,-0.5,3,1,2.4445,0.137628,0.189957,SIMULADO_CONTROLADO
1.69045,4.14692,24.4584,399.611,2800.0,500.0,5.485,11.8833,1.1325,1.0077,-0.96593,-0.25882,0,1,4.5687,0.142255,0.212544,SIMULADO_CONTROLADO
1.46639,3.288,26.75897,2886.184,900.0,4000.0,4.716,15.1686,1.0,1.0273,0.70711,0.70711,3,5,7.0012,0.096673,0.137335,SIMULADO_CONTROLADO
0.28882,0.34201,50.66906,828.675,6500.0,4000.0,3.371,11.0589,1.0,1.0714,-0.86603,0.5,2,0,4.7376,0.026117,0.029384,SIMULADO_CONTROLADO
6.95397,8.81766,47.31848,373.581,4200.0,1800.0,3.428,13.3983,1.2444,1.0049,0.0,-1.0,2,7,1.4401,0.51902,0.690239,SIMULADO_CONTROLADO
0.33724,0.46783,43.25177,349.023,9000.0,1200.0,6.239,4.6618,1.0,1.0788,0.5,-0.86603,1,0,2.011,0.072341,0.086341,SIMULADO_CONTROLADO
5.20552,23.6083,13.22971,544.611,4200.0,800.0,1.565,13.217,1.386,1.134,0.25882,0.96593,3,7,2.0266,0.39385,0.832943,SIMULADO_CONTROLADO
0.9616,1.67088,34.5304,670.033,9000.0,1200.0,5.215,6.1641,1.1856,1.0622,-0.70711,0.70711,1,1,0.6788,0.156,0.232056,SIMULADO_CONTROLADO
1.25219,2.52583,29.74518,639.559,1400.0,7000.0,4.386,12.3173,1.153,1.0312,-0.70711,-0.70711,0,1,2.1744,0.101661,0.126188,SIMULADO_CONTROLADO
4.87193,14.64225,19.96387,282.79,900.0,500.0,6.333,10.9848,1.0,1.0871,0.96593,-0.25882,3,9,1.925,0.443515,0.672064,SIMULADO_CONTROLADO
2.79289,8.76813,19.11167,3224.327,9000.0,4000.0,4.16,6.3011,1.2823,0.9851,0.0,-1.0,0,4,0.0,0.443237,0.736218,SIMULADO_CONTROLADO
0.56752,1.33042,25.59445,1133.23,4200.0,1200.0,2.687,9.7967,1.1595,1.1034,-0.70711,0.70711,0,0,4.2601,0.05793,0.097823,SIMULADO_CONTROLADO
0.55587,0.54763,60.90308,311.217,4200.0,800.0,5.334,9.3781,1.0502,1.0011,-0.86603,0.5,2,1,3.3839,0.059273,0.07015,SIMULADO_CONTROLADO
2.50916,6.69762,22.47807,826.483,2200.0,4000.0,6.424,11.0875,1.192,1.1326,0.96593,-0.25882,0,4,1.154,0.226306,0.352001,SIMULADO_CONTROLADO
0.79587,1.76984,26.9811,2604.424,2200.0,7000.0,6.01,12.3582,1.0,1.0027,-0.96593,0.25882,3,1,2.8104,0.0644,0.085519,SIMULADO_CONTROLADO
2.88612,4.02334,43.04054,2949.526,4200.0,7000.0,2.762,13.0938,1.0,1.0648,0.0,1.0,1,2,0.4744,0.220419,0.264828,SIMULADO_CONTROLADO
3.09555,6.71925,27.64192,749.495,2200.0,800.0,3.036,13.4492,1.0,0.98,0.5,-0.86603,0,2,1.3403,0.230165,0.289146,SIMULADO_CONTROLADO
1.05242,2.97784,21.20502,577.223,900.0,2500.0,5.201,13.1131,1.2159,1.0254,-0.25882,-0.96593,3,3,3.9441,0.080257,0.120779,SIMULADO_CONTROLADO
1.30836,1.71988,45.64377,1013.102,2200.0,1200.0,4.37,10.3512,1.1595,0.9864,-0.70711,-0.70711,2,2,3.4892,0.126398,0.167828,SIMULADO_CONTROLADO
2.56813,5.10239,30.19918,316.612,2200.0,800.0,1.262,14.7824,1.3278,0.98,0.0,1.0,1,6,1.4223,0.17373,0.276956,SIMULADO_CONTROLADO
1.01305,1.27536,47.65972,662.212,6500.0,1200.0,1.952,9.6559,1.0128,1.0892,0.96593,-0.25882,2,1,3.1541,0.104915,0.141663,SIMULADO_CONTROLADO
2.12525,2.90905,43.83383,254.853,2200.0,500.0,1.653,13.3965,1.2519,0.98,1.0,0.0,2,4,2.3438,0.158642,0.221012,SIMULADO_CONTROLADO
8.31969,16.71117,29.87112,680.824,2800.0,800.0,2.147,14.633,1.1418,1.0019,0.70711,-0.70711,0,9,0.4057,0.568555,0.877423,SIMULADO_CONTROLADO
2.65645,6.37447,25.00394,1557.945,4200.0,2500.0,2.816,10.1038,1.0091,0.9967,-0.86603,-0.5,3,6,2.1488,0.262915,0.358756,SIMULADO_CONTROLADO
1.48286,2.29653,38.74179,1313.914,900.0,2500.0,6.326,12.4314,1.2216,1.0863,0.25882,0.96593,1,1,3.4073,0.119284,0.19084,SIMULADO_CONTROLADO
7.41629,8.86925,50.17078,337.772,4200.0,800.0,4.785,10.3526,1.1494,1.0808,-0.96593,-0.25882,2,15,3.1429,0.71637,1.144175,SIMULADO_CONTROLADO
3.56269,9.15019,23.36141,1228.774,1400.0,1800.0,1.49,14.2548,1.0593,1.0922,0.5,0.86603,3,13,0.0,0.249929,0.362987,SIMULADO_CONTROLADO
0.81356,1.09376,44.62901,2606.565,9000.0,4000.0,4.419,6.6723,1.1667,0.9996,0.0,-1.0,2,1,2.8488,0.12193,0.169098,SIMULADO_CONTROLADO
0.95754,1.24004,46.33126,2625.24,2200.0,7000.0,3.514,13.7753,1.1393,1.0957,-0.96593,0.25882,2,1,2.5534,0.069512,0.099479,SIMULADO_CONTROLADO
0.38362,0.7399,31.109,692.7,2200.0,1800.0,5.196,13.7228,1.1354,0.9992,-0.70711,0.70711,1,0,0.0,0.027955,0.034108,SIMULADO_CONTROLADO
2.53473,5.77072,26.35436,440.884,2200.0,800.0,5.885,12.7546,1.094,1.001,-0.25882,0.96593,0,1,0.8031,0.19873,0.246943,SIMULADO_CONTROLADO
0.23015,0.32427,42.584,1675.134,2200.0,2500.0,1.546,13.966,1.0,1.0036,0.5,-0.86603,1,0,3.5324,0.016479,0.01856,SIMULADO_CONTROLADO
7.41037,15.77042,28.19343,455.157,4200.0,800.0,6.394,9.5151,1.172,1.0052,0.25882,-0.96593,3,22,5.4081,0.778803,1.386084,SIMULADO_CONTROLADO
1.62726,1.76142,55.43029,117.815,6500.0,500.0,1.507,10.3682,1.0316,1.0309,-0.70711,0.70711,2,2,0.0,0.156947,0.183775,SIMULADO_CONTROLADO
3.71452,5.78277,38.54058,180.574,9000.0,1200.0,5.082,5.4849,1.0,0.9973,0.70711,0.70711,1,5,4.5565,0.677224,0.792762,SIMULADO_CONTROLADO
1.51361,5.4926,16.53434,741.896,9000.0,1200.0,5.987,5.3627,1.1215,1.0454,-0.70711,0.70711,3,2,0.0,0.282247,0.415708,SIMULADO_CONTROLADO
2.50279,8.01145,18.74412,384.021,1400.0,800.0,5.184,13.8788,1.2774,0.98,0.5,0.86603,3,3,5.4348,0.180333,0.288938,SIMULADO_CONTROLADO
1.80084,4.45371,24.26079,255.094,4200.0,500.0,1.999,12.0666,1.1897,1.0453,0.5,0.86603,3,6,1.9988,0.149241,0.238645,SIMULADO_CONTROLADO
2.08009,3.26829,38.18668,636.585,2200.0,7000.0,2.302,14.1343,1.075,0.986,0.25882,0.96593,1,3,0.9991,0.147166,0.163235,SIMULADO_CONTROLADO
4.51987,5.05599,53.63789,1383.087,6500.0,2500.0,1.418,8.9127,1.0686,1.0049,0.96593,0.25882,2,7,3.2445,0.507128,0.664611,SIMULADO_CONTROLADO
6.02027,8.42655,42.86644,1083.245,900.0,4000.0,1.895,16.867,1.2617,1.006,-0.70711,0.70711,2,3,0.4788,0.356925,0.487073,SIMULADO_CONTROLADO
5.71509,7.64254,44.868,415.25,9000.0,500.0,1.523,5.9865,1.0,1.0774,0.86603,0.5,1,3,3.5834,0.954668,1.362343,SIMULADO_CONTROLADO
12.0,27.44913,26.23034,1299.874,2200.0,4000.0,1.484,14.6591,1.2876,1.0577,0.5,-0.86603,1,15,2.2397,0.818604,1.297938,SIMULADO_CONTROLADO
1.11087,1.83027,36.41673,272.768,6500.0,1200.0,4.179,8.0364,1.0,1.0276,-0.96593,0.25882,0,0,0.0,0.138231,0.170927,SIMULADO_CONTROLADO
2.68067,4.28335,37.55007,3099.503,4200.0,4000.0,1.607,13.3759,1.0,1.0028,-0.70711,0.70711,1,1,0.7975,0.200411,0.251379,SIMULADO_CONTROLADO
1.13297,1.25401,54.20871,200.642,2200.0,1800.0,3.453,14.3067,1.0777,1.0702,0.5,-0.86603,2,0,2.9013,0.079191,0.095327,SIMULADO_CONTROLADO
4.39549,17.01688,15.49809,179.399,9000.0,800.0,4.961,5.765,1.5072,1.1158,0.86603,-0.5,3,6,4.7396,0.762444,1.865564,SIMULADO_CONTROLADO
0.85008,2.99344,17.03895,715.57,1400.0,800.0,1.28,16.8896,1.4284,1.0337,0.25882,-0.96593,3,0,3.1961,0.050332,0.096731,SIMULADO_CONTROLADO
4.57292,12.1398,22.60127,209.642,6500.0,500.0,4.586,8.2114,1.273,0.98,-0.5,-0.86603,0,8,4.7061,0.556899,0.830043,SIMULADO_CONTROLADO
2.33357,3.02971,46.21378,3031.802,9000.0,4000.0,5.213,6.7121,1.217,1.0034,0.96593,-0.25882,2,3,0.6227,0.347664,0.524978,SIMULADO_CONTROLADO
1.88049,3.54473,31.8301,193.922,900.0,1800.0,4.044,13.4086,1.0,1.0602,-0.86603,-0.5,0,2,4.0281,0.140245,0.161772,SIMULADO_CONTROLADO
2.04862,2.4271,50.64376,1203.504,9000.0,4000.0,3.721,6.8117,1.1851,1.0151,-0.96593,0.25882,2,4,4.0633,0.300751,0.450411,SIMULADO_CONTROLADO
0.71737,0.96063,44.80635,1403.566,9000.0,4000.0,5.073,4.598,1.0721,0.9964,0.25882,0.96593,1,0,0.0,0.156019,0.194482,SIMULADO_CONTROLADO
0.77565,1.10465,42.13041,310.452,2200.0,800.0,4.008,13.02,1.0293,0.9944,-0.96593,0.25882,1,1,4.809,0.059574,0.074173,SIMULADO_CONTROLADO
2.36424,2.66257,53.27727,547.583,6500.0,1200.0,3.899,8.6837,1.1848,1.0391,-0.86603,-0.5,2,1,3.1875,0.272263,0.386779,SIMULADO_CONTROLADO
2.3525,3.61044,39.09504,368.579,900.0,500.0,5.45,14.7019,1.0846,0.98,0.25882,0.96593,1,2,1.9089,0.160013,0.216502,SIMULADO_CONTROLADO
1.17707,2.9984,23.55403,45.743,1400.0,500.0,5.639,12.2575,1.2991,1.0334,-0.96593,0.25882,3,1,1.8728,0.096028,0.148563,SIMULADO_CONTROLADO
1.61327,1.70672,56.71488,546.965,6500.0,7000.0,3.153,12.7693,1.0,1.039,0.25882,-0.96593,2,3,0.3202,0.126339,0.137629,SIMULADO_CONTROLADO
2.84425,8.91885,19.13421,865.871,9000.0,2500.0,3.402,4.8106,1.172,1.0148,0.0,1.0,3,10,3.8247,0.59125,0.91932,SIMULADO_CONTROLADO
1.00828,1.10635,54.68118,692.279,900.0,1800.0,5.444,13.9297,1.0193,0.9881,0.25882,0.96593,2,1,3.1343,0.072383,0.076316,SIMULADO_CONTROLADO
0.3353,0.49812,40.38784,767.229,4200.0,800.0,4.088,11.3058,1.0945,1.0808,0.25882,0.96593,1,0,3.7241,0.029657,0.041194,SIMULADO_CONTROLADO
5.37325,15.68535,20.5539,1809.641,900.0,2500.0,4.84,14.5677,1.2087,0.98,0.70711,-0.70711,3,7,2.6659,0.368848,0.635681,SIMULADO_CONTROLADO
2.48699,3.41843,43.65143,1668.719,6500.0,1800.0,1.598,9.1622,1.0,1.0428,0.0,-1.0,1,3,2.9322,0.271439,0.354794,SIMULADO_CONTROLADO
1.36051,1.63835,49.82499,412.264,9000.0,800.0,1.705,7.5227,1.1863,1.0677,0.96593,0.25882,2,0,1.8786,0.180854,0.261495,SIMULADO_CONTROLADO
1.13003,2.55385,26.54888,457.674,2800.0,500.0,4.019,11.7143,1.126,1.0422,-0.25882,0.96593,0,1,4.7613,0.096466,0.149469,SIMULADO_CONTROLADO
0.99967,3.5961,16.67918,1656.784,900.0,1800.0,5.542,15.8539,1.0543,1.0904,0.0,1.0,0,0,3.7734,0.063055,0.088454,SIMULADO_CONTROLADO
4.38373,4.58086,57.41795,1083.125,1400.0,1800.0,2.878,13.5429,1.0847,0.9839,-0.25882,0.96593,2,6,2.863,0.323692,0.391303,SIMULADO_CONTROLADO
0.60629,1.44155,25.23503,901.734,2800.0,4000.0,6.291,11.1913,1.1353,0.9994,0.70711,0.70711,0,0,2.2174,0.054175,0.068683,SIMULADO_CONTROLADO
2.67571,7.71413,20.81149,132.056,6500.0,1200.0,5.23,7.3506,1.0371,1.0142,0.5,0.86603,3,6,0.0,0.364011,0.445909,SIMULADO_CONTROLADO
2.67407,9.41892,17.03421,320.424,2800.0,500.0,5.343,10.8353,1.1611,1.18,0.25882,-0.96593,3,3,0.0,0.246792,0.403915,SIMULADO_CONTROLADO
3.43727,4.30018,47.95983,2760.296,2800.0,7000.0,5.62,9.9895,1.1155,1.0579,-1.0,-0.0,2,4,1.7266,0.344087,0.485045,SIMULADO_CONTROLADO
1.46934,1.77999,49.52859,553.093,4200.0,1200.0,2.549,12.4595,1.0622,1.0663,-0.70711,-0.70711,2,1,5.1643,0.117929,0.150619,SIMULADO_CONTROLADO
5.07164,8.46722,35.9384,1220.716,9000.0,4000.0,2.951,5.8648,1.4144,1.0644,-0.96593,0.25882,2,3,1.0198,0.86476,1.547167,SIMULADO_CONTROLADO
3.50816,9.68543,21.73257,423.85,6500.0,500.0,1.828,8.721,1.2264,1.0385,0.5,-0.86603,0,4,1.1024,0.402267,0.665109,SIMULADO_CONTROLADO
1.42928,2.12565,40.34367,277.252,1400.0,500.0,3.216,12.997,1.0988,1.0822,-0.70711,0.70711,1,0,0.4581,0.109969,0.152325,SIMULADO_CONTROLADO
1.08513,1.49281,43.61428,152.252,1400.0,500.0,1.39,15.3398,1.1833,0.98,-1.0,-0.0,1,1,0.0,0.070739,0.094444,SIMULADO_CONTROLADO
1.80472,3.82866,28.28229,1610.72,2200.0,4000.0,5.183,12.4937,1.0,1.0475,0.25882,0.96593,3,3,0.5806,0.14445,0.176028,SIMULADO_CONTROLADO
1.3906,2.60654,32.01039,385.211,1400.0,800.0,5.454,13.1774,1.0901,1.0543,0.0,-1.0,0,2,3.0851,0.105529,0.149676,SIMULADO_CONTROLADO
0.9363,1.54465,36.36957,1899.939,6500.0,4000.0,2.332,8.5369,1.1088,1.0808,-0.25882,0.96593,1,1,1.4671,0.109678,0.150372,SIMULADO_CONTROLADO
2.11809,2.99599,42.41866,5894.318,9000.0,7000.0,3.796,6.8139,1.0,0.983,-0.96593,-0.25882,1,1,1.3719,0.31085,0.393311,SIMULADO_CONTROLADO
1.62173,3.70592,26.25632,971.129,4200.0,2500.0,4.762,9.8625,1.222,0.9863,-0.96593,0.25882,0,1,1.1848,0.164434,0.234275,SIMULADO_CONTROLADO
5.88711,14.03772,25.16266,2958.147,9000.0,7000.0,5.135,5.7733,1.0791,0.9892,-0.96593,-0.25882,0,8,2.9977,1.01972,1.341572,SIMULADO_CONTROLADO
1.38876,2.29102,36.37072,1482.285,2800.0,7000.0,6.338,11.1802,1.1031,1.0585,-0.5,-0.86603,1,2,3.3196,0.124216,0.157117,SIMULADO_CONTROLADO
1.07667,2.05199,31.48169,804.897,4200.0,4000.0,2.263,9.7553,1.069,1.0591,0.86603,-0.5,0,0,0.0,0.110368,0.147234,SIMULADO_CONTROLADO
2.01592,5.32205,22.72716,2644.901,4200.0,4000.0,2.508,14.1061,1.6335,0.9923,0.25882,0.96593,0,1,0.9035,0.142911,0.267834,SIMULADO_CONTROLADO
2.42975,3.63386,40.11853,2368.477,2200.0,2500.0,5.726,12.9132,1.054,1.1211,0.96593,-0.25882,1,4,2.3123,0.18816,0.313477,SIMULADO_CONTROLADO
2.56745,6.10827,25.21937,563.676,6500.0,800.0,1.715,9.9444,1.0,1.0479,0.96593,0.25882,0,2,3.4217,0.25818,0.318077,SIMULADO_CONTROLADO
2.54928,2.84214,53.81763,371.977,2800.0,500.0,5.365,12.1913,1.0,1.0406,-0.96593,-0.25882,2,2,2.7682,0.209107,0.262779,SIMULADO_CONTROLADO
2.06807,7.03228,17.64495,679.272,4200.0,1200.0,1.907,14.4048,1.2815,1.0257,0.86603,-0.5,0,1,4.228,0.143568,0.232031,SIMULADO_CONTROLADO
1.9559,3.80128,30.87222,524.631,1400.0,1800.0,3.662,15.3165,1.3738,1.0769,0.86603,-0.5,1,4,0.0,0.127699,0.225165,SIMULADO_CONTROLADO
3.10799,4.54973,40.98688,414.572,2200.0,1200.0,4.339,13.266,1.0509,1.0525,-0.86603,0.5,1,4,3.3719,0.234282,0.303356,SIMULADO_CONTROLADO
0.86179,2.99978,17.23712,230.987,9000.0,500.0,5.27,4.7786,1.3646,1.12,0.86603,0.5,3,0,6.8077,0.180343,0.358345,SIMULADO_CONTROLADO
1.08335,1.47794,43.98081,1490.518,4200.0,1800.0,1.807,11.3262,1.2787,0.9804,-1.0,-0.0,2,1,2.6002,0.09565,0.143656,SIMULADO_CONTROLADO
0.46255,1.1662,23.7977,748.225,900.0,1800.0,5.568,11.4307,1.1297,0.98,0.86603,-0.5,3,0,2.6858,0.040465,0.054249,SIMULADO_CONTROLADO
0.87464,1.36012,38.58349,4808.297,2800.0,7000.0,5.708,11.1895,1.1183,1.0017,-0.5,0.86603,1,0,3.5904,0.078166,0.105586,SIMULADO_CONTROLADO
4.09516,8.05092,30.51949,3895.103,4200.0,7000.0,5.406,11.1617,1.1889,1.0599,-0.5,0.86603,1,9,1.3548,0.366894,0.549719,SIMULADO_CONTROLADO
3.01613,5.78452,31.28487,273.359,6500.0,2500.0,6.168,8.4849,1.3004,1.0157,0.5,-0.86603,1,3,0.5116,0.355472,0.502479,SIMULADO_CONTROLADO
6.40876,17.42186,22.07143,1558.278,6500.0,4000.0,5.823,8.6191,1.2236,1.0922,-1.0,-0.0,3,18,2.6218,0.743551,1.425355,SIMULADO_CONTROLADO
5.42559,10.82029,30.08564,441.199,4200.0,1200.0,5.27,9.8099,1.0517,1.0173,-0.5,0.86603,3,19,0.0,0.553071,0.766494,SIMULADO_CONTROLADO
3.03435,8.67179,20.99463,4268.311,900.0,7000.0,4.27,14.8395,1.1321,1.0837,-0.5,-0.86603,3,3,3.3315,0.204477,0.29921,SIMULADO_CONTROLADO
2.24415,7.03881,19.12954,3286.515,2800.0,7000.0,5.486,12.7205,1.477,0.9976,-0.70711,0.70711,3,2,3.6855,0.176421,0.308695,SIMULADO_CONTROLADO
2.04533,2.4873,49.33852,374.532,1400.0,500.0,6.369,10.0615,1.2002,1.0882,-0.86603,-0.5,2,1,0.0,0.203283,0.287208,SIMULADO_CONTROLADO
0.2125,0.30685,41.55075,957.831,900.0,2500.0,4.578,14.4053,1.2991,1.0966,0.0,1.0,2,0,2.8423,0.014751,0.022161,SIMULADO_CONTROLADO
1.87696,4.56836,24.65169,437.067,9000.0,1800.0,2.486,9.3786,1.2464,1.0096,-0.5,-0.86603,3,3,2.0454,0.200131,0.311446,SIMULADO_CONTROLADO
1.25147,1.8914,39.70003,521.533,1400.0,800.0,2.514,14.1191,1.2037,1.057,0.96593,0.25882,1,1,5.6035,0.088637,0.136298,SIMULADO_CONTROLADO
0.91034,1.32594,41.19361,939.771,1400.0,1200.0,5.419,10.1354,1.1774,1.047,-0.5,-0.86603,1,0,5.2507,0.089818,0.141088,SIMULADO_CONTROLADO
2.69935,7.70815,21.01165,6194.834,2200.0,7000.0,6.444,10.925,1.3036,1.0583,-0.96593,0.25882,3,1,4.2674,0.247081,0.455885,SIMULADO_CONTROLADO
1.7064,2.41573,42.38217,5886.603,2800.0,7000.0,2.315,10.981,1.275,1.0928,0.86603,0.5,1,2,5.0424,0.155396,0.275282,SIMULADO_CONTROLADO
2.14097,5.71111,22.49264,160.89,4200.0,1200.0,6.341,9.1851,1.2022,1.0788,-0.70711,-0.70711,0,1,1.733,0.233091,0.326656,SIMULADO_CONTROLADO
0.79339,0.78131,60.9273,1131.228,2200.0,1800.0,2.622,12.1513,1.049,1.0581,0.0,-1.0,2,1,3.0459,0.065293,0.088734,SIMULADO_CONTROLADO
3.61301,5.78825,37.45182,1392.164,6500.0,1800.0,3.388,10.0925,1.2217,1.0648,0.96593,0.25882,1,8,1.9698,0.35799,0.594633,SIMULADO_CONTROLADO
1.38331,3.06106,27.11432,1468.014,1400.0,4000.0,6.013,13.8283,1.1493,0.98,-1.0,-0.0,3,4,0.406,0.100035,0.138836,SIMULADO_CONTROLADO
2.59723,7.34075,21.2286,1557.89,9000.0,1800.0,6.298,5.5777,1.1107,1.0332,-1.0,-0.0,3,5,2.6736,0.465649,0.794607,SIMULADO_CONTROLADO
1.48019,2.97864,29.8162,672.07,6500.0,1200.0,4.205,10.0793,1.5886,0.9854,0.0,1.0,1,1,2.3252,0.146855,0.275422,SIMULADO_CONTROLADO
0.16516,0.16324,60.7079,2004.345,4200.0,7000.0,6.235,9.3156,1.0,1.0342,0.96593,-0.25882,2,0,2.0751,0.01773,0.020506,SIMULADO_CONTROLADO
2.77801,11.34988,14.68568,825.57,900.0,1200.0,5.665,13.6391,1.3134,1.0853,0.25882,0.96593,3,2,2.3756,0.20368,0.37634,SIMULADO_CONTROLADO
1.79485,2.02563,53.16418,411.899,6500.0,800.0,5.792,10.5269,1.022,1.0347,-0.5,-0.86603,2,4,2.6277,0.170501,0.221899,SIMULADO_CONTROLADO
0.42893,1.52849,16.83738,504.488,4200.0,1200.0,5.802,10.8916,1.181,0.98,-0.70711,0.70711,0,0,4.3646,0.039382,0.056084,SIMULADO_CONTROLADO
0.70561,1.23442,34.2968,634.237,4200.0,1200.0,3.247,12.0382,1.571,0.9879,-0.5,0.86603,2,0,1.2726,0.058615,0.100876,SIMULADO_CONTROLADO
3.68638,4.3026,51.4068,1148.017,1400.0,1800.0,1.363,14.0658,1.006,1.0611,0.70711,-0.70711,2,7,0.0,0.262081,0.360997,SIMULADO_CONTROLADO
0.45206,0.52361,51.80182,1571.987,2800.0,2500.0,2.073,12.7674,1.0442,1.0107,0.96593,0.25882,2,0,3.9238,0.035408,0.043754,SIMULADO_CONTROLADO
1.35375,2.15913,37.61927,415.325,2200.0,500.0,1.595,12.8788,1.1572,1.0703,0.96593,-0.25882,0,2,4.2988,0.105114,0.169071,SIMULADO_CONTROLADO
6.77887,8.49677,47.86901,3979.804,4200.0,7000.0,2.485,13.699,1.0244,0.9807,0.25882,0.96593,1,8,3.2517,0.494845,0.614621,SIMULADO_CONTROLADO
2.82945,12.6206,13.45157,479.332,2200.0,800.0,1.493,12.2583,1.3014,1.0522,0.86603,-0.5,3,9,0.1085,0.230819,0.424103,SIMULADO_CONTROLADO
3.34059,6.64935,30.14356,208.608,2200.0,500.0,2.668,14.6965,1.0745,1.0544,-0.70711,-0.70711,0,7,2.2239,0.227305,0.303943,SIMULADO_CONTROLADO
1.59238,2.62431,36.40672,1297.879,9000.0,2500.0,4.321,6.7527,1.2646,1.0705,0.0,1.0,1,1,3.0986,0.235814,0.3898,SIMULADO_CONTROLADO
0.389,0.5742,40.64841,403.497,2800.0,800.0,1.948,11.3995,1.0,1.0055,-0.96593,-0.25882,1,0,0.2565,0.034124,0.038001,SIMULADO_CONTROLADO
2.29607,4.4855,30.71323,2780.801,4200.0,4000.0,2.873,12.8778,1.0,1.0701,-0.86603,0.5,0,2,0.8946,0.178296,0.247545,SIMULADO_CONTROLADO
0.75376,1.62627,27.80947,1141.014,9000.0,7000.0,2.388,6.615,1.1234,1.1028,0.96593,-0.25882,0,1,2.1922,0.113947,0.1761,SIMULADO_CONTROLADO
0.686,1.12417,36.61355,1760.459,9000.0,2500.0,1.704,5.6481,1.0,0.98,-1.0,-0.0,1,0,4.9842,0.121456,0.147947,SIMULADO_CONTROLADO
2.10397,9.2181,13.69462,1524.986,2800.0,4000.0,4.783,12.4849,1.4029,1.0373,0.25882,-0.96593,3,7,2.9728,0.168522,0.314022,SIMULADO_CONTROLADO
0.80445,1.57276,30.68919,1540.147,1400.0,1800.0,5.933,11.9432,1.0,0.98,-0.25882,0.96593,0,1,1.2977,0.067356,0.083094,SIMULADO_CONTROLADO
1.92583,2.72538,42.39761,1107.856,900.0,1200.0,4.995,13.6064,1.0,0.9963,0.0,-1.0,1,1,2.0765,0.141538,0.181772,SIMULADO_CONTROLADO
1.11479,3.09206,21.63199,2018.708,9000.0,2500.0,4.826,5.2212,1.2262,1.0,-0.5,-0.86603,0,0,1.1008,0.21351,0.353945,SIMULADO_CONTROLADO
1.87515,2.32416,48.40845,893.267,2800.0,1200.0,6.41,10.2606,1.0662,1.032,-0.96593,0.25882,2,3,1.6348,0.182754,0.265158,SIMULADO_CONTROLADO
1.28241,1.84782,41.64088,1692.014,2800.0,7000.0,5.076,10.4898,1.0,1.052,1.0,0.0,1,1,4.0168,0.122253,0.141784,SIMULADO_CONTROLADO
1.91528,5.64319,20.36383,609.694,9000.0,1800.0,1.45,8.3039,1.4864,1.0757,-0.86603,-0.5,3,2,0.0,0.23065,0.460096,SIMULADO_CONTROLADO
5.12915,5.62674,54.69406,428.27,2200.0,1800.0,2.357,14.1293,1.0,1.0469,-0.86603,0.5,2,7,5.2614,0.363014,0.420591,SIMULADO_CONTROLADO
3.39352,7.10876,28.64229,513.722,900.0,2500.0,4.579,14.3524,1.1286,1.0653,1.0,0.0,3,8,7.0973,0.236442,0.36858,SIMULADO_CONTROLADO
1.75534,2.28762,46.03924,763.412,4200.0,800.0,4.587,10.2988,1.1265,0.9865,-0.96593,0.25882,2,2,2.8414,0.170441,0.227278,SIMULADO_CONTROLADO
4.59088,8.16192,33.74855,1067.599,9000.0,1800.0,5.613,5.5358,1.2736,1.0825,1.0,0.0,1,4,0.7547,0.829307,1.332122,SIMULADO_CONTROLADO
2.62423,8.3563,18.84253,704.359,1400.0,4000.0,2.042,13.7979,1.234,0.98,-0.5,-0.86603,3,2,4.9428,0.19019,0.267679,SIMULADO_CONTROLADO
4.37948,6.07988,43.21933,1245.472,9000.0,4000.0,6.4,4.2158,1.0277,1.1037,0.96593,-0.25882,1,3,3.0837,1.038816,1.461309,SIMULADO_CONTROLADO
0.50706,1.56504,19.43952,493.593,2800.0,800.0,3.936,14.4809,1.1079,1.0956,-0.70711,-0.70711,3,1,1.3955,0.035016,0.053256,SIMULADO_CONTROLADO
0.81307,1.62844,29.95767,328.487,2800.0,500.0,6.078,12.5263,1.1237,1.0688,0.70711,0.70711,3,1,0.459,0.064909,0.101318,SIMULADO_CONTROLADO
2.27619,3.77146,36.21189,682.246,9000.0,800.0,4.006,5.5238,1.2798,1.1353,-0.96593,0.25882,2,3,1.6477,0.412072,0.764383,SIMULADO_CONTROLADO
1.72162,1.6698,61.86192,1544.827,2200.0,4000.0,2.191,12.0188,1.0,0.98,0.70711,0.70711,2,4,2.9044,0.143244,0.149355,SIMULADO_CONTROLADO
1.91878,4.01377,28.68288,481.478,6500.0,800.0,3.06,7.0815,1.4829,1.0701,0.86603,-0.5,1,4,4.3806,0.270955,0.55575,SIMULADO_CONTROLADO
2.93621,6.70312,26.28217,343.138,900.0,500.0,2.372,14.2715,1.0385,1.0411,-0.96593,0.25882,3,2,3.0968,0.205739,0.293469,SIMULADO_CONTROLADO
2.29313,2.60538,52.80918,780.087,4200.0,2500.0,2.6,11.7591,1.1586,1.046,0.5,0.86603,2,4,3.4536,0.19501,0.269533,SIMULADO_CONTROLADO
3.62206,7.64399,28.43065,4286.671,900.0,7000.0,5.919,13.5785,1.0,0.9826,-0.96593,0.25882,3,5,1.7991,0.266749,0.369612,SIMULADO_CONTROLADO
3.55389,5.45635,39.07989,281.97,900.0,800.0,3.2,14.8379,1.0,1.0528,0.70711,-0.70711,1,6,4.2954,0.239515,0.32504,SIMULADO_CONTROLADO
0.84879,1.89265,26.90796,334.29,2200.0,500.0,2.168,14.2254,1.0201,1.0507,1.0,0.0,3,1,2.0659,0.059667,0.083654,SIMULADO_CONTROLADO
0.17357,0.21136,49.27274,423.669,2200.0,500.0,3.132,12.1445,1.0047,1.004,-0.96593,0.25882,1,0,6.3598,0.014292,0.018693,SIMULADO_CONTROLADO
0.79923,2.00809,23.88019,173.08,6500.0,500.0,4.471,10.2971,1.0937,1.0319,-0.86603,0.5,0,1,1.1292,0.077616,0.101653,SIMULADO_CONTROLADO
0.75189,1.17565,38.37308,698.056,9000.0,800.0,2.265,6.744,1.0034,0.98,-0.86603,0.5,0,1,3.3295,0.11149,0.147106,SIMULADO_CONTROLADO
2.03009,2.71851,44.80601,128.861,9000.0,800.0,1.47,7.6922,1.2713,1.0172,-0.25882,-0.96593,2,2,7.0977,0.263915,0.380065,SIMULADO_CONTROLADO
2.01045,3.10433,38.85768,2314.304,4200.0,2500.0,5.822,9.3925,1.0347,1.0782,0.86603,0.5,1,4,4.6881,0.214047,0.302579,SIMULADO_CONTROLADO
1.64139,3.79868,25.92567,305.37,1400.0,800.0,2.468,14.8632,1.017,1.0791,-0.96593,-0.25882,0,1,4.0654,0.110433,0.151212,SIMULADO_CONTROLADO
2.69747,4.3288,37.38873,780.511,4200.0,1800.0,6.163,12.5191,1.0971,1.0696,-0.86603,-0.5,1,1,3.1233,0.215468,0.278081,SIMULADO_CONTROLADO
8.78231,15.55228,33.88175,666.164,2800.0,1200.0,1.45,12.3604,1.3189,1.0782,-0.70711,0.70711,2,10,2.611,0.710522,1.249297,SIMULADO_CONTROLADO
1.61316,2.88892,33.5037,1859.612,2800.0,2500.0,4.649,10.769,1.1944,1.0788,-0.96593,-0.25882,1,2,2.1349,0.149796,0.242169,SIMULADO_CONTROLADO
2.34693,6.76983,20.80049,1826.124,2800.0,2500.0,4.726,11.036,1.144,1.006,0.96593,-0.25882,3,6,1.3202,0.212662,0.34412,SIMULADO_CONTROLADO
1.91845,5.56008,20.70235,913.135,9000.0,2500.0,2.027,6.6881,1.0,1.0503,0.5,-0.86603,3,4,0.0,0.286845,0.377723,SIMULADO_CONTROLADO
1.18836,1.22952,57.99138,3752.184,2200.0,7000.0,4.726,12.0477,1.0,1.0839,-0.70711,-0.70711,2,1,3.8453,0.098638,0.126601,SIMULADO_CONTROLADO
2.95561,7.35075,24.12493,601.477,9000.0,800.0,3.254,5.2867,1.0,0.98,-1.0,-0.0,3,6,0.0,0.559065,0.719989,SIMULADO_CONTROLADO
1.5507,3.3071,28.13399,1021.43,2800.0,1800.0,3.223,12.6899,1.3691,0.98,0.96593,-0.25882,1,1,3.8679,0.1222,0.213174,SIMULADO_CONTROLADO
0.98252,2.5859,22.79718,589.847,4200.0,1200.0,5.851,12.0406,1.2449,0.98,1.0,0.0,0,0,1.8506,0.081601,0.122692,SIMULADO_CONTROLADO
1.04836,2.04421,30.7706,794.178,9000.0,1800.0,6.248,5.0087,1.0221,0.98,-0.70711,0.70711,0,0,0.4935,0.209308,0.252302,SIMULADO_CONTROLADO
3.71246,9.41297,23.66391,86.723,6500.0,500.0,2.102,9.4386,1.0697,0.9877,-0.25882,0.96593,3,10,5.4519,0.39333,0.543617,SIMULADO_CONTROLADO
2.90385,8.09763,21.51626,675.718,2800.0,1200.0,4.826,12.44,1.028,1.0114,0.96593,-0.25882,3,9,0.0,0.233429,0.333737,SIMULADO_CONTROLADO
1.30166,1.4326,54.51621,1551.412,1400.0,7000.0,2.02,15.4682,1.0183,1.1031,0.25882,0.96593,2,1,1.1011,0.084151,0.095179,SIMULADO_CONTROLADO
2.66576,6.63252,24.11541,2592.689,900.0,4000.0,1.386,17.1244,1.2336,1.0153,-0.70711,-0.70711,0,2,1.2974,0.155671,0.234971,SIMULADO_CONTROLADO
1.93576,3.50424,33.14431,307.164,2200.0,1200.0,1.993,14.1914,1.114,0.98,0.0,1.0,1,3,2.8141,0.136403,0.170958,SIMULADO_CONTROLADO
2.37683,7.52958,18.93993,352.657,4200.0,500.0,4.564,10.7432,1.493,1.0425,0.86603,0.5,0,1,1.2134,0.221241,0.396024,SIMULADO_CONTROLADO
1.16224,2.86086,24.37524,363.951,6500.0,2500.0,5.05,7.0376,1.3601,1.0265,0.0,-1.0,0,1,5.5696,0.165146,0.273998,SIMULADO_CONTROLADO
0.77415,1.91985,24.19409,926.994,900.0,1200.0,3.887,15.2387,1.3695,0.9998,0.86603,-0.5,0,1,0.0,0.050802,0.088912,SIMULADO_CONTROLADO
1.54378,2.18071,42.47549,986.74,2800.0,1200.0,6.244,10.3769,1.2674,1.0085,0.25882,0.96593,2,1,11.0794,0.148771,0.247264,SIMULADO_CONTROLADO
0.90145,1.79274,30.1702,279.504,9000.0,500.0,5.25,4.5868,1.0924,1.083,0.86603,-0.5,0,0,0.2766,0.19653,0.284505,SIMULADO_CONTROLADO
0.84238,3.16086,15.99024,215.945,6500.0,1200.0,2.057,9.8063,1.2556,0.98,-0.86603,-0.5,3,3,8.7073,0.085902,0.130727,SIMULADO_CONTROLADO
0.53787,0.9425,34.24109,503.863,9000.0,800.0,2.302,8.8139,1.1042,0.98,-1.0,-0.0,1,0,4.7954,0.061025,0.082274,SIMULADO_CONTROLADO
0.17537,0.36848,28.55487,120.783,9000.0,500.0,4.359,6.9101,1.4208,1.056,-1.0,-0.0,1,0,2.2684,0.025378,0.043332,SIMULADO_CONTROLADO
1.32085,1.557,50.89978,1536.604,900.0,2500.0,2.966,14.72,1.2247,1.0074,1.0,0.0,2,1,2.9759,0.089731,0.129498,SIMULADO_CONTROLADO
4.19728,11.73953,21.45206,2627.047,4200.0,7000.0,1.205,11.08,1.202,1.1048,-0.70711,-0.70711,3,13,1.7046,0.378818,0.637148,SIMULADO_CONTROLADO
3.50609,6.10078,34.48176,318.21,2800.0,500.0,1.329,15.4286,1.1803,1.0281,0.96593,-0.25882,1,6,3.2288,0.227246,0.34772,SIMULADO_CONTROLADO
5.64858,12.53734,27.03244,114.705,2800.0,500.0,3.363,12.6188,1.4384,1.0305,-0.70711,-0.70711,0,8,0.9523,0.447633,0.79886,SIMULADO_CONTROLADO
0.80954,1.68349,28.85225,68.175,6500.0,500.0,3.975,8.3629,1.0,1.0704,0.0,1.0,0,1,3.9889,0.096801,0.117857,SIMULADO_CONTROLADO
3.09238,7.10039,26.13139,594.849,9000.0,1800.0,4.663,6.568,1.4541,0.98,0.70711,-0.70711,3,6,2.8822,0.470823,0.939558,SIMULADO_CONTROLADO
1.74896,4.28343,24.49848,1816.082,2800.0,4000.0,5.245,11.3023,1.1302,1.0502,0.96593,-0.25882,0,0,0.422,0.154744,0.214329,SIMULADO_CONTROLADO
1.0499,1.23632,50.95309,471.42,4200.0,1200.0,6.334,9.0459,1.0,1.0185,-0.86603,-0.5,2,1,3.397,0.116064,0.13022,SIMULADO_CONTROLADO
3.87338,5.84913,39.7329,260.902,2800.0,500.0,5.646,10.8708,1.0396,1.0812,1.0,0.0,1,4,3.2674,0.356311,0.459745,SIMULADO_CONTROLADO
1.76278,4.40628,24.00366,364.428,4200.0,500.0,3.086,10.6194,1.0,1.0059,0.96593,-0.25882,3,4,0.994,0.165997,0.233318,SIMULADO_CONTROLADO
0.33464,0.9798,20.49232,771.99,9000.0,2500.0,4.034,4.8319,1.2646,1.043,-0.25882,-0.96593,0,0,1.6018,0.069256,0.106599,SIMULADO_CONTROLADO
3.48003,5.89704,35.4079,248.466,6500.0,1200.0,2.344,7.9583,1.0,1.0188,-0.70711,-0.70711,3,13,3.5762,0.437282,0.591047,SIMULADO_CONTROLADO
2.53485,3.1945,47.61032,733.079,1400.0,1200.0,6.334,13.916,1.187,1.0536,0.70711,-0.70711,2,3,4.7906,0.182154,0.282157,SIMULADO_CONTROLADO
2.11834,3.83226,33.16583,312.031,9000.0,800.0,4.038,6.9856,1.3415,1.0237,-0.70711,0.70711,1,3,2.2013,0.303244,0.460018,SIMULADO_CONTROLADO
0.66688,1.50104,26.65666,845.191,2800.0,7000.0,2.523,12.0772,1.0525,1.0468,-0.25882,0.96593,0,1,4.4544,0.055218,0.067769,SIMULADO_CONTROLADO
2.30683,6.89681,20.06863,140.257,4200.0,1200.0,5.037,11.5992,1.1171,1.1139,-0.5,-0.86603,3,3,4.9508,0.198877,0.280298,SIMULADO_CONTROLADO
5.13827,6.68723,46.10223,1289.192,900.0,2500.0,3.786,14.7676,1.0,1.0221,-0.25882,-0.96593,1,6,5.2369,0.347943,0.435072,SIMULADO_CONTROLADO
2.48398,4.72348,31.55278,1616.874,2800.0,4000.0,6.483,10.8943,1.0979,1.0531,0.0,-1.0,1,4,3.3757,0.228009,0.312148,SIMULADO_CONTROLADO
0.46066,1.24792,22.14875,326.093,2200.0,500.0,1.596,12.6108,1.5718,1.1379,0.25882,0.96593,1,0,0.6063,0.036529,0.077066,SIMULADO_CONTROLADO
2.6229,7.03608,22.36672,335.573,900.0,800.0,2.978,15.1696,1.2845,1.0525,0.70711,-0.70711,0,5,4.3717,0.172905,0.296325,SIMULADO_CONTROLADO
2.50297,3.49388,42.98327,4556.283,6500.0,7000.0,6.192,9.9521,1.1176,0.98,-0.96593,0.25882,1,3,2.0981,0.251501,0.334474,SIMULADO_CONTROLADO
3.27189,7.33963,26.74706,3981.498,900.0,7000.0,3.644,14.4775,1.0621,1.005,-0.86603,-0.5,0,7,3.5637,0.225998,0.302714,SIMULADO_CONTROLADO
2.45226,5.31566,27.67966,1097.541,6500.0,1200.0,2.853,10.4148,1.1532,0.9808,0.25882,0.96593,0,1,1.1791,0.23546,0.347848,SIMULADO_CONTROLADO
0.84502,1.421,35.67978,170.885,6500.0,800.0,4.406,8.2633,1.1808,1.0765,0.70711,0.70711,1,1,1.2396,0.102261,0.143008,SIMULADO_CONTROLADO
2.03302,3.73789,32.63371,618.092,4200.0,1200.0,4.722,11.7814,1.0929,1.0308,-0.86603,0.5,0,1,1.0271,0.172562,0.230991,SIMULADO_CONTROLADO
1.5653,3.42751,27.40121,2827.204,6500.0,7000.0,1.692,9.5584,1.2448,1.0829,-0.96593,-0.25882,1,0,0.0,0.163762,0.245103,SIMULADO_CONTROLADO
2.21927,4.79685,27.75902,1458.73,900.0,2500.0,2.575,12.055,1.0074,1.0625,0.70711,-0.70711,3,2,1.2678,0.184095,0.257234,SIMULADO_CONTROLADO
3.97126,8.21471,29.00599,212.361,900.0,500.0,2.838,13.957,1.0067,1.0623,-0.5,0.86603,0,6,0.3308,0.284535,0.355399,SIMULADO_CONTROLADO
1.11181,2.35676,28.3052,3614.265,6500.0,4000.0,2.503,9.5325,1.2192,0.98,0.25882,0.96593,0,1,3.6892,0.116634,0.175367,SIMULADO_CONTROLADO
6.22251,13.9712,26.72287,577.438,1400.0,800.0,3.229,15.446,1.0,1.0577,-1.0,-0.0,0,4,0.2638,0.402856,0.559313,SIMULADO_CONTROLADO
2.61062,3.6276,43.17932,770.519,2200.0,1200.0,2.974,13.2775,1.2766,1.0965,-0.25882,0.96593,2,4,1.0942,0.19662,0.310641,SIMULADO_CONTROLADO
3.49384,5.84445,35.86833,458.951,4200.0,1800.0,5.077,10.5513,1.1577,0.98,0.5,-0.86603,1,4,2.5067,0.331128,0.428493,SIMULADO_CONTROLADO
3.17308,5.01141,37.99026,143.944,2800.0,1200.0,4.374,11.5268,1.0,1.0207,0.25882,-0.96593,1,3,6.3061,0.275278,0.320789,SIMULADO_CONTROLADO
2.53507,7.47233,20.35563,1670.831,1400.0,2500.0,3.475,15.9095,1.1775,1.0509,0.96593,0.25882,0,3,1.0466,0.159343,0.241652,SIMULADO_CONTROLADO
2.88129,4.35697,39.67835,738.042,1400.0,800.0,2.26,16.3838,1.0,1.0394,-0.86603,0.5,1,6,0.0,0.175862,0.215926,SIMULADO_CONTROLADO
0.08,0.143,33.56619,4636.444,6500.0,7000.0,3.429,8.1453,1.2709,1.0996,-0.96593,-0.25882,1,0,0.0,0.009822,0.016846,SIMULADO_CONTROLADO
3.16888,5.51662,34.46546,1495.336,2800.0,2500.0,2.157,11.4099,1.1202,1.0678,0.5,-0.86603,1,4,0.6927,0.277732,0.419309,SIMULADO_CONTROLADO
0.90619,1.49168,36.44993,473.069,9000.0,1200.0,6.246,4.2,1.4562,1.0533,0.96593,0.25882,2,1,1.1207,0.21576,0.391034,SIMULADO_CONTROLADO
1.84525,9.85542,11.2339,3202.736,2800.0,7000.0,2.121,13.9696,1.3314,1.0718,0.25882,-0.96593,3,6,7.3397,0.13209,0.254678,SIMULADO_CONTROLADO
2.5222,3.73498,40.5174,1065.288,4200.0,1800.0,5.751,10.3743,1.0,1.0694,0.5,-0.86603,1,2,4.5302,0.243119,0.31756,SIMULADO_CONTROLADO
4.09373,8.44233,29.09435,554.692,2200.0,1200.0,4.463,11.8537,1.0,1.0368,0.86603,-0.5,3,4,1.8385,0.345355,0.44993,SIMULADO_CONTROLADO
0.90644,0.9756,55.74687,223.677,900.0,500.0,5.497,13.9524,1.0392,1.019,-0.86603,0.5,2,0,6.391,0.064967,0.077237,SIMULADO_CONTROLADO
1.34817,1.94203,41.65231,2935.15,2800.0,7000.0,5.909,10.0644,1.0,1.0796,0.86603,-0.5,1,2,1.2136,0.133954,0.169751,SIMULADO_CONTROLADO
1.50134,4.16382,21.63409,637.567,6500.0,4000.0,5.461,8.9964,1.4521,1.0016,0.5,0.86603,0,3,1.6364,0.166882,0.277361,SIMULADO_CONTROLADO
2.23937,4.07832,32.94544,162.653,2200.0,800.0,4.323,12.3958,1.1583,1.0317,-0.96593,0.25882,1,1,1.5104,0.180656,0.232857,SIMULADO_CONTROLADO
1.57663,1.95033,48.50343,3134.991,9000.0,7000.0,2.615,5.5255,1.3093,0.9829,-0.96593,-0.25882,2,2,4.6564,0.285338,0.472496,SIMULADO_CONTROLADO
2.89054,4.92825,35.19149,1699.844,4200.0,4000.0,4.698,10.2455,1.1144,1.0679,0.0,1.0,0,2,2.3531,0.282129,0.360898,SIMULADO_CONTROLADO
0.35001,0.92274,22.75868,488.998,2800.0,1200.0,1.226,13.1667,1.1313,1.0905,-0.86603,-0.5,3,0,5.6654,0.026583,0.041811,SIMULADO_CONTROLADO
1.73402,2.22627,46.73332,5739.724,2800.0,7000.0,3.201,13.1978,1.1548,0.9929,0.25882,-0.96593,1,3,3.4114,0.131387,0.193023,SIMULADO_CONTROLADO
5.478,20.5718,15.9772,1396.539,1400.0,1800.0,5.747,14.413,1.337,1.0281,-0.86603,-0.5,3,17,4.4088,0.380074,0.807593,SIMULADO_CONTROLADO
1.57995,2.34324,40.45549,1900.53,9000.0,2500.0,4.277,7.4124,1.2099,1.0134,1.0,0.0,2,3,0.0,0.21315,0.311303,SIMULADO_CONTROLADO
2.61775,4.01069,39.1615,394.283,900.0,800.0,2.581,15.13,1.0,1.0834,0.86603,0.5,1,3,0.0,0.173017,0.207871,SIMULADO_CONTROLADO
3.67021,10.87218,20.25472,323.356,900.0,500.0,5.929,13.2075,1.4196,1.0988,-0.25882,-0.96593,0,6,0.0,0.277888,0.529646,SIMULADO_CONTROLADO
2.55659,2.6151,58.65762,918.865,6500.0,1800.0,1.281,9.2412,1.1131,1.0134,0.25882,0.96593,2,5,1.601,0.276651,0.370497,SIMULADO_CONTROLADO
6.59081,10.54258,37.50967,738.905,900.0,1200.0,5.88,11.3326,1.0871,0.98,0.96593,0.25882,1,11,0.0,0.58158,0.746887,SIMULADO_CONTROLADO
2.06916,4.67407,26.56138,5032.186,2800.0,7000.0,5.225,11.8256,1.0,1.0869,0.25882,0.96593,0,4,5.1047,0.174972,0.234103,SIMULADO_CONTROLADO
2.99375,11.07172,16.22378,217.751,1400.0,500.0,1.976,13.6897,1.2615,1.037,0.86603,-0.5,3,4,2.0817,0.218687,0.376893,SIMULADO_CONTROLADO
2.30841,3.43945,40.26945,1214.424,4200.0,4000.0,1.533,13.572,1.1762,1.0372,-0.70711,0.70711,1,1,3.7922,0.170086,0.235373,SIMULADO_CONTROLADO
4.75746,9.67629,29.49967,1206.379,900.0,2500.0,6.242,13.0504,1.176,1.0784,0.0,-1.0,0,3,1.4662,0.364544,0.524572,SIMULADO_CONTROLADO
1.40249,2.3121,36.39506,4608.174,1400.0,7000.0,1.555,15.7966,1.0955,1.0186,-0.96593,-0.25882,1,2,4.2321,0.088784,0.118374,SIMULADO_CONTROLADO
6.94174,13.08775,31.82399,4681.525,2800.0,7000.0,6.361,10.7586,1.068,1.0066,-0.96593,-0.25882,1,3,0.0,0.645229,0.934228,SIMULADO_CONTROLADO
1.13547,3.74435,18.195,2790.198,2200.0,7000.0,3.429,12.4462,1.1009,1.019,0.70711,0.70711,3,3,2.3973,0.09123,0.128302,SIMULADO_CONTROLADO
5.82789,6.79616,51.45166,384.608,1400.0,1200.0,3.074,14.9426,1.2341,1.057,-0.5,0.86603,2,7,3.5515,0.390018,0.58167,SIMULADO_CONTROLADO
0.81405,1.84159,26.52215,1347.996,900.0,2500.0,4.645,14.3428,1.2623,1.0746,0.70711,0.70711,0,1,3.7285,0.056757,0.091851,SIMULADO_CONTROLADO
3.06215,6.81104,26.97517,641.775,900.0,800.0,3.829,14.7636,1.123,1.1085,0.96593,0.25882,0,5,1.8329,0.207412,0.334137,SIMULADO_CONTROLADO
1.93576,2.35106,49.4015,886.667,1400.0,1800.0,3.267,14.0172,1.3118,1.0532,-0.70711,-0.70711,2,2,0.0,0.138099,0.200206,SIMULADO_CONTROLADO
3.61804,6.38849,33.98019,179.791,1400.0,800.0,4.593,14.4805,1.1474,1.0285,0.25882,-0.96593,0,2,4.6237,0.249856,0.340116,SIMULADO_CONTROLADO
2.66435,4.12337,38.7695,633.282,900.0,800.0,3.055,15.4988,1.0793,1.0749,0.96593,0.25882,1,4,1.6762,0.171907,0.244588,SIMULADO_CONTROLADO
3.48393,8.32718,25.10285,691.689,2800.0,1800.0,1.382,10.9659,1.1917,0.9913,0.86603,-0.5,0,8,1.8587,0.317707,0.459377,SIMULADO_CONTROLADO
0.78829,1.70923,27.67181,479.733,9000.0,500.0,5.571,5.1843,1.0,1.0989,0.70711,-0.70711,0,0,7.1603,0.152053,0.241946,SIMULADO_CONTROLADO
0.42317,1.28604,19.74304,886.578,4200.0,1800.0,3.928,12.2503,1.1972,1.0445,-0.5,-0.86603,3,0,2.7029,0.034544,0.052628,SIMULADO_CONTROLADO
0.674,1.68118,24.0547,220.004,2200.0,1200.0,4.839,11.3988,1.0,1.0247,-1.0,-0.0,0,1,1.4103,0.059129,0.068657,SIMULADO_CONTROLADO
0.65792,1.64217,24.03845,514.162,2800.0,800.0,4.248,10.2573,1.0,0.9914,0.86603,-0.5,0,0,1.2845,0.064141,0.07878,SIMULADO_CONTROLADO
0.77952,2.58269,18.10936,383.271,6500.0,1800.0,4.455,8.3286,1.0,1.0632,0.70711,-0.70711,3,0,3.8549,0.093595,0.118867,SIMULADO_CONTROLADO
1.20103,2.33667,30.83955,1403.319,9000.0,4000.0,2.36,7.5627,1.132,1.0224,0.5,0.86603,0,2,0.7762,0.158809,0.226816,SIMULADO_CONTROLADO
1.19213,6.27955,11.39056,803.95,2800.0,2500.0,6.154,10.8783,1.4175,1.0308,-0.5,0.86603,3,3,3.5746,0.109588,0.205716,SIMULADO_CONTROLADO
1.97074,3.46895,34.08641,194.39,1400.0,500.0,3.573,15.5437,1.1413,0.98,-0.5,-0.86603,0,1,4.8128,0.126787,0.161414,SIMULADO_CONTROLADO
0.96491,2.77912,20.83195,937.923,9000.0,1800.0,6.077,7.4779,1.263,1.0154,1.0,0.0,0,2,2.3146,0.129034,0.213649,SIMULADO_CONTROLADO
1.03345,2.34201,26.47594,1979.194,2800.0,2500.0,5.477,9.4254,1.5364,1.0094,0.0,1.0,0,1,4.5744,0.109645,0.216,SIMULADO_CONTROLADO
1.65588,2.28656,43.45061,911.82,900.0,2500.0,5.016,13.3818,1.2246,1.0538,-0.5,0.86603,2,1,2.3554,0.123741,0.172446,SIMULADO_CONTROLADO
3.96377,5.08786,46.74393,958.051,1400.0,1200.0,3.639,11.2244,1.0376,1.023,0.25882,0.96593,2,5,1.0563,0.353139,0.422842,SIMULADO_CONTROLADO
1.38307,1.85344,44.77313,17.896,2800.0,500.0,1.32,14.3992,1.0596,0.98,0.86603,0.5,1,2,0.0,0.096052,0.101581,SIMULADO_CONTROLADO
1.87293,3.57121,31.46718,371.436,6500.0,500.0,2.871,8.3924,1.1601,1.0163,-0.70711,0.70711,0,3,3.0777,0.22317,0.34517,SIMULADO_CONTROLADO
2.11121,5.12607,24.71145,494.094,6500.0,1200.0,4.724,7.8033,1.0587,0.98,0.86603,-0.5,0,3,3.1218,0.270552,0.347886,SIMULADO_CONTROLADO
0.86423,1.03622,50.04136,613.59,1400.0,2500.0,2.952,15.6491,1.0707,0.9881,-0.86603,0.5,2,1,4.5608,0.055225,0.061275,SIMULADO_CONTROLADO
1.4943,4.68316,19.14478,2404.999,6500.0,4000.0,1.725,8.1295,1.3176,1.0802,-0.25882,-0.96593,0,1,4.3584,0.183812,0.322767,SIMULADO_CONTROLADO
1.10532,1.61546,41.05287,1290.991,9000.0,2500.0,3.944,4.3297,1.3242,0.98,-0.25882,-0.96593,2,1,6.8415,0.255289,0.352945,SIMULADO_CONTROLADO
3.70979,4.01556,55.43132,461.402,6500.0,1200.0,2.019,6.8586,1.0,1.0483,-0.5,0.86603,2,2,1.2798,0.540897,0.639727,SIMULADO_CONTROLADO
3.50226,9.18116,22.88771,81.543,6500.0,1800.0,2.823,10.7543,1.0291,1.0122,0.0,1.0,3,11,3.2474,0.325662,0.429013,SIMULADO_CONTROLADO
1.01175,1.93285,31.40704,484.045,6500.0,500.0,3.86,10.0088,1.0858,1.0035,0.86603,-0.5,1,0,1.056,0.101086,0.147417,SIMULADO_CONTROLADO
1.84562,5.13514,21.56461,1578.255,2800.0,4000.0,1.816,13.03,1.2559,0.9909,0.86603,-0.5,0,1,4.4531,0.141644,0.227438,SIMULADO_CONTROLADO
2.99542,5.2721,34.08986,660.776,4200.0,1200.0,1.796,10.4613,1.3429,1.0494,-0.96593,-0.25882,1,1,0.5535,0.286333,0.483145,SIMULADO_CONTROLADO
2.45783,9.92075,14.86481,972.063,2800.0,1800.0,2.313,14.1599,1.5923,1.0544,0.86603,-0.5,3,7,4.4188,0.173578,0.427376,SIMULADO_CONTROLADO
2.65219,3.22399,49.35849,642.944,9000.0,1800.0,4.337,9.3542,1.0855,0.98,-0.70711,0.70711,2,3,0.9533,0.283531,0.331012,SIMULADO_CONTROLADO
0.86899,1.11948,46.57487,310.048,2200.0,1200.0,6.146,11.7515,1.0935,1.0868,-0.96593,-0.25882,2,1,4.1097,0.073947,0.099357,SIMULADO_CONTROLADO
5.6875,10.99102,31.04805,568.964,6500.0,800.0,2.467,7.9464,1.2542,0.9816,-0.70711,0.70711,1,8,5.0336,0.715731,1.134745,SIMULADO_CONTROLADO
1.18153,2.07381,34.18424,3670.743,900.0,7000.0,5.015,15.3333,1.0508,1.0525,-0.96593,0.25882,0,1,0.0,0.077057,0.104613,SIMULADO_CONTROLADO
1.15351,3.97307,17.41995,475.997,2200.0,500.0,2.204,12.4493,1.1374,0.9819,-0.96593,-0.25882,3,3,0.0,0.092656,0.142265,SIMULADO_CONTROLADO
0.59801,1.39377,25.7437,3035.615,9000.0,7000.0,4.568,5.5043,1.0936,1.0143,0.86603,-0.5,3,1,2.9933,0.108645,0.161032,SIMULADO_CONTROLADO
1.71286,4.08014,25.18822,305.419,1400.0,500.0,1.93,11.5651,1.0,0.98,-0.96593,-0.25882,3,2,2.7698,0.148106,0.187918,SIMULADO_CONTROLADO
4.25225,11.50772,22.17076,203.087,6500.0,500.0,5.681,7.5798,1.1797,1.0112,0.5,-0.86603,3,14,1.8865,0.560994,0.875749,SIMULADO_CONTROLADO
2.43983,4.27894,34.21169,4675.381,2800.0,7000.0,5.135,10.3552,1.1308,1.026,0.86603,-0.5,1,3,1.4999,0.235615,0.316543,SIMULADO_CONTROLADO
1.8183,3.71103,29.3983,932.029,900.0,7000.0,4.808,15.4471,1.3634,0.9833,0.96593,0.25882,1,2,0.7041,0.117712,0.17132,SIMULADO_CONTROLADO
3.32735,7.73214,25.81962,6745.476,900.0,7000.0,1.278,14.3537,1.1609,1.0491,-0.70711,0.70711,0,2,3.1952,0.231812,0.351568,SIMULADO_CONTROLADO
4.18084,10.94587,22.91733,1194.22,900.0,4000.0,5.633,14.5009,1.0,1.055,-0.96593,-0.25882,3,14,0.4747,0.288315,0.39297,SIMULADO_CONTROLADO
3.49687,4.15554,50.48975,853.356,2800.0,1800.0,2.0,13.1743,1.1187,1.1568,0.25882,0.96593,2,7,3.2688,0.265432,0.383816,SIMULADO_CONTROLADO
0.30112,0.41222,43.82976,444.178,2200.0,500.0,4.027,13.1381,1.0,1.0768,0.86603,-0.5,1,0,1.2938,0.02292,0.032088,SIMULADO_CONTROLADO
3.34724,5.9611,33.69083,1192.167,9000.0,2500.0,5.316,6.2343,1.0,1.0879,-0.25882,-0.96593,3,2,1.6124,0.536905,0.72932,SIMULADO_CONTROLADO
2.72794,3.66122,44.7054,555.351,6500.0,1800.0,4.548,8.3893,1.2617,0.98,-0.86603,-0.5,2,1,5.0531,0.325168,0.415613,SIMULADO_CONTROLADO
0.99245,4.06078,14.66398,2388.598,1400.0,4000.0,5.541,12.3293,1.1204,0.98,0.96593,-0.25882,3,1,4.5044,0.080496,0.119168,SIMULADO_CONTROLADO
2.73606,6.90604,23.77105,247.435,2800.0,500.0,4.957,10.995,1.3076,1.0216,-0.86603,-0.5,3,6,0.4065,0.248847,0.40284,SIMULADO_CONTROLADO
4.25805,8.75406,29.18452,226.493,6500.0,500.0,5.207,8.7675,1.0,1.1154,1.0,0.0,0,5,0.6669,0.485661,0.656544,SIMULADO_CONTROLADO
1.22537,1.61561,45.50736,549.333,4200.0,2500.0,2.783,9.2654,1.1212,1.1463,0.70711,0.70711,1,1,4.1334,0.132253,0.195942,SIMULADO_CONTROLADO
3.66993,3.88863,56.62554,2715.445,900.0,4000.0,3.209,16.6696,1.0839,1.0041,0.5,0.86603,2,3,0.0,0.220157,0.262106,SIMULADO_CONTROLADO
2.47906,8.73923,17.02023,3869.677,900.0,7000.0,3.858,14.5222,1.3129,1.0086,-0.70711,0.70711,3,3,5.5534,0.170708,0.289299,SIMULADO_CONTROLADO
0.08,0.18077,26.5536,905.412,4200.0,1800.0,4.307,10.4571,1.2676,1.0595,-0.70711,-0.70711,0,0,2.7838,0.00765,0.011931,SIMULADO_CONTROLADO
1.92226,3.7344,30.88465,671.574,9000.0,1200.0,4.866,6.1297,1.2628,1.0261,-0.96593,0.25882,1,1,1.2857,0.313599,0.530791,SIMULADO_CONTROLADO
2.40775,3.69368,39.11143,999.874,900.0,1800.0,4.145,13.5218,1.4066,1.0273,0.0,-1.0,2,5,2.522,0.178065,0.295937,SIMULADO_CONTROLADO
1.54209,3.64153,25.40838,909.032,1400.0,1800.0,4.965,13.1519,1.1011,1.0636,-0.25882,-0.96593,3,3,5.3583,0.117252,0.174092,SIMULADO_CONTROLADO
2.54665,5.81157,26.29221,1150.408,1400.0,2500.0,1.999,13.3424,1.3736,1.1572,1.0,0.0,0,1,0.0,0.190869,0.331582,SIMULADO_CONTROLADO
1.76784,1.81067,58.58082,265.866,2200.0,800.0,3.292,13.7689,1.0,1.0937,0.5,0.86603,2,2,4.6552,0.128394,0.15954,SIMULADO_CONTROLADO
7.87126,11.16492,42.29996,275.666,9000.0,1200.0,6.041,5.1876,1.0,1.1191,-0.96593,-0.25882,1,18,5.0085,1.517317,2.372033,SIMULADO_CONTROLADO
1.4567,2.61972,33.36315,1252.22,9000.0,1800.0,2.35,7.1675,1.2804,0.98,0.86603,0.5,0,3,1.8261,0.203236,0.318263,SIMULADO_CONTROLADO
1.01752,1.1403,53.53992,2029.654,2200.0,4000.0,1.961,15.6971,1.0,1.0834,-0.86603,0.5,2,1,2.3497,0.064822,0.078641,SIMULADO_CONTROLADO
3.54297,7.83637,27.1271,1022.04,6500.0,4000.0,5.147,7.2186,1.2516,0.9923,0.5,0.86603,1,2,2.7865,0.490812,0.707939,SIMULADO_CONTROLADO
1.6093,2.34925,41.10156,2827.319,900.0,4000.0,2.23,14.9416,1.1762,1.1104,-0.25882,0.96593,2,2,4.0404,0.107706,0.177841,SIMULADO_CONTROLADO
1.84202,2.95199,37.43949,126.565,2800.0,800.0,3.625,10.5869,1.3315,1.0961,0.25882,-0.96593,1,1,0.9676,0.17399,0.274561,SIMULADO_CONTROLADO
1.72266,4.82464,21.42328,192.009,4200.0,1200.0,4.973,11.2223,1.1505,1.0622,1.0,0.0,3,2,2.4695,0.153503,0.220243,SIMULADO_CONTROLADO
3.40851,7.77611,26.2999,1052.748,9000.0,1800.0,3.77,6.2827,1.169,1.0016,1.0,0.0,0,7,2.2902,0.542528,0.817119,SIMULADO_CONTROLADO
0.77395,2.58455,17.96712,2714.564,6500.0,7000.0,5.978,7.8307,1.2415,1.0132,-0.86603,-0.5,3,2,3.9256,0.098835,0.155991,SIMULADO_CONTROLADO
3.66486,8.25022,26.65283,705.504,900.0,1200.0,5.854,13.2768,1.054,1.0169,-0.96593,0.25882,0,7,8.1184,0.276036,0.416515,SIMULADO_CONTROLADO
2.88932,3.51055,49.38231,398.902,2200.0,7000.0,3.866,12.3666,1.047,1.0693,0.25882,-0.96593,2,4,0.9589,0.233638,0.260768,SIMULADO_CONTROLADO
6.23543,10.43071,35.8677,2877.112,900.0,4000.0,6.293,16.2636,1.2359,1.0532,0.5,-0.86603,1,4,2.6656,0.383397,0.624274,SIMULADO_CONTROLADO
2.27206,3.79054,35.96424,1429.135,900.0,2500.0,2.746,14.91,1.1553,1.0989,-0.70711,0.70711,1,1,0.9023,0.152385,0.208913,SIMULADO_CONTROLADO
0.82753,1.70381,29.14154,1657.373,1400.0,2500.0,2.44,14.858,1.0948,1.1075,0.5,-0.86603,0,1,1.4734,0.055696,0.082975,SIMULADO_CONTROLADO
2.29061,2.78668,49.31919,3053.482,9000.0,4000.0,4.752,4.4942,1.1468,0.997,0.96593,-0.25882,2,2,0.2405,0.509686,0.760724,SIMULADO_CONTROLADO
2.50371,7.70532,19.49596,983.197,1400.0,2500.0,4.236,14.756,1.4151,1.0564,-0.5,0.86603,0,3,0.0,0.169674,0.297838,SIMULADO_CONTROLADO
4.50962,6.05796,44.6647,661.892,6500.0,2500.0,2.531,9.213,1.0891,1.0558,-0.96593,0.25882,2,3,4.984,0.489487,0.679822,SIMULADO_CONTROLADO
0.82563,1.11239,44.5325,658.434,4200.0,1200.0,3.167,11.9098,1.0845,1.0307,-0.25882,-0.96593,2,0,3.2478,0.069323,0.089432,SIMULADO_CONTROLADO
0.46112,0.74561,37.10661,467.072,9000.0,1200.0,2.435,7.987,1.0,1.0774,0.0,1.0,3,0,2.695,0.057734,0.076686,SIMULADO_CONTROLADO
2.32612,2.60362,53.6051,1921.713,2800.0,2500.0,2.456,12.9701,1.1532,1.0571,0.70711,-0.70711,2,1,0.6647,0.179345,0.255538,SIMULADO_CONTROLADO
6.41454,9.98122,38.55965,1631.675,9000.0,4000.0,3.148,5.771,1.2651,1.0091,-0.25882,0.96593,1,13,2.3426,1.111523,1.804774,SIMULADO_CONTROLADO
3.19378,4.81326,39.81228,761.737,2200.0,2500.0,6.098,9.2625,1.2938,1.0286,-0.25882,0.96593,2,5,0.0716,0.344809,0.495192,SIMULADO_CONTROLADO
3.32476,9.37749,21.2728,6477.516,6500.0,7000.0,5.625,7.5042,1.1773,1.0193,-0.86603,-0.5,3,11,2.4428,0.443056,0.787909,SIMULADO_CONTROLADO
0.58233,1.21623,28.72799,1787.853,6500.0,2500.0,3.916,7.919,1.3129,1.0023,0.25882,-0.96593,1,1,3.2008,0.073536,0.118572,SIMULADO_CONTROLADO
2.0493,6.73954,18.24429,575.152,2800.0,1200.0,3.732,11.1489,1.277,1.0312,-0.86603,0.5,0,3,1.3607,0.183813,0.288214,SIMULADO_CONTROLADO
4.56745,16.78335,16.3285,753.484,2200.0,2500.0,1.367,15.9286,1.3381,0.98,-0.25882,-0.96593,3,7,0.9107,0.286745,0.458994,SIMULADO_CONTROLADO
2.52544,5.39714,28.07534,1250.897,1400.0,2500.0,3.65,15.1367,1.3175,1.0563,0.25882,0.96593,0,3,1.4662,0.166842,0.279485,SIMULADO_CONTROLADO
0.42782,0.6063,42.337,2928.507,900.0,7000.0,4.506,11.8765,1.4112,1.0982,0.70711,-0.70711,2,0,4.2111,0.036022,0.067073,SIMULADO_CONTROLADO
2.01851,5.35847,22.60171,417.256,2800.0,800.0,5.327,11.9875,1.1328,1.0373,0.96593,-0.25882,0,4,2.9234,0.168384,0.245552,SIMULADO_CONTROLADO
3.03831,6.34287,28.74074,346.972,2200.0,800.0,3.087,12.4303,1.0,1.0776,-0.86603,-0.5,0,6,0.0,0.244428,0.317406,SIMULADO_CONTROLADO
1.85462,4.89331,22.74069,233.902,1400.0,800.0,6.073,13.3074,1.2662,1.042,0.96593,0.25882,3,4,4.0193,0.139367,0.22162,SIMULADO_CONTROLADO
0.92235,2.62721,21.06444,187.754,6500.0,500.0,5.653,6.9966,1.2849,0.989,-1.0,-0.0,0,1,3.6408,0.131828,0.216761,SIMULADO_CONTROLADO
3.61815,5.52497,39.29229,403.856,1400.0,2500.0,1.636,14.2171,1.4112,1.1253,0.96593,0.25882,2,2,2.8929,0.254493,0.446508,SIMULADO_CONTROLADO
1.40987,2.01889,41.90024,3625.47,2800.0,7000.0,5.986,12.6621,1.365,0.98,-0.70711,-0.70711,2,0,5.9558,0.111345,0.158495,SIMULADO_CONTROLADO
2.7023,7.3853,21.95419,981.676,2800.0,2500.0,2.381,14.1118,1.4713,1.0355,0.96593,-0.25882,0,2,2.55,0.191493,0.37572,SIMULADO_CONTROLADO
1.97788,4.77716,24.84167,449.615,9000.0,500.0,6.094,7.0693,1.2592,1.0004,0.96593,0.25882,0,4,3.4046,0.279785,0.474747,SIMULADO_CONTROLADO
1.36633,4.48528,18.27757,850.789,900.0,1200.0,4.543,13.7954,1.1966,1.1062,-0.86603,-0.5,3,1,3.4858,0.099043,0.162714,SIMULADO_CONTROLADO
6.8921,7.83251,52.7961,3151.758,6500.0,7000.0,3.383,7.2308,1.0,1.0447,-0.5,0.86603,2,15,4.3426,0.953162,1.224444,SIMULADO_CONTROLADO
1.2423,3.67667,20.27323,36.529,4200.0,500.0,3.513,12.3246,1.2093,1.15,-0.96593,0.25882,0,1,2.032,0.100798,0.156958,SIMULADO_CONTROLADO
2.10589,7.3959,17.08427,518.063,6500.0,2500.0,4.183,9.7303,1.0716,1.0366,0.0,-1.0,3,4,1.1458,0.216427,0.294294,SIMULADO_CONTROLADO
1.97311,3.4096,34.72155,1238.216,6500.0,1800.0,5.673,8.7013,1.1938,1.0008,-0.70711,0.70711,1,1,4.5434,0.226761,0.323811,SIMULADO_CONTROLADO
2.28324,4.7347,28.9341,3590.468,6500.0,7000.0,5.636,7.0714,1.1687,0.98,-0.96593,0.25882,0,1,4.4348,0.322882,0.503241,SIMULADO_CONTROLADO
6.55799,26.74191,14.71396,719.423,2800.0,1800.0,3.399,11.3855,1.2355,1.0848,-0.5,0.86603,3,15,5.1772,0.575995,1.060879,SIMULADO_CONTROLADO
3.04108,6.68226,27.30588,1289.65,4200.0,1800.0,5.7,10.8782,1.1444,0.9974,0.0,1.0,0,4,3.3727,0.279557,0.410187,SIMULADO_CONTROLADO
1.35547,1.80185,45.13598,2650.816,2200.0,4000.0,3.701,12.071,1.3096,1.0161,-0.96593,0.25882,2,1,0.0,0.112291,0.164181,SIMULADO_CONTROLADO
5.25022,17.84466,17.65306,2048.734,9000.0,4000.0,3.413,6.0946,1.0,1.0903,0.0,-1.0,3,8,2.8446,0.861458,1.200893,SIMULADO_CONTROLADO
3.41928,4.54685,45.12067,782.253,1400.0,1800.0,2.489,17.9677,1.1904,1.0824,-0.86603,-0.5,2,1,2.5708,0.190302,0.268077,SIMULADO_CONTROLADO
1.37756,1.74916,47.25333,1830.75,4200.0,4000.0,5.588,12.8401,1.3524,1.0076,-0.5,0.86603,2,1,5.0818,0.107285,0.167213,SIMULADO_CONTROLADO
4.72108,9.14037,30.99051,1420.174,1400.0,4000.0,4.486,14.5324,1.4592,1.0146,0.0,-1.0,1,8,4.7227,0.324866,0.587101,SIMULADO_CONTROLADO
0.57577,2.15797,16.00864,600.334,2200.0,1800.0,3.485,12.4371,1.2771,0.98,-0.86603,-0.5,0,0,3.7869,0.046295,0.059967,SIMULADO_CONTROLADO
0.74404,1.08602,41.10616,1723.573,9000.0,4000.0,4.711,5.0134,1.4296,0.98,-0.25882,0.96593,2,0,0.0,0.148408,0.225852,SIMULADO_CONTROLADO
0.3966,1.31688,18.07002,578.194,1400.0,1200.0,5.763,13.8654,1.187,1.0694,0.5,0.86603,3,1,0.7679,0.028604,0.044825,SIMULADO_CONTROLADO
0.22091,0.46317,28.61709,602.246,9000.0,1200.0,2.248,8.7846,1.1605,1.0743,-0.96593,-0.25882,0,0,1.735,0.025148,0.039802,SIMULADO_CONTROLADO
4.49564,15.56955,17.32473,33.969,6500.0,500.0,3.28,8.4101,1.2447,1.0511,-0.96593,-0.25882,3,14,1.7831,0.534555,0.905222,SIMULADO_CONTROLADO
2.30471,3.84004,36.01073,2234.515,2200.0,2500.0,3.216,12.8048,1.1595,1.0434,0.86603,0.5,1,3,2.8504,0.179988,0.256474,SIMULADO_CONTROLADO
0.43935,0.51689,50.99902,409.001,2200.0,800.0,1.603,14.1839,1.0348,1.0032,0.0,1.0,2,0,5.6084,0.030975,0.03801,SIMULADO_CONTROLADO
1.9338,4.1657,27.85327,2277.432,900.0,4000.0,2.971,13.0965,1.0776,1.1011,-0.70711,-0.70711,0,1,4.1364,0.147658,0.20817,SIMULADO_CONTROLADO
3.74894,4.26575,52.73088,1787.775,6500.0,7000.0,5.238,6.5131,1.0,0.98,0.86603,-0.5,2,7,0.5701,0.575604,0.688803,SIMULADO_CONTROLADO
1.06117,2.74308,23.21113,5384.848,4200.0,7000.0,2.543,10.2446,1.2445,1.0139,0.96593,-0.25882,0,1,0.7598,0.103583,0.179093,SIMULADO_CONTROLADO
1.54234,2.94268,31.44767,456.791,9000.0,800.0,5.498,6.1812,1.1618,1.0422,0.96593,0.25882,1,1,0.5701,0.24952,0.376602,SIMULADO_CONTROLADO
7.1069,8.22306,51.85586,1563.546,2200.0,2500.0,6.263,12.3081,1.1024,1.035,-0.25882,-0.96593,2,4,2.2546,0.577416,0.761328,SIMULADO_CONTROLADO
1.65802,3.45949,28.75608,1831.169,2200.0,4000.0,2.387,15.0902,1.0693,1.0349,1.0,0.0,0,3,4.1917,0.109874,0.143994,SIMULADO_CONTROLADO
0.48014,1.05207,27.38275,1225.863,4200.0,1800.0,3.371,9.1983,1.2408,1.0116,0.25882,0.96593,1,0,4.5244,0.052199,0.078017,SIMULADO_CONTROLADO
1.28727,1.65114,46.7775,572.81,2200.0,1800.0,1.896,12.1265,1.2849,1.0593,0.0,1.0,2,2,1.7099,0.106154,0.166187,SIMULADO_CONTROLADO
0.40644,0.83245,29.29485,1734.001,2200.0,1800.0,4.868,13.1561,1.0,0.9803,1.0,0.0,0,0,2.4367,0.030894,0.038261,SIMULADO_CONTROLADO
3.21997,4.53016,42.64705,168.935,1400.0,1200.0,3.756,12.8635,1.0,1.0285,-0.5,-0.86603,1,2,6.0158,0.250318,0.295723,SIMULADO_CONTROLADO
0.93194,1.59521,35.05284,762.01,9000.0,2500.0,4.32,5.0966,1.3127,1.0544,0.0,-1.0,1,1,0.0,0.182856,0.291184,SIMULADO_CONTROLADO
0.90514,0.9644,56.31297,1063.785,2800.0,7000.0,5.327,13.0181,1.0,1.02,-0.96593,-0.25882,2,0,3.8397,0.069529,0.077721,SIMULADO_CONTROLADO
7.53491,18.30393,24.69932,528.105,6500.0,800.0,5.314,7.4453,1.2476,1.0352,-0.5,-0.86603,3,6,3.6129,1.012039,1.746627,SIMULADO_CONTROLADO
0.66673,2.43205,16.44852,243.301,4200.0,500.0,3.935,10.5063,1.4187,1.0447,0.96593,-0.25882,3,0,1.877,0.06346,0.12668,SIMULADO_CONTROLADO
0.55171,1.30952,25.27821,256.612,4200.0,500.0,5.876,9.8556,1.4191,0.98,-0.5,0.86603,0,1,2.4613,0.055979,0.093475,SIMULADO_CONTROLADO
0.78182,1.95743,23.96478,1544.034,2200.0,2500.0,6.139,11.81,1.2781,0.98,-0.5,-0.86603,0,0,3.3825,0.0662,0.098676,SIMULADO_CONTROLADO
3.83103,8.98272,25.58933,443.244,2200.0,800.0,4.543,13.5777,1.2734,1.041,-0.5,-0.86603,0,5,1.8814,0.282157,0.441767,SIMULADO_CONTROLADO
2.92456,4.6432,37.79146,999.435,2800.0,1800.0,1.404,12.1164,1.5203,1.0076,0.25882,-0.96593,2,4,1.161,0.241372,0.424687,SIMULADO_CONTROLADO
1.27315,2.18485,34.96292,5250.767,900.0,7000.0,5.313,13.4836,1.0,1.0103,0.5,-0.86603,0,1,1.0029,0.094422,0.113726,SIMULADO_CONTROLADO
1.17599,2.31209,30.51743,90.946,2800.0,500.0,5.927,12.9276,1.0857,1.0606,-0.25882,0.96593,0,0,6.4106,0.090967,0.122968,SIMULADO_CONTROLADO
2.76463,9.46686,17.52193,542.276,900.0,800.0,4.15,16.7917,1.2958,0.9905,0.70711,-0.70711,3,4,1.5754,0.164642,0.309223,SIMULADO_CONTROLADO
2.37105,7.09958,20.03821,420.679,1400.0,800.0,4.912,11.7617,1.106,0.98,-0.96593,0.25882,3,2,2.9228,0.201591,0.29096,SIMULADO_CONTROLADO
1.7454,5.75233,18.20547,1700.092,4200.0,1800.0,3.087,11.808,1.3584,1.1096,0.5,0.86603,3,6,4.149,0.147814,0.33203,SIMULADO_CONTROLADO
2.99776,5.39098,33.3641,1932.645,900.0,2500.0,3.861,14.1343,1.1537,1.0894,-0.5,0.86603,1,5,2.0559,0.21209,0.31796,SIMULADO_CONTROLADO
0.73237,1.03738,42.35882,448.996,900.0,800.0,5.43,13.538,1.1811,1.0889,-1.0,-0.0,2,1,2.5752,0.054097,0.084321,SIMULADO_CONTROLADO
0.94649,1.39296,40.76865,98.592,1400.0,500.0,5.843,12.0233,1.1161,0.9846,-0.96593,0.25882,2,1,3.5558,0.078721,0.100752,SIMULADO_CONTROLADO
3.11131,8.61315,21.67367,101.042,6500.0,500.0,1.811,10.5922,1.0764,1.0315,0.96593,-0.25882,0,1,0.7193,0.293737,0.408464,SIMULADO_CONTROLADO
2.51642,2.54933,59.22547,893.356,6500.0,4000.0,1.291,10.7644,1.0725,0.98,-0.70711,-0.70711,2,4,0.0,0.233772,0.278125,SIMULADO_CONTROLADO
2.04019,2.8416,43.07835,376.287,900.0,500.0,3.18,17.6964,1.2034,1.0323,-1.0,-0.0,2,2,0.9657,0.115288,0.174004,SIMULADO_CONTROLADO
7.35915,9.16996,48.15166,1716.269,1400.0,2500.0,3.272,12.5424,1.0361,1.0193,0.25882,0.96593,1,14,6.1298,0.586743,0.839507,SIMULADO_CONTROLADO
3.4794,10.10471,20.66005,786.967,900.0,2500.0,5.299,11.6181,1.3125,0.9865,-0.70711,-0.70711,3,12,1.2922,0.29948,0.465553,SIMULADO_CONTROLADO
1.30589,1.80972,43.29587,186.841,900.0,500.0,1.246,18.0,1.2645,1.0576,-0.86603,0.5,2,1,2.7744,0.072549,0.111302,SIMULADO_CONTROLADO
1.0232,1.74567,35.16812,626.312,9000.0,1800.0,5.249,5.5756,1.3359,1.0234,-0.86603,0.5,2,1,0.0,0.183514,0.26829,SIMULADO_CONTROLADO
2.60544,2.84133,55.01868,536.563,2200.0,1200.0,4.043,12.4327,1.0,1.1125,-1.0,-0.0,2,2,5.3185,0.209563,0.292007,SIMULADO_CONTROLADO
4.48607,8.26449,32.56874,1387.342,6500.0,1800.0,4.898,8.5216,1.0,1.0389,-0.70711,0.70711,3,15,1.8677,0.526436,0.806879,SIMULADO_CONTROLADO
0.33925,0.37924,53.67173,176.485,4200.0,500.0,3.899,9.3716,1.1593,0.98,1.0,0.0,2,0,1.5446,0.036199,0.046139,SIMULADO_CONTROLADO
2.46804,5.49225,26.96208,966.342,2800.0,2500.0,5.391,12.2252,1.6238,0.98,-0.86603,-0.5,1,2,2.2198,0.201882,0.390174,SIMULADO_CONTROLADO
1.52142,6.63761,13.75269,485.186,6500.0,4000.0,3.516,8.8213,1.3626,1.1293,1.0,0.0,3,5,7.7774,0.172471,0.346935,SIMULADO_CONTROLADO
2.30415,2.90981,47.51138,164.99,1400.0,500.0,3.033,15.5237,1.0713,1.0188,-0.86603,0.5,2,1,3.4272,0.148428,0.167361,SIMULADO_CONTROLADO
0.51114,1.80943,16.94923,1281.152,2200.0,1800.0,4.574,13.7703,1.2279,1.0458,0.0,-1.0,3,1,2.1707,0.037119,0.061826,SIMULADO_CONTROLADO
4.48386,9.40144,28.61597,203.311,2200.0,2500.0,3.556,14.3284,1.2764,1.0354,-0.96593,0.25882,0,7,0.0,0.312935,0.450927,SIMULADO_CONTROLADO
5.32719,6.58669,48.52688,252.153,4200.0,500.0,2.808,11.7653,1.0,1.0987,1.0,0.0,1,8,5.3413,0.452787,0.616025,SIMULADO_CONTROLADO
3.25701,10.33381,18.91081,1679.331,1400.0,4000.0,6.042,14.8064,1.3791,0.98,0.96593,-0.25882,3,3,1.0407,0.219973,0.371727,SIMULADO_CONTROLADO
6.06015,7.68367,47.32228,1226.675,6500.0,1800.0,5.033,8.9265,1.1332,1.0948,-0.25882,0.96593,2,2,0.7094,0.678894,1.006657,SIMULADO_CONTROLADO
1.45983,3.12603,28.01954,767.275,6500.0,1200.0,2.243,8.8507,1.1455,1.0917,-0.70711,0.70711,3,2,0.8972,0.16494,0.256664,SIMULADO_CONTROLADO
2.42477,6.65437,21.86321,1684.71,9000.0,1800.0,5.123,4.7238,1.1638,1.0353,0.86603,0.5,0,3,5.5765,0.513311,0.82881,SIMULADO_CONTROLADO
3.29154,8.7606,22.54324,852.878,9000.0,2500.0,2.538,6.0222,1.3431,1.0536,0.70711,-0.70711,0,7,2.4115,0.546568,1.030309,SIMULADO_CONTROLADO
2.63084,6.09237,25.90951,917.589,4200.0,2500.0,3.486,11.938,1.0392,1.0183,0.70711,0.70711,3,8,0.0,0.220375,0.300168,SIMULADO_CONTROLADO
1.61769,2.51789,38.5488,1980.2,6500.0,4000.0,2.352,7.8435,1.0,0.98,-0.70711,-0.70711,1,2,2.0713,0.206246,0.238667,SIMULADO_CONTROLADO
1.76048,2.46519,42.84813,210.354,4200.0,500.0,1.8,12.1759,1.2117,1.0611,0.25882,0.96593,2,1,0.7538,0.144587,0.220078,SIMULADO_CONTROLADO
5.00456,7.67079,39.14505,957.619,9000.0,4000.0,3.315,5.5088,1.0,1.0461,0.0,1.0,1,11,3.255,0.908468,1.144968,SIMULADO_CONTROLADO
1.96107,2.70849,43.44269,373.716,900.0,500.0,4.142,12.7324,1.1118,1.047,-0.25882,-0.96593,1,1,1.6885,0.154022,0.217652,SIMULADO_CONTROLADO
4.31095,9.88093,26.17736,1368.979,1400.0,2500.0,2.801,13.0294,1.3499,1.0567,-0.70711,0.70711,3,15,0.0,0.330862,0.623796,SIMULADO_CONTROLADO
1.88241,4.62731,24.4083,302.025,2200.0,1200.0,1.598,14.0526,1.2527,1.0078,-0.96593,-0.25882,0,4,2.3268,0.133955,0.202238,SIMULADO_CONTROLADO
4.29322,14.49612,17.76978,270.258,4200.0,500.0,2.523,12.5811,1.3268,1.1022,-0.86603,-0.5,3,16,2.3807,0.341242,0.711174,SIMULADO_CONTROLADO
2.12665,7.31073,17.45362,866.3,9000.0,2500.0,2.502,6.063,1.2593,1.0354,-0.5,-0.86603,3,3,0.0,0.350759,0.546458,SIMULADO_CONTROLADO
3.09936,5.22501,35.59064,720.601,900.0,1800.0,4.331,11.6599,1.5457,1.0594,0.86603,0.5,2,2,0.0,0.265814,0.432354,SIMULADO_CONTROLADO
1.13831,1.83583,37.20311,1931.799,1400.0,2500.0,2.695,18.0,1.0659,1.0228,0.86603,0.5,1,1,3.0935,0.063239,0.082756,SIMULADO_CONTROLADO
2.42084,6.02008,24.12767,508.904,9000.0,1200.0,4.029,7.5283,1.2237,1.0823,-0.5,-0.86603,0,3,1.9107,0.321565,0.516918,SIMULADO_CONTROLADO
1.15299,1.32741,52.11624,260.985,2200.0,800.0,3.693,14.257,1.0899,1.0397,-0.5,0.86603,2,1,2.0481,0.080872,0.102129,SIMULADO_CONTROLADO
1.43036,2.82639,30.36441,195.386,900.0,2500.0,2.612,16.8782,1.3131,1.0312,0.25882,0.96593,1,2,4.0662,0.084746,0.118077,SIMULADO_CONTROLADO
1.52777,3.61955,25.32525,429.266,4200.0,800.0,5.128,10.603,1.1501,1.0893,0.70711,-0.70711,0,2,0.0,0.144088,0.229889,SIMULADO_CONTROLADO
1.73658,3.6526,28.52617,2061.59,9000.0,4000.0,4.738,5.7058,1.435,0.98,0.86603,0.5,1,1,2.6266,0.304353,0.52168,SIMULADO_CONTROLADO
3.95686,10.79927,21.98406,1915.7,9000.0,2500.0,4.805,7.4645,1.0751,1.0224,0.70711,0.70711,3,6,3.8914,0.530091,0.822771,SIMULADO_CONTROLADO
1.38513,2.91034,28.55605,2971.855,6500.0,7000.0,3.498,10.5448,1.3851,1.0074,0.86603,-0.5,1,2,2.1164,0.131357,0.23382,SIMULADO_CONTROLADO
2.23845,4.98264,26.95503,226.575,900.0,500.0,2.878,15.5431,1.2549,1.0518,0.86603,0.5,0,1,0.0,0.144015,0.216728,SIMULADO_CONTROLADO
4.30266,6.36739,40.54409,1845.753,900.0,2500.0,4.331,15.2101,1.1548,1.0492,0.96593,0.25882,2,7,1.1123,0.282882,0.406447,SIMULADO_CONTROLADO
3.05331,6.03443,30.3589,789.889,9000.0,1800.0,6.283,4.2,1.2468,1.0345,0.5,-0.86603,0,6,1.5519,0.726978,1.186442,SIMULADO_CONTROLADO
0.34764,0.97723,21.34421,2483.618,4200.0,7000.0,3.5,10.916,1.2018,1.0029,-0.96593,-0.25882,3,1,0.0,0.031846,0.047778,SIMULADO_CONTROLADO
0.49655,1.29631,22.98319,281.029,1400.0,1200.0,4.726,15.5179,1.217,1.0339,-0.25882,-0.96593,3,1,3.2799,0.031999,0.044911,SIMULADO_CONTROLADO
2.66699,6.37908,25.08505,1236.062,2200.0,7000.0,3.544,14.1702,1.1269,1.0496,-0.25882,-0.96593,3,6,2.5067,0.188211,0.261124,SIMULADO_CONTROLADO
1.32748,3.78766,21.02851,441.594,9000.0,800.0,6.143,4.2,1.0477,1.027,-0.5,-0.86603,3,4,1.1498,0.316067,0.437901,SIMULADO_CONTROLADO
0.4258,1.0891,23.45781,830.167,9000.0,4000.0,2.603,6.1913,1.1064,1.0848,0.96593,0.25882,0,0,4.5696,0.068773,0.095855,SIMULADO_CONTROLADO
1.24746,2.89311,25.87092,477.717,9000.0,1800.0,3.63,8.2159,1.0,1.0625,0.25882,0.96593,0,2,1.4038,0.151835,0.187991,SIMULADO_CONTROLADO
2.74046,5.22799,31.45138,3014.985,2800.0,7000.0,3.816,13.0289,1.2947,1.0359,0.0,1.0,1,1,5.6078,0.210337,0.331835,SIMULADO_CONTROLADO
1.51397,2.02778,44.79682,327.857,6500.0,800.0,5.062,8.4404,1.0,0.98,-0.86603,0.5,1,2,1.9353,0.179371,0.202225,SIMULADO_CONTROLADO
2.07805,6.27062,19.88369,594.683,900.0,800.0,5.023,14.094,1.1252,1.0252,-0.70711,0.70711,3,1,0.4955,0.147442,0.219574,SIMULADO_CONTROLADO
1.62641,2.12347,45.95516,915.673,9000.0,1800.0,5.119,5.5962,1.2637,1.0634,0.86603,-0.5,2,0,0.5589,0.290629,0.482649,SIMULADO_CONTROLADO
1.10323,2.00453,33.02221,208.154,1400.0,1800.0,5.085,12.6828,1.2943,1.0224,-1.0,-0.0,2,1,2.6913,0.086986,0.115018,SIMULADO_CONTROLADO
2.38598,6.10284,23.45773,446.459,9000.0,800.0,3.69,5.3393,1.0,1.0486,1.0,0.0,3,2,0.252,0.44687,0.567602,SIMULADO_CONTROLADO
0.3774,0.42976,52.69072,1435.602,900.0,2500.0,2.024,16.4014,1.1453,1.0249,0.96593,-0.25882,2,0,2.8032,0.023011,0.029232,SIMULADO_CONTROLADO
0.98418,1.76991,33.36393,985.35,9000.0,1200.0,5.813,5.6691,1.2336,1.0455,-0.86603,-0.5,1,1,1.6589,0.173606,0.278227,SIMULADO_CONTROLADO
3.47015,6.38044,32.6324,748.514,2800.0,800.0,2.922,13.7337,1.1683,1.098,-0.5,0.86603,1,5,1.6108,0.252674,0.404416,SIMULADO_CONTROLADO
0.51341,0.82429,37.37111,635.612,2800.0,1800.0,1.785,14.0529,1.3751,1.0704,-0.5,-0.86603,2,0,2.4126,0.036534,0.058441,SIMULADO_CONTROLADO
1.99903,7.03211,17.05629,1702.99,4200.0,2500.0,1.883,13.6433,1.0285,0.98,-0.25882,0.96593,0,3,4.6098,0.146521,0.193653,SIMULADO_CONTROLADO
1.41828,1.67011,50.95279,154.736,2800.0,500.0,3.822,13.0256,1.0,0.98,-0.25882,0.96593,2,1,1.3597,0.108885,0.113877,SIMULADO_CONTROLADO
1.30887,1.67531,46.87612,3324.211,9000.0,7000.0,3.457,7.4325,1.2897,1.0549,0.0,1.0,2,3,2.8867,0.176101,0.275453,SIMULADO_CONTROLADO
3.70448,4.54752,48.87686,1023.918,900.0,2500.0,4.717,14.1782,1.0741,1.0876,0.70711,-0.70711,2,2,3.433,0.261279,0.356113,SIMULADO_CONTROLADO
4.21744,4.76172,53.14182,263.997,4200.0,800.0,4.443,9.6638,1.0,0.98,0.25882,-0.96593,2,2,0.0,0.436418,0.452222,SIMULADO_CONTROLADO
0.77998,3.68314,12.70621,2064.416,1400.0,4000.0,1.769,14.5331,1.1346,1.0256,0.86603,0.5,3,1,3.5978,0.053669,0.073284,SIMULADO_CONTROLADO
1.74786,8.81189,11.90114,1131.074,900.0,4000.0,2.773,15.5602,1.3569,1.1418,0.96593,0.25882,3,5,4.2123,0.112329,0.219411,SIMULADO_CONTROLADO
0.26995,0.27103,59.7602,3757.93,4200.0,7000.0,5.95,10.9356,1.0,1.0229,-0.25882,0.96593,2,0,4.5289,0.024685,0.029437,SIMULADO_CONTROLADO
3.55964,7.15437,29.85287,3428.243,4200.0,4000.0,5.263,12.1727,1.5338,1.1487,0.86603,0.5,1,4,0.1716,0.292429,0.667431,SIMULADO_CONTROLADO
1.91943,4.78825,24.05175,444.729,900.0,800.0,5.814,12.9319,1.0259,0.9979,0.25882,-0.96593,0,2,0.3184,0.148427,0.170512,SIMULADO_CONTROLADO
0.47695,1.52429,18.77385,447.323,6500.0,800.0,1.317,10.1788,1.1739,1.0059,0.25882,-0.96593,3,1,2.3859,0.046857,0.066443,SIMULADO_CONTROLADO
1.02741,2.47734,24.88331,198.663,9000.0,800.0,6.034,5.1297,1.0,1.0034,-0.70711,-0.70711,3,3,2.2664,0.200287,0.240345,SIMULADO_CONTROLADO
0.71506,1.01286,42.35871,3205.771,4200.0,7000.0,5.764,12.1555,1.1667,0.98,-0.25882,-0.96593,2,0,2.5406,0.058826,0.075914,SIMULADO_CONTROLADO
0.97551,4.19868,13.94021,476.813,1400.0,1200.0,3.597,14.4331,1.1386,0.98,0.25882,0.96593,3,1,1.7511,0.067588,0.092546,SIMULADO_CONTROLADO
0.30304,0.7463,24.36316,1005.962,900.0,1200.0,4.77,14.4282,1.0,1.025,0.5,-0.86603,3,0,2.8902,0.021003,0.028135,SIMULADO_CONTROLADO
4.96846,16.74964,17.79785,5410.126,900.0,7000.0,2.642,14.8685,1.6121,1.0415,0.86603,-0.5,3,16,0.0,0.33416,0.813034,SIMULADO_CONTROLADO
0.80846,0.9108,53.2582,263.346,4200.0,800.0,4.691,10.4192,1.0807,1.0027,0.70711,0.70711,2,0,3.882,0.077593,0.09528,SIMULADO_CONTROLADO
1.99536,3.83035,31.25596,525.271,1400.0,1200.0,5.433,11.4165,1.0809,1.0136,-0.25882,0.96593,0,3,5.591,0.174778,0.22784,SIMULADO_CONTROLADO
2.72225,9.84025,16.59867,522.946,2200.0,1200.0,3.763,11.5933,1.315,1.1001,0.0,-1.0,0,2,1.3386,0.234813,0.409745,SIMULADO_CONTROLADO
4.22157,12.10934,20.91726,275.134,900.0,1200.0,1.35,15.7072,1.4503,1.0787,-0.25882,0.96593,0,3,2.9249,0.268767,0.511032,SIMULADO_CONTROLADO
2.04869,4.06163,30.2641,1179.944,2800.0,2500.0,3.407,12.732,1.3402,1.0234,-0.70711,0.70711,1,2,6.0294,0.160909,0.252666,SIMULADO_CONTROLADO
1.6065,1.76373,54.65112,2903.221,1400.0,4000.0,5.042,13.5522,1.0,1.0543,-0.25882,0.96593,2,3,2.5703,0.118541,0.144792,SIMULADO_CONTROLADO
2.11502,3.69737,34.32211,426.593,2200.0,800.0,4.93,13.7112,1.1942,0.98,0.96593,0.25882,1,3,3.1414,0.154255,0.201837,SIMULADO_CONTROLADO
0.77579,1.7014,27.35821,392.304,4200.0,500.0,3.777,11.2117,1.0,1.0471,-0.96593,0.25882,0,1,6.3676,0.069195,0.096067,SIMULADO_CONTROLADO
0.83668,4.59285,10.93016,1426.276,9000.0,2500.0,6.424,4.6911,1.3043,1.0322,0.0,1.0,0,1,6.7765,0.178354,0.315211,SIMULADO_CONTROLADO
1.57654,3.1906,29.64732,947.992,2200.0,1800.0,1.82,13.7289,1.0,1.0182,0.0,-1.0,3,3,0.2724,0.114834,0.134626,SIMULADO_CONTROLADO
0.18573,0.43605,25.5568,406.08,2200.0,2500.0,2.039,14.1752,1.0315,1.0365,-0.86603,0.5,3,0,1.6359,0.013103,0.015491,SIMULADO_CONTROLADO
1.12386,2.22651,30.28573,439.801,6500.0,1800.0,2.569,8.8879,1.1595,1.0292,-0.25882,-0.96593,1,2,4.3765,0.126448,0.180161,SIMULADO_CONTROLADO
1.34692,3.64068,22.1979,1452.398,9000.0,4000.0,5.459,6.8208,1.2312,0.98,0.86603,0.5,3,1,3.5439,0.197472,0.302901,SIMULADO_CONTROLADO
6.67116,8.44545,47.39475,892.356,2200.0,2500.0,5.243,12.4271,1.1183,1.1106,0.25882,0.96593,2,14,3.9827,0.536822,0.810814,SIMULADO_CONTROLADO
4.59857,17.09254,16.14239,3372.516,2200.0,4000.0,5.296,12.719,1.4031,1.0778,0.25882,-0.96593,3,14,0.0,0.361553,0.717138,SIMULADO_CONTROLADO
2.71506,9.85912,16.52314,2325.859,4200.0,4000.0,5.862,9.1822,1.2757,1.0175,-0.96593,0.25882,3,8,0.0,0.295687,0.521528,SIMULADO_CONTROLADO
3.62201,4.75647,45.68946,580.684,6500.0,1800.0,3.547,10.1815,1.2632,0.98,-0.5,0.86603,2,5,6.2469,0.355744,0.550318,SIMULADO_CONTROLADO
0.83005,1.28357,38.80071,825.925,4200.0,1200.0,2.888,13.227,1.0,0.98,-0.96593,-0.25882,1,1,4.1251,0.062755,0.077244,SIMULADO_CONTROLADO
2.15848,3.80649,34.0232,1757.944,4200.0,2500.0,4.382,9.1923,1.4319,1.1252,0.5,-0.86603,2,0,3.2426,0.234814,0.434902,SIMULADO_CONTROLADO
3.31449,4.39548,45.244,639.775,900.0,2500.0,3.372,15.0635,1.0315,1.0272,-0.86603,-0.5,1,5,0.0,0.220034,0.260137,SIMULADO_CONTROLADO
0.83715,1.76294,28.49157,1249.678,1400.0,2500.0,3.976,13.6811,1.438,1.0693,-1.0,-0.0,1,0,1.6285,0.06119,0.108376,SIMULADO_CONTROLADO
0.49811,0.81918,36.48326,1499.556,900.0,1800.0,1.943,15.5664,1.4836,0.9923,0.70711,-0.70711,2,0,3.6963,0.031999,0.060182,SIMULADO_CONTROLADO
2.51009,3.20081,47.05238,270.847,2200.0,1200.0,3.301,13.8571,1.242,1.0212,1.0,0.0,2,4,0.0,0.181141,0.226867,SIMULADO_CONTROLADO
0.55935,0.86419,38.83526,251.147,6500.0,500.0,3.705,6.1508,1.3251,1.0235,1.0,0.0,2,0,1.019,0.090939,0.126739,SIMULADO_CONTROLADO
2.8972,4.33201,40.12739,1010.206,1400.0,1200.0,1.663,15.7628,1.0,1.0459,-0.96593,-0.25882,1,2,3.2883,0.1838,0.252101,SIMULADO_CONTROLADO
4.17219,6.51386,38.43053,4136.468,4200.0,7000.0,6.471,11.223,1.1288,1.039,-0.96593,0.25882,1,6,3.7385,0.371753,0.546322,SIMULADO_CONTROLADO
0.86234,3.17744,16.28376,1644.805,2200.0,4000.0,1.4,15.6396,1.3363,0.9935,0.86603,0.5,0,1,1.4016,0.055138,0.082645,SIMULADO_CONTROLADO
0.92509,1.29275,42.93584,1496.226,1400.0,4000.0,6.073,11.7334,1.3079,0.993,-0.25882,0.96593,2,1,4.5628,0.078842,0.116429,SIMULADO_CONTROLADO
4.0884,4.71946,51.97715,3357.084,1400.0,4000.0,1.625,14.8316,1.0,1.0313,0.0,1.0,2,5,4.4945,0.275655,0.356307,SIMULADO_CONTROLADO
2.05717,4.76867,25.88362,1120.714,4200.0,7000.0,5.754,9.5639,1.113,0.98,0.5,-0.86603,3,7,0.0,0.215098,0.265554,SIMULADO_CONTROLADO
3.71996,3.90296,57.18665,551.248,6500.0,800.0,4.106,6.3541,1.0,0.998,0.25882,-0.96593,2,7,5.9397,0.585437,0.75052,SIMULADO_CONTROLADO
1.62354,2.7124,35.91374,2035.036,2200.0,4000.0,2.241,13.0471,1.2261,1.0281,0.25882,0.96593,1,3,4.9495,0.124437,0.184462,SIMULADO_CONTROLADO
1.72267,4.38484,23.57217,304.957,9000.0,500.0,2.426,5.6074,1.0,1.0529,-0.96593,-0.25882,0,2,2.9338,0.307216,0.43929,SIMULADO_CONTROLADO
2.01643,5.5094,21.95984,458.8,900.0,800.0,3.064,15.1228,1.3409,1.1027,-0.70711,0.70711,0,2,2.2117,0.133337,0.235723,SIMULADO_CONTROLADO
5.78878,13.14652,26.41966,188.987,4200.0,500.0,5.408,8.4085,1.3492,1.0136,0.96593,0.25882,1,5,4.1576,0.688442,1.053548,SIMULADO_CONTROLADO
3.52046,5.47303,38.59431,788.28,1400.0,1800.0,1.98,13.5336,1.0841,1.0366,-0.86603,-0.5,1,7,3.6208,0.260127,0.336884,SIMULADO_CONTROLADO
1.09167,2.67161,24.51712,360.693,9000.0,500.0,2.484,6.2589,1.2434,0.98,-0.5,0.86603,1,1,1.9297,0.174418,0.240732,SIMULADO_CONTROLADO
2.27719,4.38465,31.16124,965.623,6500.0,1200.0,4.871,9.2322,1.1253,1.0501,-0.86603,-0.5,1,4,5.8732,0.246658,0.382008,SIMULADO_CONTROLADO
1.53359,3.59268,25.61197,69.226,900.0,500.0,4.454,17.429,1.1987,0.9941,0.5,-0.86603,3,5,0.0,0.087991,0.121531,SIMULADO_CONTROLADO
1.30885,2.49493,31.47621,326.606,2200.0,500.0,3.43,13.62,1.0,1.0211,-0.5,0.86603,0,1,1.1037,0.096097,0.114836,SIMULADO_CONTROLADO
2.83927,5.33551,31.92869,813.261,6500.0,1800.0,1.521,8.5771,1.2596,1.0564,0.70711,-0.70711,1,2,3.4403,0.331029,0.548858,SIMULADO_CONTROLADO
2.43648,5.54481,26.36503,205.748,2800.0,1200.0,4.16,11.5131,1.0,1.0583,-0.86603,-0.5,0,1,2.3906,0.211628,0.241234,SIMULADO_CONTROLADO
0.87163,1.38857,37.66298,604.962,2800.0,1200.0,2.415,13.903,1.0,0.98,-1.0,-0.0,1,1,3.9691,0.062694,0.079041,SIMULADO_CONTROLADO
2.02029,2.47254,49.02545,837.564,900.0,1200.0,4.444,12.4849,1.1405,1.0711,-0.5,-0.86603,2,1,0.0,0.161818,0.212089,SIMULADO_CONTROLADO
1.2752,3.02853,25.2637,1046.139,2800.0,1200.0,2.655,14.3213,1.1262,1.0333,0.96593,-0.25882,0,0,1.9657,0.089042,0.13543,SIMULADO_CONTROLADO
2.71138,3.95987,41.08282,265.078,900.0,500.0,6.396,13.55,1.2036,1.092,-0.96593,-0.25882,1,2,4.9158,0.200102,0.312665,SIMULADO_CONTROLADO
1.22783,2.66265,27.66792,524.751,2200.0,1800.0,4.33,12.7013,1.0561,1.1008,0.96593,-0.25882,0,1,0.0,0.09667,0.132966,SIMULADO_CONTROLADO
1.73098,5.99019,17.33813,2497.958,1400.0,4000.0,4.228,11.6756,1.4617,1.1073,0.25882,-0.96593,3,4,1.995,0.148256,0.314918,SIMULADO_CONTROLADO
1.33916,1.96779,40.83221,144.4,4200.0,500.0,5.635,11.3688,1.1857,0.98,-0.25882,-0.96593,2,0,1.3853,0.117793,0.135595,SIMULADO_CONTROLADO
0.36218,0.92024,23.61439,736.92,2800.0,800.0,6.464,10.3774,1.1973,1.0531,1.0,0.0,0,0,3.2631,0.034901,0.057503,SIMULADO_CONTROLADO
5.59825,12.97638,25.8851,2240.869,2200.0,4000.0,5.33,12.5861,1.1916,0.98,-1.0,-0.0,0,6,3.3255,0.444796,0.717966,SIMULADO_CONTROLADO
2.00333,5.6623,21.22812,361.425,6500.0,1800.0,4.348,8.355,1.3205,1.0936,1.0,0.0,0,2,2.7039,0.239777,0.403148,SIMULADO_CONTROLADO
5.72838,10.87686,31.59945,355.986,2200.0,800.0,5.777,10.2999,1.2522,1.1,0.70711,0.70711,1,12,1.8913,0.556157,0.900912,SIMULADO_CONTROLADO
2.07311,5.75306,21.6209,2028.112,6500.0,4000.0,2.16,9.251,1.2307,1.079,-0.96593,-0.25882,3,1,2.6329,0.224096,0.396296,SIMULADO_CONTROLADO
3.20974,3.92202,49.10346,300.152,9000.0,1200.0,5.25,4.2,1.2778,1.0159,-0.70711,0.70711,2,4,2.1542,0.764225,1.097483,SIMULADO_CONTROLADO
1.15549,2.71032,25.57988,1735.072,1400.0,2500.0,4.803,12.656,1.0,1.0595,0.96593,0.25882,3,1,2.4318,0.0913,0.130713,SIMULADO_CONTROLADO
1.18056,1.52079,46.57675,1014.012,6500.0,1800.0,4.185,9.136,1.0,1.0101,0.0,-1.0,1,0,5.5596,0.129221,0.16352,SIMULADO_CONTROLADO
1.91865,2.94594,39.07717,411.38,900.0,800.0,5.794,14.3357,1.1478,1.0356,-0.5,0.86603,1,3,0.0,0.133837,0.186086,SIMULADO_CONTROLADO
5.69424,8.22091,41.55917,3806.669,4200.0,4000.0,4.961,10.5456,1.1284,1.0309,0.86603,-0.5,1,9,3.2175,0.539965,0.943879,SIMULADO_CONTROLADO
0.89991,2.51044,21.50806,1671.826,1400.0,2500.0,4.999,12.2899,1.2528,0.98,0.70711,-0.70711,0,1,0.5216,0.073224,0.118347,SIMULADO_CONTROLADO
0.26869,0.78013,20.66467,574.624,1400.0,800.0,6.022,12.1134,1.1632,0.9986,-0.86603,-0.5,3,0,6.6055,0.022181,0.033571,SIMULADO_CONTROLADO
4.02379,10.43803,23.12956,1602.173,6500.0,4000.0,4.907,7.4942,1.2531,1.1372,-0.70711,-0.70711,0,8,2.6871,0.536922,0.953243,SIMULADO_CONTROLADO
3.34958,4.54848,44.18511,1176.554,1400.0,2500.0,2.554,11.8863,1.0,1.0311,0.70711,0.70711,1,2,0.0,0.281801,0.351785,SIMULADO_CONTROLADO
1.40267,1.66148,50.65382,1759.113,2800.0,4000.0,2.173,13.31,1.1583,1.0422,0.25882,0.96593,2,2,2.013,0.105385,0.137276,SIMULADO_CONTROLADO
7.18888,14.14195,30.50022,3303.108,6500.0,4000.0,3.92,6.7367,1.0,1.0346,0.86603,-0.5,0,11,0.0,1.067116,1.540466,SIMULADO_CONTROLADO
7.39387,11.71164,37.8796,773.994,6500.0,1200.0,2.445,9.4912,1.2219,1.0165,0.5,-0.86603,1,12,1.1702,0.779026,1.188634,SIMULADO_CONTROLADO
0.33371,0.50376,39.74667,277.087,1400.0,7000.0,4.908,11.64,1.0,1.0366,-0.5,-0.86603,1,0,3.7931,0.028669,0.029296,SIMULADO_CONTROLADO
1.13226,1.78361,38.08867,347.429,2200.0,500.0,5.666,10.8026,1.2157,1.0167,0.70711,-0.70711,1,2,5.3586,0.104813,0.162347,SIMULADO_CONTROLADO
1.90801,3.36082,34.06324,644.014,2800.0,1200.0,2.747,13.7664,1.0,0.98,0.70711,0.70711,0,2,4.7694,0.138599,0.161441,SIMULADO_CONTROLADO
2.65826,5.31359,30.01658,936.14,4200.0,2500.0,6.041,10.1108,1.0986,1.0704,-1.0,-0.0,0,5,2.2798,0.262912,0.381481,SIMULADO_CONTROLADO
2.3761,6.05193,23.55714,397.014,1400.0,1800.0,5.159,11.0168,1.3032,1.1076,0.5,-0.86603,0,3,3.6971,0.215679,0.363198,SIMULADO_CONTROLADO
1.99757,3.15744,37.95917,179.989,4200.0,800.0,6.437,9.2327,1.1964,0.9826,0.25882,0.96593,1,3,4.1979,0.216357,0.288613,SIMULADO_CONTROLADO
0.77877,1.76834,26.42398,651.782,900.0,800.0,2.253,15.4004,1.0,1.0164,-0.5,-0.86603,0,0,7.2244,0.050568,0.06855,SIMULADO_CONTROLADO
2.90147,7.09167,24.54829,2055.493,4200.0,4000.0,3.646,10.4161,1.0524,1.1025,0.70711,-0.70711,3,1,1.2317,0.278557,0.422375,SIMULADO_CONTROLADO
3.01979,5.8069,31.20204,3434.619,6500.0,7000.0,4.594,8.0211,1.0,1.0003,0.0,-1.0,0,4,5.6697,0.376481,0.480628,SIMULADO_CONTROLADO
3.83102,4.62666,49.68194,1128.144,2800.0,2500.0,5.243,12.1333,1.0,1.0524,-0.86603,0.5,2,5,0.2067,0.315744,0.365671,SIMULADO_CONTROLADO
0.67854,0.83848,48.55492,1478.713,1400.0,1800.0,6.033,12.9387,1.1788,1.18,0.86603,0.5,2,0,4.9779,0.052443,0.092891,SIMULADO_CONTROLADO
1.67868,3.51996,28.6142,3392.838,1400.0,4000.0,5.924,11.7436,1.2496,1.0635,-0.86603,-0.5,1,2,1.1966,0.142944,0.226149,SIMULADO_CONTROLADO
1.34672,4.34303,18.60532,322.414,4200.0,800.0,2.451,11.7236,1.2305,1.0381,0.5,0.86603,3,4,1.0642,0.114873,0.185913,SIMULADO_CONTROLADO
0.66623,1.66304,24.0364,1753.238,2200.0,7000.0,3.439,12.9076,1.2564,1.0747,-1.0,-0.0,0,1,1.9022,0.051615,0.07913,SIMULADO_CONTROLADO
1.65765,4.32775,22.98168,76.937,9000.0,500.0,5.007,7.8158,1.1581,1.07,0.86603,-0.5,0,1,0.8704,0.21209,0.313996,SIMULADO_CONTROLADO
0.81593,1.28981,37.95594,1478.519,9000.0,2500.0,1.901,7.0207,1.1163,1.0052,-1.0,-0.0,1,0,3.3947,0.116218,0.179432,SIMULADO_CONTROLADO
0.5622,1.1145,30.26623,408.264,2800.0,1200.0,6.285,11.5339,1.0,0.98,0.0,1.0,0,1,5.0757,0.048743,0.057641,SIMULADO_CONTROLADO
3.37988,5.75039,35.26598,2880.99,1400.0,7000.0,5.159,13.5903,1.0896,1.0617,-0.70711,-0.70711,1,8,0.0,0.248699,0.313451,SIMULADO_CONTROLADO
1.39648,1.8926,44.2719,183.56,6500.0,800.0,5.593,7.5964,1.0,1.0685,1.0,0.0,1,0,2.1333,0.183834,0.210657,SIMULADO_CONTROLADO
1.08527,3.05151,21.33901,1016.294,6500.0,2500.0,6.009,6.9318,1.0248,1.0216,0.70711,-0.70711,3,0,0.2182,0.156563,0.220601,SIMULADO_CONTROLADO
4.48522,5.99094,44.92007,222.317,1400.0,800.0,2.143,15.1873,1.1742,1.109,0.96593,0.25882,1,2,4.4007,0.295327,0.432716,SIMULADO_CONTROLADO
3.08416,8.61906,21.46979,206.289,9000.0,800.0,3.437,7.0148,1.1412,1.1,0.70711,-0.70711,3,6,5.4828,0.439667,0.747503,SIMULADO_CONTROLADO
0.23453,1.34492,10.46307,210.965,1400.0,1200.0,4.654,16.0049,1.6504,1.0699,-1.0,-0.0,3,0,2.1333,0.014654,0.030255,SIMULADO_CONTROLADO
2.67094,7.60856,21.06263,1308.444,2800.0,4000.0,5.559,12.5893,1.0,1.0225,0.25882,0.96593,3,2,1.0231,0.212159,0.254248,SIMULADO_CONTROLADO
2.66174,5.16735,30.90648,130.366,1400.0,800.0,5.111,14.211,1.14,0.98,-0.5,-0.86603,0,4,0.0,0.187302,0.241493,SIMULADO_CONTROLADO
1.60309,4.11693,23.36339,563.001,2800.0,2500.0,1.844,14.2314,1.0,1.0272,0.86603,0.5,3,1,6.5925,0.112645,0.136938,SIMULADO_CONTROLADO
1.55487,2.08997,44.63811,125.209,4200.0,1800.0,4.622,9.8917,1.098,0.98,0.70711,-0.70711,2,0,5.2698,0.15719,0.185187,SIMULADO_CONTROLADO
0.41155,0.9479,26.05024,6469.831,900.0,7000.0,2.758,13.3491,1.1045,0.98,-0.25882,-0.96593,3,1,0.0,0.03083,0.043858,SIMULADO_CONTROLADO
7.13469,13.91429,30.76561,805.241,1400.0,1200.0,3.354,12.8862,1.2952,1.0641,0.5,0.86603,1,11,3.8765,0.55367,0.929263,SIMULADO_CONTROLADO
1.65255,3.87461,25.59049,42.513,6500.0,800.0,6.469,8.4143,1.0881,1.0878,-0.70711,0.70711,3,2,0.1645,0.196397,0.25733,SIMULADO_CONTROLADO
2.56671,2.93667,52.44117,5307.149,9000.0,7000.0,2.032,8.7914,1.1294,0.98,-0.86603,-0.5,2,2,1.4321,0.291958,0.390956,SIMULADO_CONTROLADO
1.72601,3.62204,28.5918,1057.85,9000.0,1200.0,1.753,8.0919,1.0911,1.0235,-0.5,-0.86603,0,1,0.0,0.213303,0.306578,SIMULADO_CONTROLADO
1.10104,1.28069,51.58363,305.536,6500.0,800.0,3.368,8.7839,1.0,1.0342,-0.5,0.86603,1,2,0.0,0.125348,0.143092,SIMULADO_CONTROLADO
3.56335,9.93538,21.51917,1666.947,9000.0,4000.0,5.78,7.4111,1.0557,1.0218,0.70711,-0.70711,0,7,2.4043,0.480815,0.699507,SIMULADO_CONTROLADO
2.22572,6.85596,19.47843,3047.878,1400.0,4000.0,2.06,14.1407,1.0989,0.98,0.70711,0.70711,3,5,6.4804,0.157398,0.231725,SIMULADO_CONTROLADO
1.66369,2.86694,34.81812,177.731,1400.0,500.0,1.624,13.4915,1.1718,1.0949,-0.96593,0.25882,1,3,0.5553,0.123314,0.171978,SIMULADO_CONTROLADO
2.5467,4.62257,33.05561,3425.72,2200.0,4000.0,3.42,13.5646,1.2494,0.98,-0.70711,-0.70711,0,3,4.3718,0.187745,0.305654,SIMULADO_CONTROLADO
1.85337,1.979,56.19133,2214.683,9000.0,2500.0,4.551,7.5022,1.1225,0.98,0.5,-0.86603,2,1,4.7014,0.247044,0.336543,SIMULADO_CONTROLADO
5.9894,8.42264,42.66643,533.864,6500.0,800.0,2.02,8.5785,1.1197,0.98,0.5,0.86603,1,8,4.0157,0.698188,1.009443,SIMULADO_CONTROLADO
3.47969,7.78353,26.8235,1357.41,2200.0,1800.0,5.464,10.2953,1.0,1.0567,1.0,0.0,0,7,6.6926,0.337988,0.508754,SIMULADO_CONTROLADO
2.85362,9.86934,17.34839,183.87,900.0,800.0,5.683,13.5877,1.2464,1.023,-0.25882,-0.96593,3,7,4.5059,0.210014,0.327197,SIMULADO_CONTROLADO
0.46735,1.36612,20.52579,474.492,4200.0,800.0,3.97,11.9393,1.0487,1.0003,0.25882,0.96593,3,1,6.2898,0.039143,0.052411,SIMULADO_CONTROLADO
2.92496,4.4039,39.8505,342.791,2200.0,500.0,1.361,10.6299,1.2795,1.0587,-0.25882,-0.96593,2,4,0.0912,0.275165,0.448188,SIMULADO_CONTROLADO
2.87325,3.73972,46.09834,280.641,1400.0,800.0,3.935,15.0019,1.3706,1.05,-0.96593,0.25882,2,6,4.0653,0.191525,0.317884,SIMULADO_CONTROLADO
0.82953,1.3751,36.19526,836.014,1400.0,2500.0,2.335,12.909,1.1299,0.98,0.5,-0.86603,1,1,5.6729,0.06426,0.086444,SIMULADO_CONTROLADO
0.45589,0.5014,54.55401,668.501,1400.0,4000.0,3.564,14.8659,1.0,1.0583,-0.5,-0.86603,2,0,0.8788,0.030667,0.032591,SIMULADO_CONTROLADO
3.38081,4.00721,50.6208,1262.4,2200.0,1800.0,5.227,10.052,1.1573,1.0882,0.96593,0.25882,2,8,0.0,0.336332,0.487233,SIMULADO_CONTROLADO
3.67904,12.24906,18.02116,142.86,4200.0,500.0,1.488,10.3604,1.2158,1.0295,-0.25882,-0.96593,0,3,0.0,0.355106,0.548261,SIMULADO_CONTROLADO
1.1858,2.611,27.24938,1244.37,1400.0,1800.0,1.201,15.8021,1.1095,1.0244,0.86603,0.5,0,1,0.978,0.075041,0.103771,SIMULADO_CONTROLADO
1.14064,1.96246,34.87388,826.776,2800.0,4000.0,1.907,14.8006,1.0698,1.1202,-0.96593,-0.25882,1,1,3.6785,0.077067,0.113534,SIMULADO_CONTROLADO
2.19718,4.0666,32.4179,2116.808,9000.0,4000.0,1.44,7.3408,1.2502,1.0031,0.0,-1.0,1,4,1.3105,0.299309,0.454532,SIMULADO_CONTROLADO
1.39275,3.82355,21.85543,2559.165,9000.0,4000.0,2.58,9.7133,1.2396,1.0275,-0.5,-0.86603,0,2,2.5066,0.143386,0.231241,SIMULADO_CONTROLADO
0.44515,1.0854,24.60739,124.423,6500.0,1200.0,3.343,7.7687,1.1046,1.0499,0.96593,-0.25882,0,0,1.2309,0.0573,0.069859,SIMULADO_CONTROLADO
0.82081,1.90133,25.90233,1703.56,1400.0,2500.0,5.332,11.958,1.0,1.0372,0.86603,-0.5,3,1,2.2301,0.068642,0.097937,SIMULADO_CONTROLADO
2.49887,4.2902,34.94755,168.147,1400.0,500.0,1.361,14.625,1.233,1.0227,-0.70711,-0.70711,1,1,2.3609,0.170863,0.241837,SIMULADO_CONTROLADO
0.86427,0.99443,52.14669,825.596,9000.0,1200.0,3.06,6.2031,1.0372,1.039,-0.5,-0.86603,2,1,1.172,0.139328,0.177335,SIMULADO_CONTROLADO
3.80785,4.80638,47.53503,461.61,2200.0,1800.0,6.126,12.3835,1.1943,1.1056,-0.86603,-0.5,2,2,4.2246,0.307495,0.450619,SIMULADO_CONTROLADO
2.84018,3.96572,42.97098,260.884,2800.0,500.0,4.255,11.3939,1.1842,1.0713,0.70711,0.70711,2,6,5.3987,0.249272,0.375376,SIMULADO_CONTROLADO
2.57237,2.67369,57.72634,468.131,2200.0,500.0,5.582,12.9692,1.0,1.0316,0.86603,0.5,2,4,0.0874,0.198345,0.2369,SIMULADO_CONTROLADO
2.16291,3.70978,34.98165,2799.624,900.0,4000.0,3.763,15.0591,1.173,0.9961,0.96593,-0.25882,1,5,2.9564,0.143627,0.218287,SIMULADO_CONTROLADO
1.05835,3.4912,18.1889,545.825,6500.0,800.0,1.715,11.6641,1.2423,1.0021,0.70711,-0.70711,3,1,0.0,0.090736,0.150667,SIMULADO_CONTROLADO
3.12156,6.22177,30.10294,84.49,1400.0,500.0,2.191,14.0256,1.2619,1.0778,0.0,-1.0,1,3,0.0,0.222561,0.330093,SIMULADO_CONTROLADO
1.03216,3.05934,20.2428,1325.403,1400.0,2500.0,5.218,13.6563,1.1788,0.98,0.0,-1.0,3,3,4.6767,0.075581,0.109556,SIMULADO_CONTROLADO
3.95496,4.79558,49.48256,413.667,6500.0,800.0,5.78,8.6261,1.0,1.1431,0.25882,0.96593,1,7,6.7156,0.458486,0.654969,SIMULADO_CONTROLADO
5.37627,14.84097,21.73551,3020.154,4200.0,7000.0,3.678,11.1362,1.3643,1.0336,0.0,1.0,0,2,1.8104,0.482772,0.789443,SIMULADO_CONTROLADO
2.21588,8.40526,15.81784,2363.843,6500.0,7000.0,3.81,8.5315,1.2258,0.98,-0.96593,0.25882,3,7,6.3499,0.25973,0.418389,SIMULADO_CONTROLADO
4.90791,8.74453,33.67528,1000.519,4200.0,4000.0,3.586,8.7099,1.0,1.0432,-0.25882,-0.96593,0,3,1.1388,0.563483,0.659757,SIMULADO_CONTROLADO
0.83143,2.23791,22.29122,782.788,900.0,1200.0,1.297,15.6163,1.034,0.999,0.25882,0.96593,3,1,2.0076,0.053241,0.069803,SIMULADO_CONTROLADO
2.86299,6.55702,26.19778,2367.498,2200.0,7000.0,1.706,14.7468,1.197,1.0161,-0.86603,0.5,0,5,6.0022,0.194143,0.278456,SIMULADO_CONTROLADO
1.95933,5.53943,21.22239,58.605,2200.0,800.0,6.457,11.825,1.2688,0.98,0.86603,-0.5,0,3,0.5834,0.165695,0.226146,SIMULADO_CONTROLADO
3.42141,3.66852,55.95837,545.551,2200.0,800.0,1.423,13.2211,1.0819,1.0243,-0.70711,-0.70711,2,5,4.425,0.258784,0.353022,SIMULADO_CONTROLADO
0.25192,0.8899,16.98555,5177.289,2800.0,7000.0,3.05,10.8127,1.2921,0.98,0.5,-0.86603,3,0,1.7686,0.023299,0.037271,SIMULADO_CONTROLADO
3.28079,4.13619,47.59143,1779.313,2800.0,2500.0,4.861,12.5564,1.0,1.008,0.86603,0.5,1,2,0.9865,0.261284,0.32113,SIMULADO_CONTROLADO
1.14733,2.66789,25.80296,465.757,4200.0,500.0,3.452,11.2865,1.0,0.9978,-0.86603,-0.5,0,1,1.4315,0.101654,0.128542,SIMULADO_CONTROLADO
2.0338,4.23292,28.82837,3682.051,9000.0,7000.0,6.408,6.7843,1.0,1.0124,0.86603,-0.5,0,2,0.0,0.299781,0.38233,SIMULADO_CONTROLADO
7.05458,14.01747,30.19623,33.592,4200.0,800.0,1.374,10.4426,1.0164,1.0006,0.70711,0.70711,3,6,5.1483,0.675555,0.775903,SIMULADO_CONTROLADO
2.93167,4.40608,39.92218,1086.106,9000.0,2500.0,5.835,4.8098,1.4013,1.0365,0.96593,0.25882,2,5,2.9752,0.609519,1.004118,SIMULADO_CONTROLADO
2.66261,5.46546,29.23025,617.626,6500.0,1800.0,1.914,8.0531,1.4892,1.075,-0.96593,0.25882,0,5,2.1892,0.330634,0.65261,SIMULADO_CONTROLADO
2.50842,4.42722,33.9955,332.905,6500.0,500.0,2.286,10.7019,1.1975,1.0512,0.0,-1.0,1,5,1.0448,0.234391,0.365512,SIMULADO_CONTROLADO
4.24024,6.24616,40.73129,2144.994,1400.0,4000.0,4.0,15.2868,1.0579,1.0935,0.5,-0.86603,1,8,3.1547,0.277378,0.385239,SIMULADO_CONTROLADO
3.50334,6.12861,34.29823,1242.333,4200.0,2500.0,5.819,12.4887,1.1245,1.0126,-1.0,-0.0,0,2,4.3552,0.280521,0.39738,SIMULADO_CONTROLADO
2.5287,10.70336,14.17519,2096.529,900.0,7000.0,3.395,15.1981,1.2357,1.0496,1.0,0.0,3,5,1.9235,0.166383,0.233654,SIMULADO_CONTROLADO
2.30574,2.85547,48.449,584.006,9000.0,2500.0,2.756,7.7069,1.0,1.0514,0.70711,0.70711,2,5,4.5235,0.299177,0.3691,SIMULADO_CONTROLADO
2.19377,5.28675,24.89733,804.358,1400.0,4000.0,3.329,14.6253,1.0684,1.0868,0.5,0.86603,0,1,3.0777,0.149998,0.200787,SIMULADO_CONTROLADO
1.87802,2.63066,42.83371,5105.941,1400.0,7000.0,1.7,15.5227,1.3896,1.0021,0.5,0.86603,2,1,2.3039,0.120985,0.200835,SIMULADO_CONTROLADO
0.66753,1.1263,35.5606,2029.971,9000.0,7000.0,5.643,5.5197,1.0,1.0705,-0.5,0.86603,1,0,4.416,0.120936,0.145877,SIMULADO_CONTROLADO
2.88722,5.547,31.23002,1097.432,900.0,1800.0,6.051,14.1198,1.0402,0.9964,-0.70711,0.70711,0,4,1.4334,0.20448,0.265702,SIMULADO_CONTROLADO
1.24641,1.95526,38.24795,382.386,2800.0,500.0,4.782,14.6163,1.1621,1.0094,0.70711,-0.70711,1,2,0.0,0.085275,0.127825,SIMULADO_CONTROLADO
1.70652,3.10771,32.94757,941.736,4200.0,1200.0,3.557,11.4619,1.2053,1.0189,0.25882,-0.96593,0,2,2.3885,0.148887,0.235679,SIMULADO_CONTROLADO
3.66874,6.77642,32.48384,1018.317,1400.0,2500.0,4.455,13.6241,1.06,1.0554,0.70711,-0.70711,0,5,2.5741,0.269284,0.368679,SIMULADO_CONTROLADO
1.91213,5.036,22.78154,192.553,2200.0,500.0,4.125,13.1815,1.1723,0.9861,-0.25882,-0.96593,3,5,2.0331,0.145062,0.20456,SIMULADO_CONTROLADO
1.79975,2.19562,49.1821,243.981,6500.0,500.0,1.473,9.6581,1.2573,0.9924,0.86603,0.5,2,3,4.9988,0.186346,0.292118,SIMULADO_CONTROLADO
2.22087,5.91951,22.51071,1176.149,4200.0,1200.0,3.29,11.615,1.4738,1.006,-0.70711,-0.70711,0,2,3.551,0.191207,0.396041,SIMULADO_CONTROLADO
1.53898,4.59549,20.09338,1339.859,4200.0,7000.0,4.681,10.4739,1.1398,1.0372,0.0,-1.0,3,4,2.2584,0.146935,0.206865,SIMULADO_CONTROLADO
6.9551,9.6807,43.10699,518.554,2800.0,1200.0,5.693,13.0108,1.1534,0.9929,-0.70711,0.70711,2,15,2.4884,0.534565,0.737339,SIMULADO_CONTROLADO
6.33423,24.48195,15.52383,2605.271,2200.0,7000.0,3.103,14.6567,1.4044,1.0469,0.96593,-0.25882,3,23,2.6693,0.432172,0.827346,SIMULADO_CONTROLADO
6.22534,7.30398,51.13929,1419.436,4200.0,4000.0,5.542,12.9052,1.0721,1.0189,-1.0,-0.0,2,7,3.6047,0.482392,0.665721,SIMULADO_CONTROLADO
2.51449,3.53324,42.70007,719.68,900.0,1200.0,5.212,13.7265,1.0,1.0646,0.70711,0.70711,1,1,2.6103,0.183185,0.233061,SIMULADO_CONTROLADO
1.18064,1.89962,37.29103,497.189,900.0,800.0,6.125,13.69,1.2,1.0378,0.5,0.86603,2,2,2.1756,0.086242,0.123584,SIMULADO_CONTROLADO
3.73717,5.54925,40.40722,3530.861,6500.0,4000.0,6.444,7.8966,1.3322,1.1138,-1.0,-0.0,2,8,0.0,0.473264,0.90244,SIMULADO_CONTROLADO
1.5485,2.05194,45.27894,2464.76,1400.0,4000.0,1.421,15.2,1.2178,1.0405,-0.70711,0.70711,2,0,1.0094,0.101875,0.14371,SIMULADO_CONTROLADO
3.9652,8.3763,28.40299,2081.534,6500.0,2500.0,3.519,10.2726,1.1445,0.9802,-0.70711,0.70711,0,2,3.0817,0.385997,0.591626,SIMULADO_CONTROLADO
1.13427,1.40301,48.5072,2707.997,900.0,7000.0,5.3,11.7651,1.0,1.0254,0.25882,0.96593,1,0,2.8948,0.09641,0.111776,SIMULADO_CONTROLADO
2.64715,5.92322,26.81459,119.636,1400.0,500.0,5.563,13.6496,1.1507,1.036,0.86603,-0.5,0,4,0.0,0.193936,0.297233,SIMULADO_CONTROLADO
4.35249,9.56401,27.30542,614.331,9000.0,1200.0,1.639,9.6573,1.3573,0.9941,0.25882,-0.96593,1,4,1.32,0.450694,0.755868,SIMULADO_CONTROLADO
1.61816,4.27185,22.72768,1510.627,1400.0,2500.0,4.415,15.2488,1.0,1.1033,1.0,0.0,0,1,0.5475,0.106117,0.133532,SIMULADO_CONTROLADO
1.61354,3.28025,29.51367,333.258,9000.0,500.0,5.962,6.8155,1.1208,1.0211,0.96593,-0.25882,0,3,5.3657,0.236746,0.370778,SIMULADO_CONTROLADO
0.50652,1.5753,19.29227,2605.843,1400.0,7000.0,2.403,15.5289,1.098,1.006,0.86603,-0.5,3,0,3.0274,0.032618,0.044184,SIMULADO_CONTROLADO
1.16426,2.17732,32.08327,89.676,4200.0,2500.0,3.041,10.7166,1.0484,1.0432,0.0,1.0,0,2,3.4037,0.108641,0.136208,SIMULADO_CONTROLADO
2.47894,5.62781,26.42878,381.052,4200.0,1200.0,3.293,10.4185,1.1997,0.9942,-0.5,0.86603,3,5,2.3599,0.237936,0.363056,SIMULADO_CONTROLADO
2.75712,9.09163,18.19554,488.311,4200.0,800.0,3.291,10.4286,1.2309,1.0785,0.96593,-0.25882,0,3,1.1847,0.264381,0.479213,SIMULADO_CONTROLADO
3.04989,8.11388,22.55314,419.479,2200.0,500.0,4.177,11.5542,1.2293,1.0694,-0.5,-0.86603,3,11,1.5646,0.263964,0.469568,SIMULADO_CONTROLADO
0.32335,0.41266,47.01523,568.269,6500.0,2500.0,1.522,10.9509,1.0037,1.0409,-1.0,-0.0,1,0,3.5347,0.029528,0.037246,SIMULADO_CONTROLADO
1.55442,1.57873,59.07616,4125.223,2200.0,7000.0,5.33,14.1637,1.0,1.0616,0.70711,0.70711,2,0,1.9538,0.109747,0.136297,SIMULADO_CONTROLADO
0.57054,1.28903,26.55676,317.509,6500.0,500.0,1.851,10.1883,1.202,1.0125,0.86603,0.5,1,0,3.5565,0.056,0.087024,SIMULADO_CONTROLADO
2.38881,4.03647,35.50841,507.675,2200.0,1200.0,5.511,13.286,1.0791,0.98,-0.70711,-0.70711,1,3,2.8002,0.179799,0.208953,SIMULADO_CONTROLADO
0.4122,1.0408,23.76253,803.892,6500.0,2500.0,1.291,10.2714,1.4541,1.0203,-0.25882,0.96593,1,0,3.1206,0.040131,0.069443,SIMULADO_CONTROLADO
0.74585,1.1265,39.72591,825.568,9000.0,1800.0,5.371,6.2655,1.4615,1.0124,0.70711,-0.70711,2,1,3.2278,0.119042,0.206716,SIMULADO_CONTROLADO
3.46185,6.90981,30.06028,593.233,6500.0,2500.0,3.083,6.5722,1.4785,0.98,-0.70711,0.70711,1,8,1.3951,0.526739,0.86679,SIMULADO_CONTROLADO
1.28037,1.75849,43.68641,213.418,2800.0,2500.0,4.676,12.4734,1.0096,0.9874,0.0,1.0,2,0,1.8471,0.102648,0.099829,SIMULADO_CONTROLADO
4.93589,15.77037,18.7791,1959.206,2200.0,7000.0,2.15,13.322,1.2511,0.98,-0.96593,-0.25882,3,5,4.4086,0.370506,0.575238,SIMULADO_CONTROLADO
3.10653,5.24653,35.52667,1699.443,2200.0,2500.0,4.046,12.931,1.2994,0.9876,-0.25882,0.96593,1,4,6.3354,0.240238,0.364973,SIMULADO_CONTROLADO
1.62536,2.92242,33.37017,1071.568,2200.0,2500.0,2.785,13.8175,1.2813,1.095,-0.96593,-0.25882,1,3,4.4278,0.11763,0.194633,SIMULADO_CONTROLADO
3.84535,8.3064,27.77631,606.711,2800.0,1200.0,1.221,12.7919,1.1033,1.058,0.5,0.86603,0,3,0.0,0.300608,0.399403,SIMULADO_CONTROLADO
1.73623,3.55338,29.31678,515.565,2800.0,800.0,5.043,10.6398,1.3647,1.0784,0.0,1.0,1,1,0.9082,0.163182,0.282921,SIMULADO_CONTROLADO
3.32592,9.22814,21.62461,352.149,6500.0,500.0,1.895,8.752,1.1601,1.0579,0.70711,-0.70711,0,2,2.7409,0.380018,0.624695,SIMULADO_CONTROLADO
1.11586,2.64164,25.3448,196.798,9000.0,500.0,6.18,4.2,1.1805,1.0837,-0.25882,-0.96593,0,2,0.1937,0.265682,0.382059,SIMULADO_CONTROLADO
3.99931,9.51901,25.20837,2145.961,9000.0,4000.0,4.082,4.777,1.0,1.0362,-0.70711,-0.70711,3,4,0.0953,0.837207,1.220535,SIMULADO_CONTROLADO
0.45568,1.04311,26.21093,242.359,4200.0,500.0,1.209,11.0345,1.2632,1.1032,-0.5,0.86603,0,0,1.6207,0.041296,0.066598,SIMULADO_CONTROLADO
0.74481,1.10775,40.34186,762.135,9000.0,1800.0,6.208,4.2,1.1183,0.98,-0.5,-0.86603,1,0,3.2252,0.177336,0.219019,SIMULADO_CONTROLADO
0.8699,2.53408,20.59678,1288.221,9000.0,2500.0,1.904,7.7778,1.2344,1.032,1.0,0.0,3,2,3.7968,0.111843,0.189874,SIMULADO_CONTROLADO
1.21896,2.89603,25.2544,1784.437,2800.0,2500.0,5.62,10.5905,1.1976,0.9889,0.0,1.0,3,2,1.7286,0.1151,0.17425,SIMULADO_CONTROLADO
2.54364,6.43074,23.73265,430.158,2200.0,500.0,2.945,11.2389,1.1889,1.0909,-0.5,0.86603,0,3,1.5673,0.226325,0.360386,SIMULADO_CONTROLADO
1.99108,5.89947,20.25007,5548.467,2800.0,7000.0,4.211,11.8237,1.1527,1.0539,-0.5,-0.86603,0,1,0.7283,0.168398,0.254984,SIMULADO_CONTROLADO
3.35262,5.81862,34.57128,1223.887,900.0,1800.0,5.629,12.2309,1.2859,1.0884,-0.86603,-0.5,1,1,3.5649,0.27411,0.446243,SIMULADO_CONTROLADO
4.39358,5.35185,49.25673,177.782,2200.0,500.0,1.466,15.8913,1.1282,0.98,-0.96593,-0.25882,2,2,3.4238,0.276478,0.351077,SIMULADO_CONTROLADO
0.40307,0.89611,26.98773,398.054,2200.0,500.0,4.804,12.7976,1.0,1.0079,-0.96593,0.25882,3,1,4.4048,0.031496,0.046296,SIMULADO_CONTROLADO
4.75441,15.07551,18.92238,3213.592,6500.0,7000.0,1.987,7.8411,1.251,0.98,-0.86603,0.5,0,8,2.7725,0.606348,0.939815,SIMULADO_CONTROLADO
1.70635,2.82246,36.2736,6385.292,1400.0,7000.0,4.997,14.0338,1.0306,1.0513,-0.86603,0.5,0,1,0.0,0.121588,0.166463,SIMULADO_CONTROLADO
6.14599,8.22352,44.84201,2264.639,4200.0,4000.0,2.052,11.9787,1.0,1.0157,0.86603,0.5,1,6,1.7673,0.513077,0.615721,SIMULADO_CONTROLADO
1.07356,2.70101,23.84801,820.402,2200.0,1200.0,1.316,13.9213,1.0,1.069,0.96593,-0.25882,3,2,4.2995,0.077116,0.113323,SIMULADO_CONTROLADO
0.28248,0.80145,21.14757,1857.219,2200.0,7000.0,2.024,15.7788,1.2053,1.0364,0.0,1.0,0,0,0.0,0.017902,0.023943,SIMULADO_CONTROLADO
3.13122,4.58182,41.00403,599.736,900.0,800.0,4.516,12.897,1.1446,0.98,0.5,0.86603,1,6,2.3219,0.242786,0.324978,SIMULADO_CONTROLADO
2.99521,7.02197,25.59292,395.485,2800.0,800.0,6.424,12.5512,1.0,0.98,-0.5,0.86603,0,3,3.0988,0.238639,0.277914,SIMULADO_CONTROLADO
0.76372,1.26053,36.35257,2921.897,900.0,4000.0,6.342,12.7548,1.0986,1.0387,0.5,-0.86603,0,1,6.7077,0.059877,0.084766,SIMULADO_CONTROLADO
0.83767,3.12062,16.10588,406.718,1400.0,1200.0,5.152,13.2595,1.3471,1.056,-0.86603,-0.5,3,2,1.2377,0.063175,0.109897,SIMULADO_CONTROLADO
3.52829,6.14314,34.46081,783.784,2800.0,1800.0,5.57,10.7936,1.0878,0.98,-0.25882,-0.96593,0,7,2.2445,0.326888,0.430881,SIMULADO_CONTROLADO
2.63299,4.35029,36.3147,1788.368,4200.0,2500.0,5.832,9.3523,1.1335,1.0312,0.5,-0.86603,1,4,6.044,0.281534,0.38355,SIMULADO_CONTROLADO
1.57408,3.75314,25.1642,381.296,2200.0,800.0,4.0,12.4766,1.3269,0.9892,0.70711,0.70711,3,1,1.2645,0.126162,0.212284,SIMULADO_CONTROLADO
2.82721,4.2636,39.78633,1887.341,1400.0,7000.0,2.412,12.2339,1.2873,0.985,-0.96593,-0.25882,2,2,4.7569,0.231097,0.344535,SIMULADO_CONTROLADO
2.44668,6.4548,22.74286,279.1,9000.0,800.0,4.704,6.2993,1.3235,1.0055,-1.0,-0.0,0,3,3.3246,0.388407,0.694053,SIMULADO_CONTROLADO
0.9215,1.22272,45.219,4238.258,2200.0,7000.0,1.95,14.0602,1.0,1.0406,0.70711,0.70711,1,0,2.0359,0.06554,0.078507,SIMULADO_CONTROLADO
3.71214,11.1135,20.04126,589.181,2200.0,800.0,5.612,10.4776,1.4374,1.0032,0.96593,-0.25882,3,7,3.4484,0.354294,0.682871,SIMULADO_CONTROLADO
3.22918,5.14089,37.68819,821.207,900.0,1200.0,3.384,15.3691,1.2618,0.98,-0.25882,0.96593,1,7,2.1902,0.210109,0.3023,SIMULADO_CONTROLADO
2.02568,3.6339,33.44638,243.279,2200.0,800.0,2.612,15.3729,1.5538,1.0402,-0.86603,0.5,2,1,7.2414,0.13177,0.252598,SIMULADO_CONTROLADO
3.52989,3.95964,53.48817,1330.209,1400.0,1800.0,5.67,12.2509,1.0348,1.0192,-0.70711,-0.70711,2,6,0.0,0.288133,0.333974,SIMULADO_CONTROLADO
6.6539,6.65462,59.99355,229.708,2200.0,500.0,1.789,13.0531,1.0,0.9928,-0.25882,0.96593,2,6,1.9068,0.509757,0.544205,SIMULADO_CONTROLADO
0.82848,2.15981,23.01532,182.18,1400.0,800.0,6.367,14.0711,1.1612,1.0211,-0.70711,0.70711,0,0,1.9684,0.058878,0.076086,SIMULADO_CONTROLADO
1.63107,3.96327,24.69279,1382.15,1400.0,1800.0,6.237,13.2772,1.1159,1.0193,-0.5,-0.86603,3,1,2.2186,0.122848,0.169983,SIMULADO_CONTROLADO
1.69556,5.38481,18.89267,868.733,6500.0,2500.0,4.427,8.3449,1.2646,1.037,-0.25882,-0.96593,3,1,4.7689,0.203184,0.339685,SIMULADO_CONTROLADO
3.47648,8.93459,23.34621,5596.102,2800.0,7000.0,4.974,12.9391,1.332,1.0238,-0.70711,-0.70711,0,3,1.5612,0.268681,0.469688,SIMULADO_CONTROLADO
1.20628,3.26719,22.15258,2641.025,4200.0,4000.0,1.397,12.5003,1.146,1.0424,-0.96593,0.25882,3,4,3.5333,0.0965,0.162049,SIMULADO_CONTROLADO
3.34274,10.47953,19.13871,5758.505,4200.0,7000.0,3.517,12.9318,1.1215,1.0328,-0.25882,0.96593,3,8,2.9861,0.258491,0.402966,SIMULADO_CONTROLADO
1.32931,1.84702,43.18242,2747.398,2800.0,4000.0,5.888,11.5301,1.2436,1.0719,0.96593,-0.25882,2,0,4.2608,0.115291,0.191068,SIMULADO_CONTROLADO
0.74151,1.16731,38.11366,3147.013,2800.0,4000.0,1.261,14.1443,1.119,1.1063,0.96593,-0.25882,1,0,2.2119,0.052425,0.087405,SIMULADO_CONTROLADO
2.11711,3.3804,37.57743,274.621,2200.0,1200.0,2.74,14.8845,1.1056,1.0343,0.70711,0.70711,1,4,3.1766,0.142236,0.172675,SIMULADO_CONTROLADO
1.30536,3.11473,25.14547,4490.756,1400.0,7000.0,3.075,11.2787,1.3259,1.007,0.0,1.0,3,1,2.2408,0.115736,0.20082,SIMULADO_CONTROLADO
2.27697,5.23978,26.0733,5620.565,9000.0,7000.0,4.778,7.211,1.3616,0.98,0.86603,-0.5,0,2,0.4293,0.315762,0.585827,SIMULADO_CONTROLADO
2.69034,8.10813,19.9085,367.352,2200.0,1800.0,4.936,11.9728,1.3334,1.0641,0.96593,0.25882,3,8,5.858,0.224704,0.395794,SIMULADO_CONTROLADO
0.43654,1.37776,19.01111,322.311,9000.0,500.0,1.546,7.9045,1.1331,0.9944,-0.70711,0.70711,3,1,0.8994,0.055228,0.080989,SIMULADO_CONTROLADO
1.43304,1.66297,51.70391,126.109,6500.0,500.0,2.353,11.4382,1.0,1.1406,0.25882,-0.96593,2,1,1.4952,0.125285,0.156918,SIMULADO_CONTROLADO
2.11842,2.83352,44.85774,585.824,4200.0,1800.0,5.575,9.9241,1.1363,1.1601,-0.86603,-0.5,1,3,0.7007,0.213462,0.304799,SIMULADO_CONTROLADO
3.54033,4.34307,48.91008,1885.081,6500.0,2500.0,2.217,8.9559,1.0387,1.0254,0.86603,0.5,2,4,3.3442,0.395308,0.486636,SIMULADO_CONTROLADO
3.24582,7.26982,26.78869,1291.614,4200.0,1800.0,2.719,11.5109,1.1392,0.98,0.5,-0.86603,0,5,1.4959,0.281977,0.409884,SIMULADO_CONTROLADO
0.99311,2.36512,25.19393,4018.378,6500.0,7000.0,2.06,7.8303,1.0526,1.0644,-0.96593,0.25882,3,0,5.682,0.12683,0.187164,SIMULADO_CONTROLADO
1.76169,3.0144,35.06548,114.379,6500.0,1800.0,5.198,10.7999,1.1567,1.1294,0.96593,0.25882,1,3,3.6213,0.163121,0.227974,SIMULADO_CONTROLADO
2.79133,6.44371,25.99118,1859.987,4200.0,2500.0,1.344,12.1443,1.0,0.98,0.70711,-0.70711,0,4,1.9186,0.229846,0.295194,SIMULADO_CONTROLADO
1.66761,4.57707,21.86041,3705.16,6500.0,4000.0,2.8,11.2146,1.0,1.1204,-0.5,-0.86603,3,1,0.5895,0.148699,0.224265,SIMULADO_CONTROLADO
1.08003,1.68818,38.3855,2304.056,6500.0,7000.0,4.021,8.2906,1.3556,0.98,0.86603,0.5,2,1,2.2675,0.130272,0.188313,SIMULADO_CONTROLADO
1.93344,2.23535,51.89631,591.895,1400.0,2500.0,1.232,15.0864,1.0049,0.98,-0.5,-0.86603,2,2,3.5921,0.128157,0.1319,SIMULADO_CONTROLADO
2.60587,5.01583,31.17177,1090.214,9000.0,1800.0,6.256,6.3179,1.1601,1.0489,-0.5,-0.86603,0,5,2.4036,0.412461,0.666102,SIMULADO_CONTROLADO
0.90986,2.87204,19.00789,378.991,2800.0,500.0,5.807,10.2641,1.3127,1.0808,0.0,-1.0,3,0,2.2053,0.088645,0.158904,SIMULADO_CONTROLADO
3.00867,4.51201,40.00881,1142.161,900.0,2500.0,4.631,13.8931,1.3063,1.032,0.70711,0.70711,2,3,0.357,0.216559,0.309976,SIMULADO_CONTROLADO
2.21249,6.68755,19.8502,540.889,1400.0,800.0,3.527,15.1008,1.2872,1.0552,-0.96593,-0.25882,3,6,7.2106,0.146514,0.287901,SIMULADO_CONTROLADO
3.08582,7.92612,23.35933,823.935,6500.0,1200.0,2.023,9.334,1.2085,1.0847,-0.86603,0.5,3,4,2.0777,0.330601,0.573524,SIMULADO_CONTROLADO
1.90074,5.15212,22.13543,1017.211,6500.0,1800.0,4.134,8.0599,1.2758,1.0899,0.96593,0.25882,0,1,0.0,0.235827,0.394275,SIMULADO_CONTROLADO
6.0048,14.2115,25.35188,419.163,4200.0,500.0,2.468,13.0278,1.3797,1.007,0.5,0.86603,0,11,0.2424,0.460923,0.857347,SIMULADO_CONTROLADO
2.56973,10.09474,15.27366,1746.971,4200.0,2500.0,4.581,12.4197,1.228,0.9961,0.0,-1.0,3,7,1.7774,0.206908,0.33369,SIMULADO_CONTROLADO
3.33263,3.3502,59.68521,210.073,9000.0,800.0,1.972,8.9849,1.0,1.0824,0.86603,0.5,2,3,6.584,0.370913,0.482683,SIMULADO_CONTROLADO
3.00011,4.6134,39.01817,1282.111,9000.0,1800.0,5.001,4.9397,1.0754,1.0554,0.96593,-0.25882,1,4,2.1422,0.607348,0.870364,SIMULADO_CONTROLADO
1.74388,3.18595,32.8419,604.216,6500.0,1200.0,2.911,8.4947,1.2714,1.0615,-0.70711,-0.70711,1,2,1.7129,0.20529,0.340765,SIMULADO_CONTROLADO
2.40631,2.93863,49.13116,267.861,900.0,1200.0,3.861,13.7969,1.0597,1.0052,0.86603,0.5,2,5,4.2739,0.17441,0.196937,SIMULADO_CONTROLADO
1.23021,5.81022,12.70395,474.896,6500.0,1200.0,2.058,10.4363,1.4192,1.0637,0.86603,-0.5,3,3,4.4271,0.117879,0.225437,SIMULADO_CONTROLADO
5.72074,17.67231,19.42274,51.03,2800.0,500.0,2.558,11.6126,1.1499,0.9857,0.96593,-0.25882,0,9,3.8841,0.492631,0.669073,SIMULADO_CONTROLADO
2.7763,3.80214,43.81165,480.325,6500.0,800.0,3.586,7.5178,1.1736,1.0461,-0.96593,-0.25882,2,5,2.9197,0.369295,0.565379,SIMULADO_CONTROLADO
1.02539,2.92857,21.00798,2395.721,6500.0,4000.0,3.628,8.01,1.34,1.04,-0.96593,0.25882,3,1,0.1809,0.128013,0.230439,SIMULADO_CONTROLADO
4.88012,8.79339,33.29857,185.47,4200.0,500.0,6.499,8.7497,1.1307,1.0403,-0.86603,0.5,1,6,0.9229,0.55775,0.731112,SIMULADO_CONTROLADO
1.8135,3.7323,29.15366,683.726,9000.0,1800.0,2.978,7.7213,1.1882,1.0702,0.5,0.86603,1,3,0.0,0.234871,0.358775,SIMULADO_CONTROLADO
3.66065,14.13597,15.53758,141.229,1400.0,500.0,1.647,15.8391,1.3039,0.9891,-1.0,-0.0,3,7,2.0297,0.231114,0.369084,SIMULADO_CONTROLADO
0.4239,0.89365,28.46067,810.162,6500.0,1800.0,3.978,8.1317,1.0,1.0655,1.0,0.0,0,0,1.6082,0.052129,0.060715,SIMULADO_CONTROLADO
4.29758,7.10187,36.30805,1136.54,2200.0,2500.0,2.906,13.2598,1.1144,1.0359,-0.70711,0.70711,1,3,1.3903,0.324106,0.42159,SIMULADO_CONTROLADO
2.69577,5.05846,31.97546,399.16,1400.0,1800.0,5.852,9.9188,1.2927,0.9994,0.0,-1.0,1,4,3.0865,0.271784,0.417672,SIMULADO_CONTROLADO
0.95504,2.24813,25.48889,2543.645,6500.0,4000.0,2.315,8.9095,1.1705,0.98,-0.5,0.86603,3,2,1.1199,0.107193,0.151885,SIMULADO_CONTROLADO
2.66237,6.02667,26.50589,143.361,9000.0,800.0,5.735,6.912,1.3948,1.12,0.70711,-0.70711,0,5,1.785,0.385182,0.728279,SIMULADO_CONTROLADO
5.34629,6.41274,50.02185,931.59,900.0,1800.0,4.717,13.3632,1.0,1.0319,0.96593,-0.25882,1,3,1.4787,0.400076,0.493661,SIMULADO_CONTROLADO
1.26091,3.21929,23.50037,309.442,9000.0,800.0,2.196,5.7006,1.0,1.019,-0.96593,0.25882,0,2,2.4331,0.221187,0.304582,SIMULADO_CONTROLADO
1.24696,4.65871,16.05977,1746.297,2200.0,1800.0,3.348,14.945,1.2831,0.9835,0.86603,-0.5,3,1,3.2657,0.083437,0.147088,SIMULADO_CONTROLADO
1.7235,2.29039,45.14955,240.379,9000.0,500.0,3.81,4.9482,1.2985,1.084,-1.0,-0.0,2,3,0.0,0.348311,0.571503,SIMULADO_CONTROLADO
2.10363,3.56726,35.3823,13.426,900.0,800.0,3.966,16.1708,1.1291,1.0805,0.25882,0.96593,1,3,3.4518,0.130089,0.170955,SIMULADO_CONTROLADO
3.82557,6.07955,37.7551,1285.947,4200.0,2500.0,3.305,14.7784,1.2241,1.0718,-0.86603,-0.5,1,4,3.0549,0.258862,0.408951,SIMULADO_CONTROLADO
2.80284,6.9263,24.28,1022.266,2800.0,4000.0,4.299,12.1344,1.2792,1.0323,-0.70711,0.70711,0,6,3.3791,0.230983,0.365131,SIMULADO_CONTROLADO
1.72235,3.37784,30.5938,471.14,6500.0,800.0,4.999,9.7431,1.0298,1.0688,1.0,0.0,3,3,2.7798,0.176776,0.243368,SIMULADO_CONTROLADO
2.48167,2.62579,56.70671,204.785,2800.0,800.0,3.883,10.45,1.0469,0.9979,-0.25882,0.96593,2,1,3.2593,0.237479,0.261682,SIMULADO_CONTROLADO
5.92618,8.9955,39.52762,358.841,900.0,1200.0,4.393,12.0677,1.1904,1.0448,0.0,1.0,1,8,1.6271,0.491079,0.722543,SIMULADO_CONTROLADO
3.14931,6.18625,30.54495,415.971,1400.0,800.0,5.756,12.0538,1.3047,1.0326,0.70711,0.70711,1,4,3.4311,0.261271,0.420213,SIMULADO_CONTROLADO
1.86681,2.05105,54.61016,5735.79,1400.0,7000.0,3.838,14.8598,1.0,1.047,0.96593,-0.25882,2,3,4.9036,0.125628,0.173002,SIMULADO_CONTROLADO
1.68345,2.12541,47.52366,491.288,9000.0,2500.0,3.406,6.4692,1.1283,0.98,0.96593,-0.25882,2,1,1.4597,0.260225,0.330428,SIMULADO_CONTROLADO
2.37695,4.53536,31.44558,1041.89,900.0,1200.0,2.513,14.7454,1.1209,1.1191,-0.5,-0.86603,1,1,1.5359,0.161199,0.253517,SIMULADO_CONTROLADO
3.79378,5.67359,40.12044,1634.905,6500.0,1800.0,1.896,8.0977,1.2269,1.1078,-0.86603,0.5,1,4,3.8241,0.468502,0.837343,SIMULADO_CONTROLADO
1.11745,1.32892,50.4523,692.35,2800.0,1800.0,2.749,12.8101,1.1586,0.9832,0.5,0.86603,2,1,1.3366,0.087232,0.105706,SIMULADO_CONTROLADO
3.44794,4.14629,49.89436,881.812,2800.0,1800.0,3.353,11.919,1.0727,1.061,-0.96593,-0.25882,2,5,0.9896,0.289282,0.401811,SIMULADO_CONTROLADO
1.83846,2.41552,45.66637,739.527,9000.0,1200.0,5.251,4.5303,1.3598,0.98,-0.96593,0.25882,2,3,3.3866,0.40582,0.668494,SIMULADO_CONTROLADO
2.04931,4.83732,25.41881,1245.345,6500.0,7000.0,2.352,8.2326,1.0737,1.0388,-0.25882,-0.96593,0,1,1.596,0.248927,0.33249,SIMULADO_CONTROLADO
9.05849,17.8937,30.37434,751.627,4200.0,1200.0,4.921,10.8157,1.1133,0.98,-0.25882,0.96593,1,13,5.0657,0.837531,1.232191,SIMULADO_CONTROLADO
3.21212,3.26493,59.02948,620.883,6500.0,1200.0,1.619,8.9071,1.0,1.0219,0.5,0.86603,2,7,1.521,0.360624,0.429828,SIMULADO_CONTROLADO
1.33892,4.27533,18.79045,410.211,2800.0,500.0,2.039,13.2744,1.0458,1.0131,-0.96593,-0.25882,3,2,0.7799,0.100865,0.144633,SIMULADO_CONTROLADO
2.69025,3.7124,43.47992,1264.07,9000.0,1800.0,2.93,4.5589,1.2426,1.0871,0.5,-0.86603,2,3,2.4899,0.590111,0.974395,SIMULADO_CONTROLADO
3.92296,6.6307,35.49809,2056.436,6500.0,4000.0,3.69,9.4432,1.2113,1.1101,0.70711,-0.70711,1,9,3.4144,0.415425,0.7313,SIMULADO_CONTROLADO
3.23646,4.28345,45.33436,1138.864,9000.0,7000.0,2.159,7.3173,1.2559,1.1111,-0.5,-0.86603,2,2,3.1727,0.4423,0.714677,SIMULADO_CONTROLADO
0.22769,0.49806,27.42904,909.276,2800.0,1800.0,1.794,13.1152,1.2482,1.0871,-0.96593,0.25882,0,0,3.6317,0.017361,0.029072,SIMULADO_CONTROLADO
1.98663,5.32056,22.40327,149.967,4200.0,500.0,4.199,11.1043,1.494,1.0387,0.25882,-0.96593,0,2,1.3384,0.178906,0.302279,SIMULADO_CONTROLADO
2.77383,3.02232,55.06677,2052.675,2800.0,4000.0,3.384,13.7984,1.0403,1.0525,1.0,0.0,2,1,4.8845,0.201025,0.249573,SIMULADO_CONTROLADO
2.61836,7.19428,21.83699,570.29,9000.0,2500.0,3.404,4.7295,1.0,1.0523,1.0,0.0,3,8,0.0,0.553619,0.74312,SIMULADO_CONTROLADO
1.42762,3.27224,26.17697,4844.167,4200.0,7000.0,2.832,11.6056,1.0,0.9819,-0.5,0.86603,3,1,0.8602,0.123012,0.158483,SIMULADO_CONTROLADO
3.2747,4.22651,46.48799,946.724,1400.0,1800.0,3.168,12.6084,1.0474,1.0866,0.70711,-0.70711,2,7,2.5806,0.259724,0.36155,SIMULADO_CONTROLADO
4.30994,7.15821,36.12582,414.92,2800.0,500.0,2.176,13.3261,1.0041,1.0661,0.86603,-0.5,0,5,1.0361,0.323421,0.453733,SIMULADO_CONTROLADO
0.45141,1.72882,15.66659,5991.904,900.0,7000.0,2.634,14.604,1.175,1.0681,-0.25882,-0.96593,3,0,1.8496,0.03091,0.04981,SIMULADO_CONTROLADO
0.40804,0.83028,29.48695,956.897,4200.0,2500.0,4.074,10.9368,1.3604,0.98,-0.86603,-0.5,1,0,0.4385,0.037309,0.053984,SIMULADO_CONTROLADO
2.67348,6.52357,24.58914,851.64,4200.0,4000.0,3.968,12.0324,1.4063,1.0554,0.0,1.0,1,5,2.0629,0.22219,0.340995,SIMULADO_CONTROLADO
3.46165,12.05491,17.22942,212.718,6500.0,500.0,6.001,8.7816,1.2407,1.0803,0.0,1.0,3,6,3.4725,0.394195,0.662448,SIMULADO_CONTROLADO
1.26532,2.07107,36.65685,570.362,1400.0,1800.0,5.612,14.3784,1.5026,1.0343,-0.25882,-0.96593,2,1,1.3753,0.088001,0.14775,SIMULADO_CONTROLADO
0.24488,0.3077,47.74986,130.079,2800.0,1800.0,1.238,13.1674,1.103,1.0125,-0.70711,-0.70711,2,0,0.6542,0.018597,0.020757,SIMULADO_CONTROLADO
2.01146,2.59115,46.57699,203.795,2200.0,800.0,2.418,14.5558,1.0,0.98,0.25882,-0.96593,1,3,1.5321,0.13819,0.147436,SIMULADO_CONTROLADO
2.64625,8.04913,19.7257,211.812,2200.0,4000.0,5.905,12.7508,1.3285,0.98,0.96593,-0.25882,3,3,4.8181,0.207535,0.344925,SIMULADO_CONTROLADO
1.6178,2.41773,40.14836,160.875,9000.0,800.0,2.868,6.2639,1.0,1.0419,-1.0,-0.0,1,3,4.8007,0.258274,0.32153,SIMULADO_CONTROLADO
3.98861,4.56789,52.39102,284.847,2800.0,500.0,3.732,12.6613,1.0392,1.0244,0.5,0.86603,2,1,1.496,0.315023,0.364907,SIMULADO_CONTROLADO
2.53347,6.08326,24.98791,537.603,2800.0,800.0,4.777,11.8915,1.2432,1.0238,-0.70711,-0.70711,3,2,3.5674,0.213048,0.353841,SIMULADO_CONTROLADO
1.15605,1.34091,51.72843,4743.148,9000.0,7000.0,4.08,7.838,1.1436,1.1038,0.5,-0.86603,2,1,2.4615,0.147494,0.217346,SIMULADO_CONTROLADO
1.25727,3.42788,22.00657,294.093,2800.0,500.0,1.226,14.6206,1.1294,0.98,0.86603,-0.5,0,1,5.1965,0.085992,0.120802,SIMULADO_CONTROLADO
2.04409,3.12255,39.27739,1457.208,2200.0,2500.0,2.295,13.3643,1.0,1.0194,0.5,0.86603,1,4,2.9023,0.152952,0.195641,SIMULADO_CONTROLADO
1.5335,2.41116,38.16008,593.127,2800.0,800.0,1.732,12.9339,1.1583,1.1112,-0.86603,-0.5,1,3,2.0767,0.118564,0.178053,SIMULADO_CONTROLADO
0.38033,1.12167,20.34446,187.087,6500.0,1200.0,2.089,10.7093,1.3206,1.021,0.86603,0.5,3,0,5.8597,0.035514,0.056555,SIMULADO_CONTROLADO
2.38058,3.31542,43.08204,242.714,2800.0,1800.0,1.981,14.9165,1.1632,1.038,0.0,-1.0,2,5,0.56,0.159594,0.205644,SIMULADO_CONTROLADO
1.28448,1.75612,43.8858,368.338,4200.0,500.0,4.501,11.1533,1.0272,1.0271,-0.70711,0.70711,1,2,3.1703,0.115166,0.148712,SIMULADO_CONTROLADO
1.46751,1.71183,51.4365,90.005,1400.0,800.0,3.355,14.8806,1.0,1.0668,-0.96593,-0.25882,2,1,5.3688,0.098619,0.111652,SIMULADO_CONTROLADO
0.82178,0.84156,58.58928,1397.722,900.0,2500.0,1.553,16.965,1.0305,0.98,0.25882,0.96593,2,0,3.8989,0.048439,0.058614,SIMULADO_CONTROLADO
5.43785,8.94729,36.46594,247.258,900.0,500.0,1.636,15.154,1.2228,1.0258,-0.25882,0.96593,1,9,0.898,0.35884,0.516063,SIMULADO_CONTROLADO
3.08249,6.1566,30.04088,873.91,2800.0,1800.0,6.237,11.4936,1.215,1.0375,-0.5,-0.86603,1,7,0.785,0.268193,0.39293,SIMULADO_CONTROLADO
6.32285,17.15803,22.1104,787.651,6500.0,2500.0,2.02,10.175,1.0319,0.9901,-0.96593,0.25882,3,20,0.0,0.621412,0.903206,SIMULADO_CONTROLADO
1.61151,1.83077,52.81416,267.219,1400.0,800.0,2.545,13.9398,1.0,1.0505,0.25882,0.96593,2,2,5.6141,0.115605,0.145191,SIMULADO_CONTROLADO
3.20429,7.66414,25.08536,230.883,9000.0,800.0,4.244,8.1292,1.2272,1.0704,-0.70711,0.70711,0,1,0.1209,0.394173,0.593449,SIMULADO_CONTROLADO
2.41059,2.71369,53.29841,1595.825,1400.0,1800.0,2.192,14.0881,1.0164,1.0553,-0.96593,-0.25882,2,4,3.9981,0.171108,0.229367,SIMULADO_CONTROLADO
1.19403,1.85042,38.71661,1007.408,4200.0,4000.0,2.247,11.8624,1.2702,1.1151,-0.70711,0.70711,2,2,0.0,0.100657,0.153825,SIMULADO_CONTROLADO
1.5987,2.0255,47.35733,411.878,1400.0,500.0,1.585,17.1865,1.039,1.0155,-0.25882,0.96593,2,3,7.8699,0.093021,0.131052,SIMULADO_CONTROLADO
3.07854,3.23547,57.08982,1146.078,900.0,1200.0,6.398,10.9866,1.0019,1.0574,-0.86603,0.5,2,5,0.0,0.280209,0.358606,SIMULADO_CONTROLADO
0.82071,2.21306,22.25077,3579.336,4200.0,7000.0,4.412,11.0737,1.1845,1.0564,0.5,-0.86603,3,0,2.5893,0.074113,0.113765,SIMULADO_CONTROLADO
4.01513,8.68324,27.74399,238.487,2800.0,1200.0,4.008,11.6039,1.5372,1.0244,-0.86603,0.5,1,6,5.0453,0.346016,0.63371,SIMULADO_CONTROLADO
2.26958,4.01703,33.89941,362.391,4200.0,1200.0,5.91,10.1407,1.2798,1.086,-0.25882,0.96593,1,2,1.0235,0.223809,0.321174,SIMULADO_CONTROLADO
3.66668,9.60308,22.90943,1817.463,9000.0,4000.0,4.35,4.5952,1.1818,1.048,-0.70711,0.70711,0,4,3.6839,0.797931,1.216446,SIMULADO_CONTROLADO
2.65366,3.46781,45.91362,1294.161,2800.0,1800.0,2.594,12.5875,1.2174,0.981,-0.70711,-0.70711,2,4,1.9082,0.210817,0.277353,SIMULADO_CONTROLADO
0.45517,0.52364,52.15402,749.511,6500.0,1200.0,3.703,8.8634,1.0,1.0688,-0.5,0.86603,1,1,3.3152,0.051354,0.065776,SIMULADO_CONTROLADO
1.98777,2.55397,46.69827,259.095,2800.0,4000.0,3.731,12.807,1.0,1.0125,-0.5,-0.86603,1,3,4.7696,0.15521,0.169144,SIMULADO_CONTROLADO
4.07349,4.53902,53.84637,238.898,2200.0,500.0,3.31,14.3854,1.0,1.0205,0.5,-0.86603,2,1,1.6004,0.28317,0.288665,SIMULADO_CONTROLADO
2.24534,4.96418,27.13855,906.947,2200.0,2500.0,5.194,9.674,1.4368,1.0238,0.86603,0.5,1,1,5.6435,0.232101,0.395219,SIMULADO_CONTROLADO
2.02606,6.5836,18.46464,376.663,2200.0,1200.0,1.781,13.8474,1.4044,1.0681,0.25882,-0.96593,1,2,3.2401,0.146314,0.251825,SIMULADO_CONTROLADO
2.24375,3.48582,38.62074,5874.937,9000.0,7000.0,2.044,6.8706,1.2229,1.0836,-0.5,0.86603,1,3,6.5918,0.32657,0.571263,SIMULADO_CONTROLADO
0.34815,0.5399,38.69089,2573.59,2800.0,4000.0,3.173,12.6952,1.1816,1.0278,0.5,0.86603,1,0,0.7529,0.027424,0.036472,SIMULADO_CONTROLADO
4.3561,9.39332,27.82469,1572.156,9000.0,7000.0,1.577,7.329,1.0,1.0252,-0.86603,0.5,0,6,1.1516,0.594366,0.760226,SIMULADO_CONTROLADO
0.17378,0.63205,16.49713,332.011,1400.0,500.0,6.433,11.7089,1.1249,0.98,-0.70711,-0.70711,3,0,2.0122,0.014842,0.021734,SIMULADO_CONTROLADO
4.96379,18.48185,16.11459,356.813,6500.0,800.0,3.828,6.9211,1.4468,1.0031,0.70711,0.70711,0,9,0.0,0.717193,1.300544,SIMULADO_CONTROLADO
1.52316,2.44751,37.33987,5673.812,900.0,7000.0,1.466,15.701,1.181,0.9924,0.96593,0.25882,1,0,4.4444,0.09701,0.137072,SIMULADO_CONTROLADO
2.78563,3.27329,51.06101,628.849,2200.0,1200.0,4.422,11.6171,1.0697,1.049,0.0,1.0,2,4,2.3407,0.239787,0.302288,SIMULADO_CONTROLADO
0.31486,0.57655,32.76637,2337.172,900.0,4000.0,5.34,14.1804,1.0,1.0302,-0.96593,-0.25882,0,0,0.0931,0.022204,0.028479,SIMULADO_CONTROLADO
3.43618,5.13165,40.17634,603.06,9000.0,2500.0,3.361,5.363,1.3808,0.9941,0.86603,-0.5,2,3,0.7721,0.640725,1.029285,SIMULADO_CONTROLADO
3.04703,3.53323,51.74364,1372.742,2200.0,1800.0,3.747,13.9452,1.1488,1.0419,0.86603,0.5,2,2,0.6731,0.218501,0.306619,SIMULADO_CONTROLADO
2.92002,3.1021,56.4783,281.838,6500.0,500.0,4.913,8.2237,1.0,1.032,0.70711,0.70711,2,5,4.4397,0.355073,0.44842,SIMULADO_CONTROLADO
0.29843,0.39957,44.81234,176.88,2200.0,500.0,2.439,13.7203,1.0121,0.98,0.0,-1.0,1,0,3.4601,0.021751,0.023544,SIMULADO_CONTROLADO
1.06274,2.94642,21.64127,2196.524,900.0,4000.0,4.368,13.839,1.0,1.0849,0.86603,-0.5,0,1,2.2216,0.076793,0.101098,SIMULADO_CONTROLADO
2.66357,9.39354,17.01322,32.597,2200.0,500.0,4.544,12.2672,1.1389,1.0805,-0.70711,0.70711,3,9,1.7329,0.21713,0.311357,SIMULADO_CONTROLADO
4.27778,7.60655,33.74282,268.871,2200.0,500.0,5.465,12.0613,1.1932,1.0243,-0.25882,0.96593,1,2,1.9987,0.354668,0.509946,SIMULADO_CONTROLADO
0.93007,2.03091,27.47746,586.176,2800.0,800.0,5.923,12.9528,1.0795,1.0509,0.86603,0.5,3,3,6.2403,0.071805,0.10334,SIMULADO_CONTROLADO
0.95309,1.85182,30.88065,3730.826,2200.0,7000.0,6.187,10.1747,1.2843,1.0204,-0.86603,0.5,0,0,2.0088,0.093672,0.143309,SIMULADO_CONTROLADO
2.54108,6.11645,24.92705,1395.719,4200.0,2500.0,1.87,11.1809,1.1726,0.98,0.25882,0.96593,0,3,4.3009,0.227269,0.324294,SIMULADO_CONTROLADO
8.54375,31.35113,16.3511,2258.91,6500.0,4000.0,5.526,9.2812,1.33,1.1324,0.5,-0.86603,3,9,1.8084,0.920545,1.809709,SIMULADO_CONTROLADO
1.21181,4.89663,14.84869,1813.186,1400.0,2500.0,4.78,14.4328,1.1028,1.0687,-0.25882,-0.96593,3,3,6.0332,0.083962,0.137799,SIMULADO_CONTROLADO
1.5086,4.85835,18.63105,1175.537,2800.0,1800.0,3.165,14.388,1.6473,1.0773,1.0,0.0,3,5,0.0,0.104851,0.246078,SIMULADO_CONTROLADO
1.3363,3.78721,21.17067,496.103,4200.0,800.0,6.091,9.988,1.0697,1.0222,-0.70711,-0.70711,3,2,4.1948,0.13379,0.192398,SIMULADO_CONTROLADO
1.84173,2.67069,41.37639,885.879,1400.0,1800.0,5.759,11.4267,1.0155,1.0857,-0.25882,-0.96593,0,4,0.9053,0.161178,0.22254,SIMULADO_CONTROLADO
4.50458,12.2616,22.04238,608.25,6500.0,1800.0,5.304,6.7837,1.0,0.98,-0.5,0.86603,3,13,7.1479,0.664026,0.916414,SIMULADO_CONTROLADO
1.91698,2.00886,57.25575,5808.934,1400.0,7000.0,1.505,14.5644,1.1262,1.024,-0.5,0.86603,2,4,3.9644,0.131621,0.184804,SIMULADO_CONTROLADO
9.0733,16.50017,32.99347,3016.729,9000.0,7000.0,2.138,7.9507,1.0,1.0683,-0.96593,0.25882,0,15,0.0,1.141199,1.632522,SIMULADO_CONTROLADO
2.18639,6.32537,20.73928,1265.314,2800.0,4000.0,6.067,11.1642,1.2071,1.0068,-1.0,-0.0,0,3,0.5439,0.19584,0.282516,SIMULADO_CONTROLADO
4.79447,11.09464,25.92858,1519.435,2200.0,4000.0,6.406,11.5193,1.0,1.076,0.86603,-0.5,3,17,3.9388,0.41621,0.637711,SIMULADO_CONTROLADO
1.59907,2.49189,38.50264,1333.782,4200.0,4000.0,2.67,12.075,1.1859,1.0487,-0.86603,0.5,1,2,3.8814,0.132429,0.186659,SIMULADO_CONTROLADO
0.66946,1.66676,24.09899,1191.234,4200.0,2500.0,2.67,11.6317,1.0,1.0444,0.86603,-0.5,3,2,3.7246,0.057554,0.07558,SIMULADO_CONTROLADO
1.91459,3.74801,30.64965,880.884,2800.0,4000.0,4.435,11.6757,1.099,1.0026,-1.0,-0.0,0,1,2.8288,0.16398,0.212509,SIMULADO_CONTROLADO
2.95057,4.82593,36.68399,213.978,4200.0,500.0,1.604,10.8765,1.2567,1.0532,0.25882,-0.96593,1,2,1.8303,0.27128,0.426848,SIMULADO_CONTROLADO
1.07092,2.15183,29.86065,403.743,1400.0,500.0,4.355,14.7765,1.5286,1.122,0.0,-1.0,1,1,4.7822,0.072474,0.139221,SIMULADO_CONTROLADO
4.30227,6.15575,41.93411,1010.551,6500.0,1800.0,6.334,8.9071,1.0,1.0429,-0.96593,0.25882,1,3,0.6853,0.483018,0.661734,SIMULADO_CONTROLADO
1.38979,1.9074,43.7179,220.01,4200.0,500.0,2.774,10.2825,1.1359,1.06,0.70711,0.70711,2,1,2.6122,0.13516,0.185433,SIMULADO_CONTROLADO
0.82208,2.08697,23.63466,146.351,1400.0,1200.0,5.137,12.8054,1.0442,1.0667,-0.86603,0.5,3,2,1.1977,0.064198,0.080256,SIMULADO_CONTROLADO
7.99089,19.03018,25.19436,457.933,9000.0,800.0,3.982,7.0085,1.0208,0.9835,-0.96593,0.25882,3,21,1.0302,1.140174,1.737853,SIMULADO_CONTROLADO
1.023,1.36106,45.09696,251.17,9000.0,7000.0,2.723,5.4096,1.0456,1.029,0.25882,-0.96593,2,2,1.5361,0.189109,0.224089,SIMULADO_CONTROLADO
1.35665,3.40591,23.89944,1713.566,1400.0,2500.0,3.386,14.5145,1.2919,1.0277,-0.70711,-0.70711,0,1,0.9559,0.093469,0.149068,SIMULADO_CONTROLADO
3.29448,8.70019,22.72005,67.68,6500.0,500.0,4.121,8.2539,1.0819,0.98,1.0,0.0,3,5,3.6544,0.399143,0.533582,SIMULADO_CONTROLADO
1.55598,3.01153,31.00032,289.643,2800.0,2500.0,5.236,10.3835,1.5199,1.0705,-1.0,-0.0,2,1,0.0,0.149851,0.269572,SIMULADO_CONTROLADO
0.84958,1.1716,43.50895,2614.744,6500.0,4000.0,4.066,10.803,1.2266,0.9931,0.5,0.86603,2,1,3.4051,0.078643,0.114161,SIMULADO_CONTROLADO
1.24916,1.39435,53.75261,569.191,2200.0,1200.0,6.103,11.6438,1.0,1.0656,-0.96593,-0.25882,2,1,1.168,0.107281,0.127002,SIMULADO_CONTROLADO
6.59668,13.01109,30.42026,5291.284,1400.0,7000.0,1.82,15.4102,1.1013,1.0009,-0.86603,-0.5,3,23,2.5638,0.428071,0.669918,SIMULADO_CONTROLADO
3.02426,7.22579,25.11222,4870.427,1400.0,7000.0,6.276,11.4305,1.0317,1.1269,0.96593,0.25882,3,5,2.1496,0.264579,0.368949,SIMULADO_CONTROLADO
3.44806,4.41628,46.84568,780.444,900.0,7000.0,4.118,16.1095,1.288,1.0225,-0.96593,0.25882,2,3,1.4516,0.214039,0.31205,SIMULADO_CONTROLADO
2.45265,2.69874,54.52874,251.747,9000.0,500.0,3.277,8.8624,1.0,1.1215,1.0,0.0,2,4,5.0476,0.276748,0.369967,SIMULADO_CONTROLADO
2.75907,3.48482,47.50433,525.479,2200.0,1800.0,1.603,12.276,1.0,1.0272,-0.25882,-0.96593,2,4,1.7211,0.224753,0.244776,SIMULADO_CONTROLADO
1.46383,2.08557,42.11293,1909.448,9000.0,4000.0,2.77,6.556,1.0654,1.0326,-0.86603,0.5,1,2,3.9774,0.223281,0.305376,SIMULADO_CONTROLADO
2.23521,4.40333,30.4571,726.503,1400.0,1800.0,3.521,15.609,1.2693,1.1055,0.25882,0.96593,1,2,4.0044,0.1432,0.219733,SIMULADO_CONTROLADO
0.26829,0.41086,39.17953,892.535,2200.0,1800.0,6.166,11.463,1.3573,0.9937,0.70711,-0.70711,2,0,1.9276,0.023405,0.036803,SIMULADO_CONTROLADO
3.89923,13.35863,17.51329,1129.197,9000.0,1200.0,5.209,6.1471,1.3809,1.0372,-0.70711,-0.70711,0,8,0.0,0.634321,1.21399,SIMULADO_CONTROLADO
1.45311,2.56188,34.03229,631.721,2200.0,1200.0,1.513,12.1028,1.2448,1.0593,0.86603,0.5,1,1,0.6475,0.120065,0.178485,SIMULADO_CONTROLADO
0.72661,0.83482,52.22286,223.101,6500.0,2500.0,2.938,8.232,1.1467,1.0532,0.0,-1.0,2,0,5.1855,0.088266,0.116268,SIMULADO_CONTROLADO
2.33009,6.0381,23.15386,81.133,900.0,500.0,3.805,14.754,1.2871,1.0369,-0.70711,-0.70711,3,1,3.5344,0.157929,0.259538,SIMULADO_CONTROLADO
1.74106,1.70289,61.34476,867.274,9000.0,4000.0,5.705,4.7252,1.0,1.0308,-0.86603,0.5,2,2,2.7916,0.368462,0.429046,SIMULADO_CONTROLADO
3.80578,4.66853,48.91184,1970.711,4200.0,4000.0,5.315,9.9756,1.0,1.0731,0.96593,-0.25882,1,7,1.3092,0.381509,0.538348,SIMULADO_CONTROLADO
1.94679,4.49836,25.96668,127.655,6500.0,500.0,2.346,7.6258,1.2299,1.043,-0.96593,0.25882,1,3,6.1368,0.255289,0.426961,SIMULADO_CONTROLADO
1.22668,1.4654,50.22552,1729.292,900.0,4000.0,1.467,16.2245,1.0,1.0785,-0.70711,-0.70711,2,2,0.677,0.075606,0.090777,SIMULADO_CONTROLADO
1.98256,2.92902,40.612,1268.321,9000.0,1800.0,1.902,5.5368,1.1496,1.0526,0.0,-1.0,2,3,2.7934,0.35807,0.494713,SIMULADO_CONTROLADO
5.16038,11.06982,27.96999,398.545,2800.0,1200.0,3.867,14.3085,1.1791,1.0643,-0.5,-0.86603,0,7,3.5538,0.360652,0.539805,SIMULADO_CONTROLADO
3.89155,5.42093,43.0725,928.195,1400.0,1800.0,1.676,14.0264,1.1997,1.086,-0.25882,0.96593,2,6,0.0,0.277444,0.389397,SIMULADO_CONTROLADO
3.01878,6.01686,30.10321,351.041,1400.0,1800.0,2.524,15.4252,1.31,1.021,-0.70711,-0.70711,1,6,0.9072,0.195705,0.31568,SIMULADO_CONTROLADO
4.00601,5.76874,41.666,154.757,900.0,800.0,5.553,14.4437,1.2931,1.0848,0.5,-0.86603,2,1,1.5392,0.277353,0.389739,SIMULADO_CONTROLADO
3.1824,8.4798,22.51752,399.495,4200.0,2500.0,3.33,10.1192,1.1912,1.0279,-0.25882,0.96593,3,6,4.31,0.31449,0.445697,SIMULADO_CONTROLADO
0.95913,3.38322,17.00971,1921.721,1400.0,2500.0,6.48,11.9933,1.0893,0.98,-0.86603,-0.5,3,1,1.5805,0.079972,0.09801,SIMULADO_CONTROLADO
3.46722,4.99073,41.68391,614.797,9000.0,1200.0,5.207,5.1081,1.1772,1.0202,1.0,0.0,2,7,0.0,0.678775,0.926595,SIMULADO_CONTROLADO
4.3288,6.58266,39.45639,1364.762,1400.0,1800.0,2.604,13.9606,1.0646,1.0025,-0.5,-0.86603,1,3,0.0,0.310073,0.39353,SIMULADO_CONTROLADO
4.49232,6.41604,42.01018,1911.737,900.0,2500.0,1.24,13.9847,1.1286,1.0519,-0.25882,0.96593,1,2,0.8893,0.32123,0.470225,SIMULADO_CONTROLADO
0.78525,2.493,18.89889,1108.302,6500.0,1800.0,3.994,9.3433,1.5789,1.0221,-0.86603,-0.5,0,1,0.0,0.084044,0.158194,SIMULADO_CONTROLADO
1.35989,4.56933,17.85678,1519.074,6500.0,1800.0,4.941,7.45,1.1892,1.0408,-1.0,-0.0,3,3,4.1142,0.182535,0.340522,SIMULADO_CONTROLADO
1.19874,6.14804,11.69873,2940.631,2800.0,7000.0,3.689,12.4028,1.232,1.0806,-0.70711,-0.70711,3,1,4.1965,0.096651,0.158245,SIMULADO_CONTROLADO
1.58689,3.43909,27.68564,3194.289,6500.0,7000.0,6.004,9.0056,1.0471,1.1019,-0.86603,0.5,3,3,2.5148,0.176211,0.253074,SIMULADO_CONTROLADO
2.80206,5.83819,28.79722,468.503,6500.0,1200.0,5.27,8.8146,1.3232,1.0482,0.25882,0.96593,1,4,1.9475,0.317889,0.519579,SIMULADO_CONTROLADO
2.28732,4.86998,28.18067,1920.224,1400.0,4000.0,3.957,13.0736,1.2816,1.0839,-0.96593,0.25882,1,2,4.0574,0.174957,0.312497,SIMULADO_CONTROLADO
2.28781,10.87047,12.62768,1185.352,2200.0,4000.0,1.3,15.464,1.2828,1.027,-0.70711,0.70711,3,4,3.9704,0.147945,0.238007,SIMULADO_CONTROLADO
0.60062,0.89439,40.29249,213.354,9000.0,500.0,2.993,7.4519,1.1944,0.98,0.0,1.0,2,0,0.428,0.080599,0.101507,SIMULADO_CONTROLADO
1.3186,2.10137,37.64985,1941.612,4200.0,2500.0,3.82,10.2338,1.3255,0.9819,-1.0,-0.0,2,2,0.7181,0.128848,0.210444,SIMULADO_CONTROLADO
4.7139,9.47569,29.84837,3339.761,4200.0,4000.0,2.526,11.0463,1.3635,1.0262,0.0,-1.0,1,5,3.9837,0.426739,0.773923,SIMULADO_CONTROLADO
4.31633,8.62942,30.01125,117.035,1400.0,500.0,5.64,14.2628,1.2053,1.0708,0.70711,-0.70711,1,7,3.0682,0.302628,0.463395,SIMULADO_CONTROLADO
1.92206,2.35748,48.91821,216.065,2800.0,1200.0,3.45,13.582,1.1417,1.0263,0.5,0.86603,2,2,3.7773,0.141515,0.184063,SIMULADO_CONTROLADO
3.4737,11.45254,18.19877,3574.453,1400.0,4000.0,2.28,12.7709,1.3031,1.0884,0.96593,-0.25882,3,4,0.6228,0.272002,0.490774,SIMULADO_CONTROLADO
2.62626,3.13562,50.25343,3575.141,4200.0,7000.0,5.329,9.1951,1.0153,1.1174,-0.86603,-0.5,1,4,0.9215,0.285614,0.383562,SIMULADO_CONTROLADO
3.73677,13.10936,17.10278,1147.733,1400.0,7000.0,4.424,14.4437,1.0451,0.995,0.0,-1.0,3,7,3.4742,0.258713,0.331329,SIMULADO_CONTROLADO
3.57813,8.04089,26.69953,1442.569,2200.0,2500.0,2.245,12.3807,1.1515,1.1306,0.25882,0.96593,0,2,1.0679,0.289008,0.425191,SIMULADO_CONTROLADO
2.04004,2.86683,42.69602,189.258,4200.0,500.0,4.024,11.9553,1.0,0.98,0.96593,-0.25882,1,4,0.0,0.170639,0.189357,SIMULADO_CONTROLADO
3.03177,11.95068,15.2214,111.993,900.0,500.0,4.881,16.2265,1.2924,1.1182,0.0,1.0,3,10,1.0997,0.18684,0.337554,SIMULADO_CONTROLADO
2.75006,6.53907,25.23354,2046.423,4200.0,4000.0,3.577,11.6384,1.0059,1.0335,0.86603,-0.5,3,8,2.0692,0.236292,0.348788,SIMULADO_CONTROLADO
2.08069,4.77785,26.12917,2033.03,2800.0,4000.0,2.803,11.8312,1.0846,1.0245,-0.70711,0.70711,3,5,6.0728,0.175864,0.266767,SIMULADO_CONTROLADO
1.75919,2.8005,37.69028,409.096,2800.0,800.0,4.855,12.2269,1.1259,1.0346,-1.0,-0.0,1,2,0.7393,0.143878,0.19729,SIMULADO_CONTROLADO
6.01701,13.38432,26.97342,253.044,6500.0,500.0,4.843,9.5624,1.1663,0.999,-0.5,0.86603,3,10,2.3705,0.629236,0.98082,SIMULADO_CONTROLADO
2.08262,8.98108,13.91337,598.297,6500.0,800.0,1.29,10.0383,1.105,1.1026,0.70711,0.70711,3,3,6.7901,0.207467,0.353391,SIMULADO_CONTROLADO
3.32829,10.86202,18.38494,4956.837,9000.0,7000.0,2.441,7.4822,1.1492,1.0039,-0.5,-0.86603,3,8,0.2038,0.444827,0.653342,SIMULADO_CONTROLADO
5.71985,10.73251,31.97676,2217.928,1400.0,4000.0,4.625,12.5592,1.1505,1.0096,0.96593,-0.25882,0,10,3.887,0.455429,0.711251,SIMULADO_CONTROLADO
3.02826,3.35371,54.17751,3556.509,2800.0,7000.0,2.388,12.257,1.0885,0.98,0.25882,-0.96593,2,4,1.0069,0.247064,0.297854,SIMULADO_CONTROLADO
2.93459,6.6983,26.28659,264.709,900.0,500.0,6.302,14.3513,1.0363,1.0021,-0.25882,0.96593,3,10,3.3436,0.204482,0.284155,SIMULADO_CONTROLADO
2.09163,5.29816,23.68705,1406.375,1400.0,2500.0,2.063,13.8173,1.333,1.0035,-0.96593,0.25882,3,3,7.4027,0.151378,0.273137,SIMULADO_CONTROLADO
2.78499,7.48191,22.33377,2720.633,2800.0,7000.0,5.166,8.7721,1.0,1.0005,-0.86603,-0.5,0,3,4.1623,0.317484,0.39577,SIMULADO_CONTROLADO
1.64736,3.89699,25.36354,1190.264,900.0,1800.0,6.491,12.8114,1.1271,1.0271,-0.25882,0.96593,3,3,2.8189,0.128585,0.190534,SIMULADO_CONTROLADO
9.82358,18.47239,31.90786,2551.239,2800.0,4000.0,3.037,13.2104,1.085,0.9848,0.25882,-0.96593,0,17,0.5026,0.743622,1.102004,SIMULADO_CONTROLADO
0.61456,1.16708,31.59484,350.159,9000.0,2500.0,4.397,7.2918,1.227,1.1068,0.25882,0.96593,1,0,2.1316,0.084282,0.130629,SIMULADO_CONTROLADO
1.84422,1.68892,65.51695,293.22,900.0,500.0,1.76,17.2828,1.0,1.0281,-0.70711,0.70711,2,2,1.3127,0.106708,0.124198,SIMULADO_CONTROLADO
3.06291,4.63223,39.67305,1150.32,1400.0,1800.0,4.496,13.6786,1.08,1.0518,0.5,0.86603,1,5,0.0,0.22392,0.286105,SIMULADO_CONTROLADO
2.93643,4.48062,39.32172,313.494,1400.0,800.0,6.434,13.4951,1.1436,1.0738,1.0,0.0,2,4,0.0,0.217592,0.2758,SIMULADO_CONTROLADO
1.64514,4.10244,24.06095,219.021,9000.0,500.0,6.356,5.2845,1.3312,1.1261,-0.70711,0.70711,0,1,0.756,0.311316,0.591879,SIMULADO_CONTROLADO
0.41276,0.58331,42.4571,1991.853,6500.0,2500.0,3.382,9.4028,1.2131,1.0759,-0.70711,0.70711,2,0,2.4338,0.043898,0.07064,SIMULADO_CONTROLADO
0.71707,0.72116,59.65998,437.341,1400.0,7000.0,5.549,12.8786,1.0,1.0238,0.5,0.86603,2,1,4.8506,0.055679,0.058796,SIMULADO_CONTROLADO
2.40469,2.72109,53.02339,258.966,4200.0,500.0,5.581,10.7523,1.082,0.9867,-0.86603,0.5,2,3,0.9498,0.223644,0.265738,SIMULADO_CONTROLADO
0.28941,0.5813,29.87212,890.46,900.0,1200.0,2.935,13.9036,1.3018,1.0502,-0.96593,-0.25882,1,0,2.9024,0.020816,0.036011,SIMULADO_CONTROLADO
3.21343,4.01597,48.00981,1662.557,6500.0,2500.0,5.561,10.3738,1.0,1.0828,0.5,0.86603,1,2,0.0,0.309763,0.381576,SIMULADO_CONTROLADO
4.5603,6.77914,40.36176,251.298,1400.0,1200.0,2.061,11.8032,1.1474,1.0414,-0.25882,-0.96593,1,6,0.8192,0.386362,0.498712,SIMULADO_CONTROLADO
3.61165,6.57843,32.94082,264.757,4200.0,500.0,6.388,10.6104,1.1585,1.0379,1.0,0.0,1,3,0.0,0.340386,0.483516,SIMULADO_CONTROLADO
4.10476,4.97845,49.47037,297.497,2800.0,800.0,5.78,11.9824,1.0983,1.0446,0.0,-1.0,2,9,7.1917,0.342566,0.480539,SIMULADO_CONTROLADO
0.30307,0.63892,28.46085,253.548,6500.0,500.0,3.906,9.1878,1.5913,0.98,0.86603,0.5,1,0,2.9158,0.032986,0.059812,SIMULADO_CONTROLADO
1.69647,2.75583,36.93547,2539.452,2200.0,7000.0,3.242,11.9216,1.094,1.0416,0.5,0.86603,1,3,2.8495,0.142302,0.194555,SIMULADO_CONTROLADO
0.894,1.63765,32.75435,975.793,2800.0,1800.0,6.214,9.3901,1.232,1.068,-0.70711,-0.70711,1,1,3.624,0.095207,0.152241,SIMULADO_CONTROLADO
0.49071,1.01298,29.06558,4164.916,9000.0,7000.0,1.577,8.0173,1.0374,1.0329,-0.96593,-0.25882,0,0,7.818,0.061207,0.087807,SIMULADO_CONTROLADO
1.43063,2.14952,39.9334,916.854,6500.0,2500.0,3.841,10.3805,1.2444,1.0856,0.86603,0.5,2,2,1.5859,0.137818,0.198304,SIMULADO_CONTROLADO
5.62807,32.75409,10.30968,627.337,2800.0,1200.0,3.781,12.7629,1.2993,1.0871,-0.5,-0.86603,3,7,0.4404,0.440971,0.799994,SIMULADO_CONTROLADO
6.64992,9.88617,40.35891,587.414,9000.0,7000.0,3.221,7.5169,1.0659,1.0123,0.25882,-0.96593,1,5,6.7004,0.884666,1.108185,SIMULADO_CONTROLADO
1.00083,4.36409,13.75997,72.084,900.0,800.0,1.797,14.7416,1.1512,1.0549,-0.5,0.86603,3,1,0.0,0.067891,0.089151,SIMULADO_CONTROLADO
2.19343,2.62574,50.12149,305.401,4200.0,800.0,2.532,12.0583,1.0168,1.0369,-0.25882,-0.96593,2,4,5.2261,0.181902,0.222421,SIMULADO_CONTROLADO
2.75725,7.21993,22.91367,2045.349,4200.0,4000.0,6.411,11.3861,1.0,0.98,0.25882,-0.96593,0,4,2.345,0.24216,0.296622,SIMULADO_CONTROLADO
1.70605,4.08096,25.08312,1700.7,1400.0,1800.0,5.482,12.7568,1.3259,1.0266,0.0,1.0,1,4,3.41,0.133737,0.237106,SIMULADO_CONTROLADO
4.77829,9.65076,29.70722,727.681,2200.0,1200.0,5.643,13.6836,1.0714,0.9886,-0.70711,0.70711,0,2,0.0,0.349199,0.439231,SIMULADO_CONTROLADO
1.44836,2.98521,29.11077,1677.181,2200.0,2500.0,3.901,11.0833,1.0,1.041,-0.70711,-0.70711,0,2,7.9465,0.13068,0.160727,SIMULADO_CONTROLADO
1.25893,2.68969,28.08338,1568.615,4200.0,7000.0,4.708,9.9459,1.4425,1.0657,0.86603,0.5,1,0,1.6973,0.126577,0.219333,SIMULADO_CONTROLADO
1.0482,1.77425,35.44729,376.041,4200.0,800.0,3.877,11.7107,1.0317,1.0252,0.0,1.0,1,1,1.0272,0.089508,0.104993,SIMULADO_CONTROLADO
1.69671,5.17119,19.68647,3667.879,6500.0,7000.0,4.79,10.6279,1.1206,0.9945,0.86603,0.5,3,2,3.6516,0.159647,0.23139,SIMULADO_CONTROLADO
0.0933,0.24776,22.59478,2629.841,4200.0,7000.0,5.776,10.2178,1.4225,1.0455,0.0,-1.0,0,0,1.1456,0.009131,0.015545,SIMULADO_CONTROLADO
1.7603,4.85085,21.77313,1361.768,9000.0,4000.0,2.486,5.6407,1.1373,1.145,-0.5,0.86603,3,3,3.3914,0.312071,0.55647,SIMULADO_CONTROLADO
2.29364,4.62602,29.74885,327.897,6500.0,800.0,6.24,9.9482,1.1339,0.98,-0.5,-0.86603,0,3,0.0,0.230558,0.324787,SIMULADO_CONTROLADO
2.4006,4.25382,33.86037,347.31,4200.0,500.0,6.042,9.9297,1.0,1.0455,0.5,0.86603,0,2,2.8058,0.24176,0.310703,SIMULADO_CONTROLADO
0.84555,0.93965,53.99112,104.289,900.0,500.0,3.422,15.3577,1.0,1.0105,0.86603,0.5,2,1,1.2334,0.055057,0.055054,SIMULADO_CONTROLADO
2.36729,9.69608,14.64895,1836.006,2200.0,2500.0,6.377,11.529,1.1334,1.0158,0.96593,0.25882,3,2,0.855,0.205334,0.286595,SIMULADO_CONTROLADO
2.33154,3.32069,42.12758,616.475,900.0,1200.0,5.877,13.6259,1.218,1.0303,0.25882,0.96593,2,4,0.5232,0.171111,0.241019,SIMULADO_CONTROLADO
2.36941,5.82034,24.42552,2513.518,2800.0,7000.0,1.412,12.8899,1.2089,1.0195,0.70711,0.70711,0,3,4.3603,0.18382,0.264349,SIMULADO_CONTROLADO
3.65941,8.92722,24.59493,151.601,9000.0,500.0,1.423,10.0687,1.083,1.0621,0.5,0.86603,0,2,1.7642,0.363443,0.478189,SIMULADO_CONTROLADO
0.81342,1.53054,31.88751,699.57,2200.0,1200.0,4.949,14.0026,1.1632,1.0241,-0.96593,-0.25882,1,0,2.1138,0.05809,0.082727,SIMULADO_CONTROLADO
1.722,2.44376,42.27901,148.009,6500.0,800.0,5.353,10.2127,1.0,0.98,-0.86603,-0.5,1,1,3.3968,0.168613,0.188415,SIMULADO_CONTROLADO
0.38293,0.7662,29.98666,3821.81,2800.0,7000.0,2.518,12.1207,1.2336,1.0926,-1.0,-0.0,3,0,4.8943,0.031593,0.056493,SIMULADO_CONTROLADO
3.43095,6.15129,33.46563,279.544,4200.0,500.0,3.843,8.8805,1.1858,1.0858,0.86603,0.5,1,2,0.5612,0.386347,0.568072,SIMULADO_CONTROLADO
0.93451,2.75979,20.31693,67.159,900.0,1200.0,4.058,13.9223,1.4758,1.0077,-0.70711,0.70711,0,0,2.9633,0.067123,0.10643,SIMULADO_CONTROLADO
4.04756,14.91603,16.28137,4170.15,4200.0,7000.0,3.562,14.217,1.1612,1.0372,0.86603,-0.5,3,3,0.5897,0.284698,0.452464,SIMULADO_CONTROLADO
4.14383,7.16494,34.70092,1242.946,1400.0,7000.0,1.566,14.5089,1.0092,1.0898,0.70711,0.70711,0,4,2.0621,0.285606,0.355568,SIMULADO_CONTROLADO
1.85518,3.76772,29.54325,153.686,2800.0,7000.0,2.36,14.4001,1.1519,1.0815,0.70711,0.70711,0,3,4.7367,0.128831,0.181317,SIMULADO_CONTROLADO
1.78121,2.5975,41.14441,1021.661,9000.0,2500.0,5.517,4.2876,1.1076,1.0961,0.96593,-0.25882,1,3,0.0,0.415435,0.58469,SIMULADO_CONTROLADO
0.56187,0.85136,39.59793,604.822,1400.0,800.0,1.587,13.8909,1.2296,1.0519,0.5,0.86603,1,0,0.562,0.040449,0.061489,SIMULADO_CONTROLADO
2.14109,2.82161,45.52921,264.682,9000.0,500.0,4.497,5.8804,1.1643,1.0696,0.96593,-0.25882,2,2,2.0142,0.364104,0.552453,SIMULADO_CONTROLADO
3.63773,9.17448,23.79033,738.746,6500.0,1200.0,4.561,10.9792,1.0,1.0984,-0.70711,-0.70711,3,9,3.2993,0.331331,0.476494,SIMULADO_CONTROLADO
2.58658,4.87429,31.83951,1204.962,900.0,1800.0,6.269,14.5991,1.0,1.0196,-0.25882,0.96593,3,4,5.0615,0.177175,0.233748,SIMULADO_CONTROLADO
5.16291,8.2671,37.47078,1316.478,2200.0,1800.0,6.433,9.4411,1.2021,1.0548,0.0,1.0,1,12,0.0,0.546854,0.899221,SIMULADO_CONTROLADO
1.5681,10.2023,9.22203,158.366,9000.0,500.0,6.209,6.0062,1.3813,0.98,-0.25882,-0.96593,3,4,5.4725,0.261082,0.470565,SIMULADO_CONTROLADO
1.56646,1.92914,48.71977,841.597,2800.0,2500.0,4.069,10.9905,1.1727,0.98,0.96593,0.25882,2,2,3.5937,0.142529,0.181136,SIMULADO_CONTROLADO
0.99197,2.84413,20.92672,410.517,6500.0,1200.0,1.421,9.0425,1.2901,1.0575,0.86603,-0.5,0,1,1.9947,0.109701,0.17973,SIMULADO_CONTROLADO
7.45899,19.88825,22.50272,162.283,9000.0,500.0,2.67,7.4111,1.322,1.0644,-0.70711,-0.70711,3,16,0.0,1.006462,1.784066,SIMULADO_CONTROLADO
0.55658,1.25653,26.57691,3350.935,900.0,7000.0,3.72,16.1041,1.2027,1.0176,0.96593,-0.25882,0,0,1.2979,0.034561,0.04975,SIMULADO_CONTROLADO
3.46039,4.4696,46.45241,991.068,6500.0,1200.0,1.407,11.4858,1.0297,1.0077,0.5,-0.86603,2,1,4.6529,0.301275,0.385544,SIMULADO_CONTROLADO
3.68912,10.03311,22.06169,674.879,9000.0,800.0,1.397,7.7694,1.1912,1.019,0.96593,-0.25882,3,12,2.5555,0.474827,0.880558,SIMULADO_CONTROLADO
3.5825,9.34025,23.0133,780.781,4200.0,1800.0,2.917,11.9019,1.3531,1.0436,0.86603,-0.5,0,7,2.1203,0.301001,0.535085,SIMULADO_CONTROLADO
1.0663,1.81784,35.19468,1648.978,9000.0,7000.0,3.253,8.1516,1.2448,0.98,-0.96593,-0.25882,1,2,0.4599,0.130809,0.195833,SIMULADO_CONTROLADO
1.85437,3.1679,35.12181,1617.283,4200.0,4000.0,4.278,8.984,1.2797,1.056,0.96593,-0.25882,1,2,4.0427,0.206407,0.347428,SIMULADO_CONTROLADO
3.12488,6.46431,29.00428,275.666,4200.0,500.0,6.144,12.228,1.086,1.0365,-0.25882,-0.96593,3,11,2.1856,0.255552,0.345909,SIMULADO_CONTROLADO
1.27825,2.71389,28.26018,1402.998,900.0,2500.0,3.273,13.7439,1.1276,1.0461,-0.96593,0.25882,0,2,2.0031,0.093005,0.138465,SIMULADO_CONTROLADO
1.65911,2.06123,48.29477,1390.491,6500.0,2500.0,1.455,10.158,1.141,1.0294,-0.5,-0.86603,2,2,2.3,0.16333,0.228489,SIMULADO_CONTROLADO
1.29689,1.89525,41.05698,3704.962,6500.0,7000.0,4.062,8.0765,1.1518,0.98,-1.0,-0.0,1,2,1.145,0.160576,0.226872,SIMULADO_CONTROLADO
2.25064,4.32195,31.24477,3594.784,2200.0,7000.0,3.097,12.019,1.3469,0.9856,0.25882,-0.96593,0,5,0.7879,0.187256,0.303062,SIMULADO_CONTROLADO
2.14278,2.19172,58.66028,3617.37,1400.0,4000.0,5.976,13.4648,1.0,1.1036,0.25882,-0.96593,2,3,0.0,0.159139,0.204986,SIMULADO_CONTROLADO
5.77732,15.55401,22.28615,2237.575,4200.0,2500.0,3.487,11.5147,1.1649,1.0061,0.0,1.0,3,18,1.1991,0.501733,0.85005,SIMULADO_CONTROLADO
3.17275,3.83263,49.66957,509.107,9000.0,1200.0,2.906,6.566,1.1473,1.0714,-0.86603,-0.5,2,6,0.0,0.483207,0.684763,SIMULADO_CONTROLADO
0.69276,1.33979,31.02418,3881.247,6500.0,7000.0,5.037,8.0503,1.0,0.9863,-0.86603,-0.5,0,1,3.52,0.086054,0.105654,SIMULADO_CONTROLADO
0.74693,1.88753,23.74303,2557.278,6500.0,7000.0,3.814,10.6147,1.2675,1.0343,0.0,-1.0,0,0,1.098,0.070367,0.105183,SIMULADO_CONTROLADO
3.50275,4.29895,48.88749,5997.666,2800.0,7000.0,4.142,14.9675,1.0441,1.0152,-0.96593,-0.25882,1,2,1.6762,0.234025,0.332766,SIMULADO_CONTROLADO
2.1257,2.72099,46.87346,5789.247,2200.0,7000.0,2.006,15.4008,1.1029,1.0221,-0.70711,-0.70711,2,5,2.422,0.138025,0.19715,SIMULADO_CONTROLADO
7.1733,10.15103,42.39941,426.389,2200.0,2500.0,3.189,13.6981,1.4558,1.0197,0.86603,0.5,2,3,0.8154,0.523673,0.796631,SIMULADO_CONTROLADO
7.16001,19.3545,22.1964,5051.289,6500.0,7000.0,1.446,7.8846,1.3216,1.1,0.96593,0.25882,0,4,0.0325,0.908105,1.590643,SIMULADO_CONTROLADO
0.98697,1.55793,38.01092,3155.73,4200.0,4000.0,5.201,11.2122,1.2519,1.1217,-0.70711,-0.70711,2,1,2.9658,0.088027,0.140301,SIMULADO_CONTROLADO
2.61509,4.6633,33.6469,697.207,6500.0,800.0,2.502,10.18,1.2209,1.0457,0.5,0.86603,1,3,6.4669,0.256886,0.437642,SIMULADO_CONTROLADO
0.75572,0.97872,46.3287,146.535,6500.0,500.0,1.839,10.5982,1.1337,1.0164,-0.70711,0.70711,2,0,4.4113,0.071306,0.093439,SIMULADO_CONTROLADO
3.46216,10.81736,19.20334,4334.297,9000.0,7000.0,4.324,4.6848,1.4799,0.98,0.86603,-0.5,3,3,5.1877,0.739013,1.552601,SIMULADO_CONTROLADO
6.32541,8.81476,43.05557,422.254,6500.0,1200.0,4.271,9.5981,1.2883,0.98,-0.5,-0.86603,2,13,0.0,0.659024,0.988501,SIMULADO_CONTROLADO
2.35851,5.7162,24.75605,2702.111,2800.0,7000.0,2.874,14.7807,1.0401,1.1002,0.0,-1.0,0,3,2.0979,0.159566,0.209708,SIMULADO_CONTROLADO
1.52457,2.96185,30.88403,470.482,900.0,1200.0,6.3,12.0856,1.0,0.98,-0.86603,-0.5,3,5,2.0842,0.126147,0.140561,SIMULADO_CONTROLADO
2.80926,5.9461,28.34722,198.853,2800.0,1200.0,4.568,12.9659,1.2507,1.0152,0.86603,-0.5,0,6,5.4997,0.216666,0.33609,SIMULADO_CONTROLADO
3.96175,8.47031,28.06332,2129.407,2800.0,4000.0,6.11,10.4764,1.1511,1.042,-0.86603,-0.5,3,8,4.4253,0.378159,0.629967,SIMULADO_CONTROLADO
3.97986,7.71594,30.94786,1081.23,9000.0,1800.0,2.793,6.618,1.0,0.98,0.86603,0.5,0,4,2.1553,0.601374,0.757212,SIMULADO_CONTROLADO
1.5381,2.06807,44.62442,1362.698,900.0,2500.0,4.125,13.1055,1.2286,0.98,0.96593,-0.25882,2,1,0.0,0.117363,0.165416,SIMULADO_CONTROLADO
1.25192,2.53143,29.67296,835.193,6500.0,1200.0,3.392,8.5529,1.117,0.98,0.0,1.0,0,2,0.0665,0.146374,0.204399,SIMULADO_CONTROLADO
2.51504,6.92584,21.7883,2016.822,4200.0,2500.0,3.39,10.8628,1.2449,1.005,0.70711,0.70711,0,4,3.8292,0.231528,0.365582,SIMULADO_CONTROLADO
1.62062,2.15074,45.21104,174.133,900.0,1800.0,1.453,15.9408,1.2307,1.0466,0.25882,0.96593,2,3,1.8264,0.101665,0.136419,SIMULADO_CONTROLADO
4.77945,5.61701,51.05334,1807.132,1400.0,7000.0,2.364,15.6046,1.0627,1.0812,0.25882,-0.96593,2,11,2.2686,0.306285,0.401601,SIMULADO_CONTROLADO
1.60536,5.36858,17.94169,454.508,900.0,1800.0,5.807,14.9461,1.2613,1.0051,0.25882,0.96593,0,1,3.7886,0.10741,0.149711,SIMULADO_CONTROLADO
2.2346,5.66899,23.65079,429.627,9000.0,500.0,5.704,4.6507,1.0803,1.0142,0.96593,0.25882,3,8,4.8768,0.480484,0.771283,SIMULADO_CONTROLADO
2.75974,4.50667,36.74214,2365.023,4200.0,4000.0,1.757,12.4412,1.0907,1.0296,0.25882,-0.96593,1,5,0.8645,0.221823,0.310459,SIMULADO_CONTROLADO
0.57714,0.90876,38.1055,4661.579,4200.0,7000.0,1.296,10.8989,1.0748,0.9988,-0.86603,-0.5,1,0,3.7425,0.052954,0.067416,SIMULADO_CONTROLADO
1.34099,2.45482,32.77608,3428.921,2800.0,7000.0,1.741,13.2838,1.341,1.0538,0.0,1.0,1,3,5.884,0.100949,0.160667,SIMULADO_CONTROLADO
6.96834,9.77906,42.75463,64.017,2200.0,500.0,4.586,12.7877,1.1151,1.0552,-0.96593,-0.25882,1,11,5.4987,0.544923,0.792426,SIMULADO_CONTROLADO
3.84863,12.58372,18.3505,4441.742,1400.0,7000.0,2.471,13.381,1.3796,0.98,0.0,-1.0,0,4,1.3853,0.287619,0.461637,SIMULADO_CONTROLADO
1.58843,3.43911,27.71232,628.305,6500.0,1200.0,5.242,8.8121,1.4454,1.0638,0.0,1.0,1,1,3.1192,0.180256,0.332046,SIMULADO_CONTROLADO
3.47196,8.09445,25.73585,773.269,900.0,4000.0,1.231,15.3592,1.0418,1.0407,0.5,0.86603,0,6,4.0766,0.226051,0.275964,SIMULADO_CONTROLADO
4.72699,10.6307,26.67928,979.979,1400.0,2500.0,4.994,13.5381,1.0,1.0466,-0.5,0.86603,0,9,2.5423,0.349161,0.442822,SIMULADO_CONTROLADO
1.7883,3.6659,29.26917,1722.908,9000.0,7000.0,5.898,6.8154,1.3271,1.0881,0.5,-0.86603,1,1,1.9767,0.262392,0.450235,SIMULADO_CONTROLADO
3.72434,4.56273,48.97514,791.156,900.0,1200.0,1.437,14.9399,1.1053,0.98,-0.5,0.86603,2,4,0.0,0.249288,0.306406,SIMULADO_CONTROLADO
3.37073,7.54094,26.81945,1084.145,9000.0,2500.0,5.797,6.4115,1.0214,0.98,0.0,-1.0,3,2,0.6833,0.525732,0.621226,SIMULADO_CONTROLADO
0.76741,1.13163,40.68861,1394.025,900.0,2500.0,6.065,15.1023,1.0658,1.0318,0.70711,0.70711,1,1,1.0398,0.050814,0.06454,SIMULADO_CONTROLADO
1.79594,3.15291,34.17679,482.601,2800.0,800.0,4.04,14.0399,1.0936,0.98,-0.96593,-0.25882,1,2,0.0,0.127916,0.167133,SIMULADO_CONTROLADO
5.87793,15.03468,23.4575,945.846,4200.0,4000.0,2.708,11.3556,1.3676,1.0255,0.25882,-0.96593,3,19,2.7299,0.517622,0.961163,SIMULADO_CONTROLADO
6.83932,8.17967,50.16822,134.051,900.0,800.0,4.183,13.0505,1.1856,1.0731,0.70711,-0.70711,2,3,4.3198,0.524066,0.779115,SIMULADO_CONTROLADO
3.87019,15.79108,14.70524,542.765,9000.0,4000.0,2.846,5.8673,1.3654,1.0528,0.96593,0.25882,3,3,1.6196,0.659617,1.120958,SIMULADO_CONTROLADO
1.30402,3.12056,25.07278,342.133,9000.0,500.0,6.146,4.2,1.2391,1.0386,0.5,-0.86603,3,0,0.0,0.310481,0.508038,SIMULADO_CONTROLADO
0.20497,0.51631,23.81967,653.271,1400.0,800.0,4.081,14.5867,1.1105,1.0245,-0.25882,0.96593,3,0,2.2514,0.014052,0.019755,SIMULADO_CONTROLADO
1.16157,3.14613,22.15233,1033.088,1400.0,1800.0,5.433,14.0528,1.0975,1.0157,0.96593,0.25882,3,2,3.0754,0.082658,0.116164,SIMULADO_CONTROLADO
0.67237,1.15144,35.03615,248.836,6500.0,800.0,4.433,8.6461,1.2499,1.0132,-0.25882,-0.96593,1,0,2.9334,0.077766,0.112664,SIMULADO_CONTROLADO
6.16476,11.40809,32.42308,353.684,2200.0,500.0,2.729,11.9208,1.2913,1.0453,0.0,1.0,1,2,0.9856,0.517144,0.817641,SIMULADO_CONTROLADO
0.37266,0.65743,34.01087,47.27,900.0,500.0,3.851,13.9288,1.3195,0.98,-0.86603,-0.5,1,0,0.0,0.026755,0.036534,SIMULADO_CONTROLADO
0.78744,1.71312,27.5792,503.406,6500.0,1200.0,5.863,9.5178,1.1182,1.1008,-0.70711,0.70711,0,1,4.3614,0.082734,0.119399,SIMULADO_CONTROLADO
2.47765,3.30756,44.94531,1423.345,2200.0,1800.0,3.229,14.0784,1.188,1.0018,-0.25882,0.96593,2,3,3.2386,0.175989,0.251231,SIMULADO_CONTROLADO
2.11455,3.54634,35.77571,173.633,2200.0,500.0,3.009,14.3856,1.2534,1.0601,-0.96593,0.25882,2,3,1.0694,0.146991,0.227676,SIMULADO_CONTROLADO
5.68791,13.72472,24.86568,292.02,4200.0,500.0,6.269,13.9486,1.0986,1.0386,-0.86603,-0.5,3,8,0.0,0.407777,0.586728,SIMULADO_CONTROLADO
3.2275,6.79345,28.50538,2361.778,4200.0,2500.0,2.971,11.857,1.0,0.9831,-0.25882,-0.96593,0,4,2.9675,0.272203,0.336417,SIMULADO_CONTROLADO
1.89831,2.59751,43.84907,275.73,6500.0,1200.0,5.755,5.3197,1.031,1.0932,-0.86603,0.5,1,3,0.6152,0.356844,0.422797,SIMULADO_CONTROLADO
4.83817,10.12234,28.67816,1278.663,6500.0,4000.0,2.145,8.2135,1.1214,1.0837,0.0,1.0,0,3,3.3037,0.589052,0.862292,SIMULADO_CONTROLADO
1.55268,5.07485,18.35731,2661.623,9000.0,4000.0,5.396,5.9384,1.266,0.98,0.96593,0.25882,3,2,2.8315,0.261464,0.456599,SIMULADO_CONTROLADO
5.99445,10.29333,34.94172,282.337,9000.0,500.0,4.461,6.015,1.3614,1.0317,0.25882,0.96593,1,4,6.8615,0.996584,1.753174,SIMULADO_CONTROLADO
1.03076,2.00671,30.81937,5253.915,4200.0,7000.0,1.837,11.7669,1.0,1.0443,0.96593,0.25882,0,1,2.3364,0.087598,0.116045,SIMULADO_CONTROLADO
2.05699,2.35868,52.32567,2247.241,2800.0,2500.0,1.539,13.3222,1.0644,0.98,0.96593,0.25882,2,3,6.7016,0.154404,0.185362,SIMULADO_CONTROLADO
0.24814,0.67312,22.11832,2335.187,2800.0,4000.0,2.781,12.0072,1.1027,0.98,0.5,-0.86603,3,0,2.672,0.020666,0.028172,SIMULADO_CONTROLADO
4.00742,9.19242,26.15691,1588.394,4200.0,1800.0,4.685,11.1405,1.2872,0.9975,-0.86603,-0.5,3,9,1.0995,0.359715,0.610489,SIMULADO_CONTROLADO
2.37647,5.69422,25.04088,184.758,900.0,500.0,3.109,16.3744,1.0755,0.98,-0.70711,0.70711,0,1,0.2835,0.145134,0.169937,SIMULADO_CONTROLADO
6.00501,9.68615,37.19753,3271.409,2200.0,7000.0,2.637,15.6921,1.0912,0.988,-0.5,-0.86603,1,12,0.6582,0.382677,0.494944,SIMULADO_CONTROLADO
1.74576,4.18136,25.05066,1259.398,1400.0,1800.0,4.284,15.717,1.0,0.98,0.0,1.0,0,3,3.4011,0.111075,0.127523,SIMULADO_CONTROLADO
0.56858,0.92576,36.85057,194.253,2800.0,500.0,6.249,10.241,1.2373,1.0295,0.5,0.86603,1,0,2.7712,0.05552,0.088328,SIMULADO_CONTROLADO
2.94324,3.82531,46.16475,484.908,9000.0,800.0,1.846,7.1452,1.1342,0.9948,0.5,-0.86603,2,6,0.0,0.411921,0.54213,SIMULADO_CONTROLADO
1.37381,2.17392,37.91698,398.086,2800.0,800.0,4.616,11.7461,1.0554,1.0851,-0.5,-0.86603,1,1,4.6423,0.116959,0.160517,SIMULADO_CONTROLADO
3.62329,8.78216,24.75442,560.264,4200.0,1200.0,6.036,10.7943,1.1185,1.0431,-0.96593,0.25882,0,4,5.6015,0.335667,0.540932,SIMULADO_CONTROLADO
1.04991,1.52581,41.28589,1089.083,2200.0,1800.0,4.068,12.8702,1.3403,1.0707,0.86603,-0.5,2,1,0.0,0.081577,0.138507,SIMULADO_CONTROLADO
5.31153,12.74922,24.99696,1042.96,2200.0,1200.0,6.31,11.6897,1.0,0.98,0.86603,0.5,0,10,4.6253,0.454378,0.576812,SIMULADO_CONTROLADO
2.23343,6.60589,20.28576,1914.226,4200.0,7000.0,4.369,12.5795,1.0253,1.0067,0.70711,0.70711,0,1,6.0345,0.177545,0.217813,SIMULADO_CONTROLADO
1.90397,4.78309,23.8838,4544.8,1400.0,7000.0,4.765,13.5739,1.3604,1.0411,-0.5,-0.86603,0,1,0.0,0.140267,0.219733,SIMULADO_CONTROLADO
5.07831,17.77669,17.14033,913.275,9000.0,2500.0,5.394,5.7218,1.1721,1.0554,-0.25882,0.96593,0,11,1.5188,0.887534,1.372665,SIMULADO_CONTROLADO
4.0479,6.64289,36.56152,751.383,900.0,2500.0,2.259,15.5795,1.2672,1.0059,0.25882,0.96593,1,9,0.716,0.259822,0.398211,SIMULADO_CONTROLADO
1.17905,2.6541,26.65427,2077.523,1400.0,7000.0,4.169,14.5354,1.2243,1.0124,0.0,1.0,3,3,4.5452,0.081116,0.115874,SIMULADO_CONTROLADO
3.96864,11.33877,21.00038,328.477,6500.0,800.0,4.456,9.3133,1.1543,1.0174,0.0,1.0,3,4,1.6292,0.426125,0.609242,SIMULADO_CONTROLADO
3.42609,6.35144,32.36519,1114.267,900.0,1800.0,1.837,17.136,1.1043,1.0216,-0.25882,-0.96593,0,5,1.5454,0.199935,0.29316,SIMULADO_CONTROLADO
1.98706,5.16033,23.10395,2223.783,2200.0,2500.0,3.614,11.6309,1.293,1.1324,0.96593,-0.25882,0,2,3.3847,0.170844,0.336484,SIMULADO_CONTROLADO
3.75294,5.98856,37.60114,133.848,2200.0,800.0,5.285,12.8113,1.346,1.0491,-0.96593,0.25882,1,2,5.7752,0.29294,0.471997,SIMULADO_CONTROLADO
5.29584,8.06046,39.4209,1405.256,9000.0,7000.0,1.416,7.2401,1.3335,1.0368,-0.96593,0.25882,2,2,2.3705,0.731464,1.196888,SIMULADO_CONTROLADO
2.03194,2.6771,45.54047,290.969,1400.0,800.0,3.392,13.7128,1.0,0.98,0.0,-1.0,2,4,1.5115,0.148179,0.155853,SIMULADO_CONTROLADO
2.0372,6.81158,17.94472,256.026,2800.0,500.0,1.972,14.2218,1.3688,0.98,0.0,1.0,3,1,1.9029,0.143245,0.213585,SIMULADO_CONTROLADO
1.95385,2.60982,44.91913,605.434,2800.0,1200.0,2.131,14.7967,1.1027,1.0254,-0.25882,-0.96593,1,1,3.8821,0.132046,0.165983,SIMULADO_CONTROLADO
1.13884,2.20361,31.00836,2033.106,6500.0,4000.0,3.917,8.0274,1.0392,1.0859,0.86603,-0.5,0,0,0.0,0.141869,0.214027,SIMULADO_CONTROLADO
2.01598,4.95342,24.41924,699.994,2800.0,1200.0,1.356,15.614,1.1329,1.026,-0.86603,0.5,0,3,2.4655,0.129113,0.184948,SIMULADO_CONTROLADO
1.84927,4.52554,24.51781,446.012,900.0,800.0,3.452,12.8285,1.293,1.028,-0.96593,-0.25882,0,3,0.5308,0.144154,0.251251,SIMULADO_CONTROLADO
1.76716,3.79322,27.95238,2146.833,9000.0,7000.0,1.336,8.107,1.2465,1.0015,-0.25882,0.96593,0,1,0.0,0.217979,0.305685,SIMULADO_CONTROLADO
1.74657,4.7642,21.99615,98.817,1400.0,800.0,6.105,11.7837,1.1191,0.98,0.86603,-0.5,3,5,0.0,0.148219,0.195113,SIMULADO_CONTROLADO
0.78547,1.09696,42.96239,358.546,4200.0,800.0,5.88,9.384,1.294,1.0547,0.96593,-0.25882,1,0,1.4185,0.083703,0.135848,SIMULADO_CONTROLADO
4.32611,13.60828,19.07416,4291.389,1400.0,7000.0,2.322,14.6273,1.1824,1.0236,0.25882,-0.96593,3,7,4.7653,0.295755,0.462549,SIMULADO_CONTROLADO
1.33923,1.44801,55.49252,855.627,900.0,1200.0,1.549,14.9245,1.0683,1.0551,-0.96593,0.25882,2,1,0.0,0.089734,0.121087,SIMULADO_CONTROLADO
5.49403,5.92954,55.59313,250.617,1400.0,500.0,2.528,11.0263,1.0467,1.042,0.0,-1.0,2,7,3.6397,0.498265,0.605951,SIMULADO_CONTROLADO
0.94813,1.80777,31.46857,464.642,9000.0,1800.0,1.35,8.126,1.2256,0.9916,0.86603,-0.5,1,2,1.1374,0.116678,0.177786,SIMULADO_CONTROLADO
6.33109,18.89682,20.10208,2600.085,9000.0,4000.0,5.094,6.6432,1.1468,1.0451,-0.70711,0.70711,3,18,0.2669,0.953012,1.646698,SIMULADO_CONTROLADO
1.61338,2.8411,34.07239,385.826,4200.0,4000.0,4.242,10.698,1.0,0.98,0.70711,-0.70711,0,1,3.2221,0.150812,0.173214,SIMULADO_CONTROLADO
4.00155,10.11538,23.73541,382.261,6500.0,500.0,4.082,8.3754,1.2955,1.0448,-0.70711,0.70711,0,9,5.2522,0.477775,0.886013,SIMULADO_CONTROLADO
2.35958,3.52809,40.12787,621.243,9000.0,800.0,5.715,4.9806,1.0832,1.0322,-0.70711,-0.70711,1,4,5.6458,0.473756,0.687897,SIMULADO_CONTROLADO
0.68722,1.78163,23.14358,1544.314,2200.0,2500.0,5.489,10.276,1.4147,1.1043,0.25882,0.96593,1,0,3.0958,0.066876,0.115016,SIMULADO_CONTROLADO
0.7227,0.7525,57.62399,266.49,6500.0,2500.0,3.367,6.8041,1.0,0.996,0.25882,-0.96593,2,1,2.3524,0.106215,0.108601,SIMULADO_CONTROLADO
1.24833,1.50477,49.77499,1778.613,2800.0,2500.0,4.435,13.1687,1.1311,0.98,-0.86603,-0.5,2,2,3.3223,0.094796,0.122797,SIMULADO_CONTROLADO
1.54145,1.77094,52.2251,911.526,1400.0,1200.0,3.542,15.2839,1.048,1.0164,-0.70711,0.70711,2,2,7.7016,0.100855,0.129618,SIMULADO_CONTROLADO
2.08094,2.88491,43.27905,3910.638,2800.0,7000.0,4.507,12.8879,1.0039,1.0624,-0.25882,-0.96593,1,1,1.8854,0.161464,0.203973,SIMULADO_CONTROLADO
2.74056,4.42311,37.17606,291.735,900.0,500.0,2.003,15.6537,1.0821,0.98,0.0,1.0,1,1,4.8834,0.175074,0.224228,SIMULADO_CONTROLADO
1.87979,7.54233,14.95392,475.419,4200.0,4000.0,2.79,12.4836,1.4433,1.0744,0.86603,-0.5,3,6,1.256,0.150581,0.284945,SIMULADO_CONTROLADO
2.63611,6.48409,24.39302,6204.339,1400.0,7000.0,2.535,15.3186,1.1829,1.0256,-0.25882,0.96593,0,4,0.7557,0.172086,0.25471,SIMULADO_CONTROLADO
2.95223,3.44824,51.36933,1344.292,900.0,2500.0,2.088,14.2184,1.0333,0.9836,0.25882,-0.96593,2,6,6.2147,0.207634,0.257199,SIMULADO_CONTROLADO
1.81591,1.70984,63.72212,612.952,4200.0,1800.0,3.393,11.5399,1.0,1.0184,0.70711,-0.70711,2,3,2.5056,0.157358,0.188729,SIMULADO_CONTROLADO
3.38733,7.0945,28.64748,401.634,2200.0,1200.0,5.05,12.172,1.0,1.0017,-0.70711,0.70711,3,11,2.9716,0.278288,0.345487,SIMULADO_CONTROLADO
3.92254,4.97273,47.32864,610.464,2800.0,1800.0,3.299,12.376,1.0742,0.98,0.5,-0.86603,2,4,3.6486,0.316948,0.357533,SIMULADO_CONTROLADO
3.00594,3.77158,47.81985,484.544,900.0,800.0,6.408,14.5847,1.0586,0.98,-1.0,-0.0,1,3,0.6254,0.206103,0.25531,SIMULADO_CONTROLADO
3.12756,5.26671,35.63007,253.475,900.0,800.0,2.801,16.7291,1.1242,1.0679,0.0,1.0,1,2,1.5796,0.186953,0.25079,SIMULADO_CONTROLADO
2.46915,3.51749,42.11782,1141.228,9000.0,2500.0,6.225,4.2,1.0,1.0098,-0.25882,-0.96593,1,1,1.1517,0.587893,0.738248,SIMULADO_CONTROLADO
4.58228,6.82897,40.26029,965.869,4200.0,1800.0,2.226,11.4923,1.1453,1.0174,0.0,1.0,1,6,3.1976,0.398726,0.559092,SIMULADO_CONTROLADO
2.11724,8.60014,14.77118,837.841,2200.0,1800.0,2.9,13.126,1.3244,1.073,0.86603,0.5,0,2,3.2699,0.161301,0.264748,SIMULADO_CONTROLADO
1.26727,2.01188,37.79371,953.224,4200.0,1800.0,2.07,13.2624,1.4197,1.0375,-0.25882,-0.96593,2,0,1.2389,0.095553,0.168716,SIMULADO_CONTROLADO
2.16459,4.68752,27.70666,434.411,6500.0,500.0,2.461,7.6521,1.0,0.98,-0.5,-0.86603,0,3,6.7583,0.282875,0.371447,SIMULADO_CONTROLADO
0.69873,0.77455,54.1264,4963.088,900.0,7000.0,2.033,11.5978,1.0318,1.0653,0.5,0.86603,2,0,2.4425,0.060247,0.073621,SIMULADO_CONTROLADO
0.62036,1.43655,25.91042,6509.528,9000.0,7000.0,4.512,6.9549,1.0233,1.1018,0.25882,-0.96593,3,1,2.7158,0.089197,0.136654,SIMULADO_CONTROLADO
3.93534,11.3421,20.81804,101.965,4200.0,800.0,2.263,12.9371,1.1833,1.0576,0.70711,-0.70711,3,8,5.3213,0.304191,0.489551,SIMULADO_CONTROLADO
5.55308,11.29234,29.50541,293.793,2200.0,1200.0,1.651,11.9162,1.0,0.9961,0.5,-0.86603,0,5,0.6627,0.466013,0.550584,SIMULADO_CONTROLADO
1.65347,4.5606,21.75329,1467.428,1400.0,2500.0,2.612,14.2753,1.4292,0.98,-0.96593,0.25882,3,4,1.4062,0.115827,0.201626,SIMULADO_CONTROLADO
3.96101,8.83047,26.91369,295.121,900.0,500.0,4.796,15.7782,1.167,0.9944,-0.5,0.86603,0,5,3.0996,0.251042,0.366106,SIMULADO_CONTROLADO
0.32394,0.52533,36.99822,418.418,1400.0,500.0,3.472,12.7441,1.1403,1.0396,0.25882,0.96593,1,0,0.0,0.025419,0.035515,SIMULADO_CONTROLADO
3.01262,8.29337,21.79538,2365.608,2200.0,7000.0,2.028,14.0088,1.4148,1.0992,-0.25882,0.96593,0,3,2.0013,0.215052,0.379052,SIMULADO_CONTROLADO
2.12366,3.83066,33.263,292.264,1400.0,800.0,1.536,15.5182,1.1574,1.0008,0.25882,0.96593,0,0,6.8068,0.136849,0.185543,SIMULADO_CONTROLADO
6.15626,14.65805,25.19953,1621.238,4200.0,2500.0,5.066,8.8073,1.224,1.0058,-0.5,0.86603,0,11,6.3409,0.698993,1.148199,SIMULADO_CONTROLADO
1.90553,4.2674,26.7919,2933.447,1400.0,7000.0,4.932,12.7041,1.0399,1.081,-0.5,-0.86603,0,4,4.3842,0.149993,0.202906,SIMULADO_CONTROLADO
0.88651,3.06328,17.364,3054.554,2800.0,4000.0,3.646,10.5303,1.0,1.0155,-0.96593,-0.25882,3,0,4.9838,0.084187,0.116378,SIMULADO_CONTROLADO
0.53869,1.43628,22.50374,747.173,2800.0,800.0,3.997,12.2039,1.0623,1.1121,0.96593,0.25882,0,0,3.5361,0.044141,0.066773,SIMULADO_CONTROLADO
2.16334,5.00233,25.94801,256.729,900.0,800.0,2.475,14.0372,1.5099,1.0283,-0.5,-0.86603,1,4,1.5938,0.154115,0.259881,SIMULADO_CONTROLADO
2.46557,3.42655,43.17287,1571.35,1400.0,4000.0,3.772,14.1517,1.2613,1.0875,-0.5,-0.86603,2,4,5.9515,0.174224,0.293336,SIMULADO_CONTROLADO
1.81747,5.88086,18.54292,123.326,900.0,1200.0,5.062,14.5841,1.2039,1.0522,0.96593,-0.25882,3,2,0.5075,0.12462,0.193217,SIMULADO_CONTROLADO
4.02134,9.17052,26.31043,1893.12,4200.0,7000.0,5.289,12.0862,1.0038,1.0668,0.0,-1.0,3,10,4.5338,0.33272,0.463304,SIMULADO_CONTROLADO
5.16114,14.95954,20.70039,375.588,4200.0,2500.0,3.005,14.2467,1.3058,1.027,-0.5,0.86603,0,11,1.4307,0.36227,0.563371,SIMULADO_CONTROLADO
1.6393,4.60866,21.34204,278.875,900.0,500.0,4.798,14.1902,1.0,1.03,0.5,0.86603,3,2,1.5572,0.115524,0.150795,SIMULADO_CONTROLADO
0.39384,0.41132,57.45058,450.69,6500.0,800.0,3.778,8.4199,1.0,1.0539,0.5,-0.86603,2,0,3.6312,0.046775,0.057854,SIMULADO_CONTROLADO
2.64711,4.74111,33.49982,516.531,6500.0,4000.0,5.118,7.7471,1.0706,1.0709,0.86603,-0.5,0,5,6.7713,0.341691,0.500348,SIMULADO_CONTROLADO
4.64387,11.56628,24.09002,1884.896,900.0,2500.0,4.861,12.7546,1.4727,1.0587,0.86603,0.5,1,2,5.5002,0.364092,0.687695,SIMULADO_CONTROLADO
1.64506,5.46673,18.0553,2386.064,900.0,4000.0,5.177,14.3082,1.4637,0.98,0.25882,-0.96593,3,5,3.2114,0.114973,0.213305,SIMULADO_CONTROLADO
3.12718,6.05456,30.98995,725.049,6500.0,800.0,2.074,8.9729,1.0878,1.0466,0.5,0.86603,1,7,2.632,0.348513,0.550551,SIMULADO_CONTROLADO
0.82891,2.19914,22.61548,341.251,2200.0,800.0,2.907,14.1134,1.0521,1.0055,0.5,0.86603,0,1,4.1411,0.058732,0.073716,SIMULADO_CONTROLADO
2.60121,6.89218,22.64494,480.867,2200.0,800.0,2.604,12.5084,1.0,1.0104,-0.86603,0.5,3,5,5.3668,0.207958,0.27315,SIMULADO_CONTROLADO
3.16736,7.34834,25.86188,1068.767,4200.0,2500.0,3.569,10.6344,1.1725,1.0556,0.96593,-0.25882,3,8,0.0,0.29784,0.487815,SIMULADO_CONTROLADO
2.65398,8.86342,17.96582,214.745,900.0,500.0,3.664,14.97,1.1859,1.1114,0.96593,-0.25882,3,7,2.2333,0.177286,0.307783,SIMULADO_CONTROLADO
7.2276,26.8173,16.17075,2454.055,2800.0,4000.0,4.737,11.9186,1.2863,1.0246,-0.70711,-0.70711,3,8,0.2899,0.606414,1.006811,SIMULADO_CONTROLADO
5.50874,17.13364,19.29097,700.904,2200.0,800.0,4.219,10.5971,1.3057,1.1238,-1.0,-0.0,3,8,2.0408,0.519835,1.066226,SIMULADO_CONTROLADO
3.52901,5.66625,37.36877,1419.763,6500.0,1800.0,4.273,8.5588,1.1284,0.9856,-0.86603,0.5,1,2,0.0,0.412327,0.574607,SIMULADO_CONTROLADO
4.35473,12.51397,20.87937,516.094,6500.0,800.0,4.555,7.4882,1.249,1.0904,-0.70711,-0.70711,0,4,0.0,0.581546,1.023227,SIMULADO_CONTROLADO
2.5882,2.56974,60.43092,223.698,2200.0,1200.0,2.646,15.0269,1.0479,1.0544,1.0,0.0,2,4,0.0,0.172238,0.214812,SIMULADO_CONTROLADO
2.05425,5.35495,23.01701,1980.101,4200.0,4000.0,2.398,12.886,1.2459,1.0444,1.0,0.0,0,4,1.3376,0.159417,0.253942,SIMULADO_CONTROLADO
1.50988,2.30019,39.38494,612.085,2200.0,800.0,2.34,11.0073,1.0788,1.0972,-0.86603,-0.5,1,1,3.7317,0.137171,0.198262,SIMULADO_CONTROLADO
0.81278,1.13461,42.98097,1430.281,2800.0,1800.0,5.331,12.7628,1.2335,1.0064,-0.86603,0.5,2,1,0.7908,0.063683,0.094574,SIMULADO_CONTROLADO
5.67751,15.31545,22.24228,215.236,6500.0,500.0,1.715,10.1952,1.2206,1.0925,-0.5,0.86603,3,14,0.682,0.556881,0.949437,SIMULADO_CONTROLADO
7.41144,10.89749,40.80635,418.754,1400.0,800.0,2.875,12.5253,1.171,1.0256,-0.86603,0.5,1,9,3.331,0.591719,0.880145,SIMULADO_CONTROLADO
2.20208,3.3632,39.28548,1008.892,4200.0,2500.0,2.685,12.6455,1.2871,1.0061,-0.70711,-0.70711,1,3,3.1023,0.174139,0.271605,SIMULADO_CONTROLADO
2.23032,2.57587,51.95094,385.896,2200.0,1800.0,4.337,11.3124,1.0,0.98,0.86603,0.5,2,1,6.0746,0.197157,0.218044,SIMULADO_CONTROLADO
3.25986,5.68527,34.40318,1854.273,4200.0,2500.0,6.098,11.4303,1.0,1.1063,0.70711,-0.70711,0,1,4.4628,0.285195,0.447517,SIMULADO_CONTROLADO
1.91216,2.23005,51.447,400.801,2200.0,800.0,5.857,11.3891,1.1168,1.0864,0.5,0.86603,2,2,0.3456,0.167893,0.219251,SIMULADO_CONTROLADO
0.90943,0.92644,58.89815,486.332,9000.0,800.0,1.759,5.387,1.0,1.0135,0.5,-0.86603,2,2,1.0918,0.168819,0.197716,SIMULADO_CONTROLADO
0.67904,0.81705,49.8653,813.154,2200.0,1200.0,4.063,15.5165,1.0949,1.0595,-0.5,-0.86603,2,1,4.0676,0.043763,0.058725,SIMULADO_CONTROLADO
7.24239,11.60901,37.4316,146.171,900.0,500.0,1.397,13.6157,1.1001,1.0407,-0.86603,-0.5,1,12,0.6382,0.531915,0.674478,SIMULADO_CONTROLADO
0.45704,1.24665,21.99704,3896.691,2800.0,7000.0,5.4,10.8029,1.3695,1.0191,0.96593,0.25882,3,1,1.8189,0.042308,0.074437,SIMULADO_CONTROLADO
2.72653,4.15973,39.32757,733.838,1400.0,800.0,3.186,13.4344,1.1828,1.0784,-0.86603,-0.5,1,4,0.0,0.202952,0.324347,SIMULADO_CONTROLADO
0.52104,0.65428,47.78144,794.882,2800.0,4000.0,2.339,12.6007,1.3247,1.0069,0.96593,-0.25882,2,0,0.0,0.04135,0.060982,SIMULADO_CONTROLADO
1.98452,3.34896,35.55469,458.403,9000.0,800.0,3.766,7.144,1.2083,0.98,-0.86603,-0.5,1,1,5.1447,0.27779,0.410257,SIMULADO_CONTROLADO
1.63279,3.56275,27.49768,1719.74,900.0,2500.0,3.506,14.5918,1.0743,1.0467,-0.5,0.86603,0,0,2.8511,0.111898,0.158055,SIMULADO_CONTROLADO
0.60921,0.99555,36.71573,212.624,900.0,800.0,6.199,14.5158,1.1814,1.038,1.0,0.0,2,0,1.1791,0.041968,0.054762,SIMULADO_CONTROLADO
3.33925,11.74904,17.05289,64.031,2200.0,800.0,1.376,14.6272,1.2767,1.0083,0.86603,0.5,0,7,1.4741,0.228291,0.322498,SIMULADO_CONTROLADO
0.85324,3.02415,16.92857,571.315,2800.0,1200.0,6.235,9.3867,1.3509,0.9948,-0.25882,0.96593,3,2,6.1021,0.090899,0.13949,SIMULADO_CONTROLADO
0.53238,0.72778,43.89093,440.625,900.0,500.0,2.442,15.6609,1.1388,0.98,0.25882,-0.96593,2,0,1.1207,0.033995,0.043664,SIMULADO_CONTROLADO
3.59691,4.7687,45.25652,226.691,4200.0,500.0,1.969,12.1947,1.0,1.0187,0.96593,0.25882,1,7,3.4941,0.294958,0.362396,SIMULADO_CONTROLADO
1.63847,2.67434,36.75992,1565.705,4200.0,4000.0,5.132,9.7412,1.0,0.9956,0.96593,-0.25882,1,2,4.3301,0.1682,0.206193,SIMULADO_CONTROLADO
1.15433,1.4537,47.6439,280.055,4200.0,1200.0,3.97,13.5021,1.1078,1.0784,0.25882,-0.96593,2,2,5.5344,0.085493,0.112597,SIMULADO_CONTROLADO
3.74978,5.6034,40.15189,1168.031,2200.0,1800.0,5.947,12.8539,1.0,1.0582,0.86603,-0.5,1,7,0.7128,0.291723,0.384071,SIMULADO_CONTROLADO
0.81441,1.44399,33.8402,722.649,9000.0,2500.0,4.076,7.2959,1.4472,1.0132,-0.70711,0.70711,1,0,0.0,0.111627,0.178113,SIMULADO_CONTROLADO
0.40565,0.78464,31.0196,797.025,4200.0,2500.0,3.879,12.2263,1.2555,1.0585,0.86603,-0.5,1,0,0.1823,0.033179,0.049109,SIMULADO_CONTROLADO
4.9343,7.13459,41.49619,397.954,9000.0,2500.0,2.293,6.4642,1.0583,1.0302,0.25882,-0.96593,1,7,4.0352,0.763323,0.999143,SIMULADO_CONTROLADO
6.59174,15.33985,25.78282,5140.083,900.0,7000.0,6.234,14.0549,1.0,1.0229,1.0,0.0,3,6,6.683,0.469001,0.677472,SIMULADO_CONTROLADO
1.94478,4.44297,26.26323,551.118,4200.0,2500.0,4.722,11.0544,1.3245,1.0325,-0.86603,-0.5,0,3,4.1082,0.175928,0.268485,SIMULADO_CONTROLADO
1.92507,4.06692,28.40086,87.618,2200.0,1200.0,4.388,12.1568,1.0,1.1147,-1.0,-0.0,3,6,1.1151,0.158353,0.214099,SIMULADO_CONTROLADO
3.89762,5.58582,41.86624,351.121,1400.0,800.0,5.387,11.7098,1.0,1.064,-0.25882,-0.96593,1,8,4.9944,0.332851,0.437854,SIMULADO_CONTROLADO
4.60745,5.97989,46.22949,2513.539,1400.0,4000.0,1.737,14.8475,1.0374,1.0216,-0.96593,0.25882,2,4,1.5149,0.310318,0.394669,SIMULADO_CONTROLADO
0.90057,2.20238,24.53444,866.185,1400.0,1200.0,5.792,13.6979,1.1783,1.0752,1.0,0.0,0,0,0.7534,0.065745,0.102302,SIMULADO_CONTROLADO
1.70203,3.06937,33.27131,363.704,900.0,1800.0,3.853,14.3858,1.2593,1.0736,0.0,-1.0,1,3,1.804,0.118313,0.180456,SIMULADO_CONTROLADO
2.57546,7.86351,19.65121,2540.442,2800.0,4000.0,5.452,11.5279,1.3508,1.0467,-0.96593,-0.25882,3,9,1.2796,0.22341,0.441966,SIMULADO_CONTROLADO
3.74489,7.83028,28.69546,383.359,6500.0,800.0,4.977,8.2932,1.3272,1.0202,-0.70711,0.70711,1,3,1.026,0.451562,0.705026,SIMULADO_CONTROLADO
3.47614,6.85563,30.42291,616.704,2800.0,800.0,3.592,12.2394,1.1601,1.0172,0.96593,-0.25882,0,7,5.0657,0.284013,0.487537,SIMULADO_CONTROLADO
3.09893,4.4677,41.61776,318.949,900.0,500.0,5.279,15.5834,1.3233,0.9866,0.70711,0.70711,2,6,1.4169,0.198861,0.298196,SIMULADO_CONTROLADO
4.59944,11.11971,24.81778,67.599,4200.0,500.0,5.02,10.8654,1.0526,1.0431,-1.0,-0.0,0,4,0.0,0.423309,0.541104,SIMULADO_CONTROLADO
2.05195,3.06512,40.16709,2272.022,1400.0,2500.0,1.22,14.4674,1.0,1.0076,0.0,-1.0,1,2,3.7303,0.141833,0.181625,SIMULADO_CONTROLADO
5.71182,7.19755,47.61465,567.781,9000.0,1800.0,4.959,4.2,1.0526,1.0153,0.25882,0.96593,1,12,0.4953,1.359956,1.744838,SIMULADO_CONTROLADO
1.37643,1.47465,56.00386,950.442,2200.0,1200.0,3.897,12.8099,1.031,1.0631,-0.96593,0.25882,2,2,0.563,0.107451,0.142944,SIMULADO_CONTROLADO
3.51392,3.75584,56.1354,414.598,900.0,800.0,5.649,12.8657,1.0589,1.1109,0.25882,-0.96593,2,5,3.9726,0.273124,0.365868,SIMULADO_CONTROLADO
1.54165,1.83244,50.47846,1526.756,2200.0,2500.0,5.491,11.5922,1.0065,1.0518,-0.5,-0.86603,2,3,0.9766,0.13299,0.158687,SIMULADO_CONTROLADO
1.96656,5.8239,20.26022,155.69,6500.0,500.0,2.104,10.6841,1.0862,1.0303,0.86603,-0.5,3,6,1.549,0.184063,0.272386,SIMULADO_CONTROLADO
2.20665,6.27515,21.09891,2128.171,9000.0,2500.0,1.315,7.5038,1.2592,1.0342,-0.25882,0.96593,0,1,2.5886,0.294071,0.466697,SIMULADO_CONTROLADO
1.47299,2.94428,30.01727,4393.152,2200.0,7000.0,2.241,11.7728,1.4344,1.0862,0.5,-0.86603,1,2,1.8987,0.125118,0.228309,SIMULADO_CONTROLADO
4.73479,9.69449,29.30399,548.522,9000.0,1800.0,5.128,6.435,1.0,1.0524,-0.5,-0.86603,0,10,1.5986,0.735785,0.904631,SIMULADO_CONTROLADO
1.60184,3.42736,28.04202,956.027,1400.0,1800.0,5.818,11.0834,1.0,1.0437,0.0,-1.0,0,0,0.0,0.144526,0.171073,SIMULADO_CONTROLADO
2.12322,4.61989,27.57499,1186.152,2200.0,1800.0,4.913,13.4211,1.0334,1.0469,-0.25882,0.96593,0,1,2.137,0.1582,0.209908,SIMULADO_CONTROLADO
3.2337,4.88618,39.70822,307.7,2800.0,500.0,5.549,11.1328,1.2825,0.98,-0.5,-0.86603,2,6,5.8883,0.290465,0.436823,SIMULADO_CONTROLADO
9.30909,26.0281,21.45933,540.68,1400.0,2500.0,4.312,13.7637,1.1272,1.0526,0.5,0.86603,3,28,3.8223,0.67635,1.073257,SIMULADO_CONTROLADO
3.31638,7.00744,28.39595,159.223,2200.0,1200.0,3.885,13.0221,1.0441,0.9956,-0.86603,0.5,3,3,1.7114,0.254674,0.308561,SIMULADO_CONTROLADO
2.26451,3.66271,37.09562,661.686,2800.0,1800.0,6.343,11.1679,1.2747,1.0527,0.25882,0.96593,2,1,3.4874,0.202769,0.276932,SIMULADO_CONTROLADO
0.33456,0.98275,20.42596,205.112,4200.0,500.0,1.627,12.3192,1.313,1.0019,0.0,-1.0,3,1,3.8175,0.027158,0.046056,SIMULADO_CONTROLADO
1.92698,3.67634,31.44953,667.893,2800.0,7000.0,3.433,12.7533,1.157,1.0616,0.86603,-0.5,0,1,0.7317,0.151097,0.213862,SIMULADO_CONTROLADO
1.2697,3.23448,23.55313,897.336,900.0,1200.0,2.674,17.1405,1.0294,1.0281,0.25882,-0.96593,3,1,5.1401,0.074076,0.100405,SIMULADO_CONTROLADO
1.68448,5.41586,18.66165,234.401,2800.0,500.0,1.847,13.6376,1.2032,0.9835,-0.86603,0.5,3,5,2.8425,0.123517,0.180879,SIMULADO_CONTROLADO
1.51621,2.99067,30.41877,1222.571,6500.0,4000.0,4.41,8.8123,1.1227,1.0219,0.5,0.86603,0,3,1.8441,0.172056,0.215888,SIMULADO_CONTROLADO
3.21116,5.74875,33.51503,3589.951,900.0,7000.0,2.595,14.0807,1.1214,1.1343,0.25882,0.96593,1,3,5.8399,0.228054,0.348776,SIMULADO_CONTROLADO
1.89597,4.92461,23.09999,1031.775,9000.0,1800.0,3.654,6.8129,1.078,0.98,-0.70711,0.70711,3,5,0.0,0.278292,0.390412,SIMULADO_CONTROLADO
1.0306,2.21231,27.95078,43.735,900.0,500.0,1.924,14.0059,1.308,1.0425,1.0,0.0,1,1,0.0308,0.073583,0.10129,SIMULADO_CONTROLADO
4.00949,18.01576,13.35326,2592.634,900.0,7000.0,3.267,16.01,1.2,0.9895,0.5,-0.86603,3,6,3.8474,0.250436,0.358031,SIMULADO_CONTROLADO
0.73829,2.42726,18.24985,442.046,900.0,800.0,2.261,13.3012,1.3257,1.097,-0.25882,0.96593,3,2,3.9156,0.055505,0.101923,SIMULADO_CONTROLADO
2.18845,5.1456,25.51828,423.774,1400.0,800.0,5.954,11.9084,1.3738,1.0717,-0.96593,-0.25882,1,3,5.9583,0.183773,0.356309,SIMULADO_CONTROLADO
1.93754,4.78885,24.2756,810.511,2200.0,2500.0,3.969,11.0591,1.2334,1.0434,-0.70711,-0.70711,0,3,0.0,0.175198,0.265103,SIMULADO_CONTROLADO
2.78365,3.84957,43.38636,667.901,6500.0,1200.0,5.438,8.5567,1.079,1.0763,0.0,1.0,1,3,4.3033,0.325319,0.475927,SIMULADO_CONTROLADO
4.63174,9.25307,30.03374,161.136,4200.0,500.0,3.774,10.5929,1.3265,1.046,0.70711,-0.70711,0,6,0.0,0.43725,0.799909,SIMULADO_CONTROLADO
10.22987,17.84496,34.39581,1126.077,4200.0,2500.0,1.425,12.982,1.2345,1.0353,0.0,-1.0,1,9,3.3797,0.788002,1.264753,SIMULADO_CONTROLADO
2.26341,3.48544,38.96341,511.081,9000.0,800.0,4.881,4.6328,1.5765,1.0081,0.25882,0.96593,2,2,2.3635,0.488565,0.96577,SIMULADO_CONTROLADO
1.25271,2.06959,36.3176,2934.702,900.0,7000.0,1.453,16.0837,1.2096,1.0188,-0.70711,-0.70711,1,2,4.2848,0.077887,0.110767,SIMULADO_CONTROLADO
1.15501,3.14156,22.05931,522.715,1400.0,800.0,3.294,14.8136,1.2716,1.0141,-1.0,-0.0,0,2,2.0057,0.077969,0.126954,SIMULADO_CONTROLADO
1.15052,2.54604,27.11326,759.499,9000.0,7000.0,4.099,6.4097,1.2065,1.0355,0.86603,-0.5,1,2,4.6231,0.179497,0.281298,SIMULADO_CONTROLADO
2.71137,2.98079,54.57683,2286.682,6500.0,4000.0,5.333,8.1372,1.1441,0.98,-0.5,0.86603,2,1,0.761,0.333208,0.411607,SIMULADO_CONTROLADO
0.25349,0.6723,22.62299,400.992,900.0,800.0,5.963,13.5815,1.1186,1.0813,-0.5,0.86603,0,0,2.329,0.018664,0.026765,SIMULADO_CONTROLADO
0.69716,1.37669,30.38447,1448.906,1400.0,2500.0,2.286,13.4787,1.2071,1.1226,-0.96593,-0.25882,0,0,2.9048,0.051723,0.086186,SIMULADO_CONTROLADO
2.71317,7.31524,22.25358,4831.648,2200.0,7000.0,4.717,11.3871,1.2434,1.0156,0.96593,-0.25882,3,7,6.0211,0.238268,0.435501,SIMULADO_CONTROLADO
4.14587,13.51494,18.40572,44.673,900.0,500.0,3.692,15.0912,1.3447,1.0879,0.5,0.86603,0,8,4.2492,0.274722,0.467236,SIMULADO_CONTROLADO
4.16257,6.94235,35.9755,2450.922,4200.0,4000.0,5.268,9.987,1.2094,1.029,-0.86603,-0.5,1,8,2.9292,0.416797,0.64686,SIMULADO_CONTROLADO
2.34274,3.88755,36.15754,1401.841,4200.0,1800.0,6.181,10.5625,1.0859,1.0079,0.0,-1.0,0,2,3.8436,0.221797,0.310314,SIMULADO_CONTROLADO
3.78923,6.84272,33.22567,3246.128,2200.0,7000.0,4.025,14.8501,1.1077,1.0178,-0.96593,-0.25882,0,7,4.7809,0.255166,0.383574,SIMULADO_CONTROLADO
4.68608,7.03807,39.94915,564.931,1400.0,800.0,2.72,13.8275,1.0,1.0389,0.70711,-0.70711,1,2,3.2865,0.338897,0.456895,SIMULADO_CONTROLADO
1.58292,2.65835,35.72707,1743.565,2200.0,4000.0,5.432,11.6354,1.4258,1.0025,0.70711,0.70711,2,1,0.347,0.136043,0.19974,SIMULADO_CONTROLADO
4.36993,9.24882,28.34909,1504.02,9000.0,7000.0,3.992,5.8146,1.0734,1.0623,-0.70711,0.70711,0,3,3.8196,0.751544,1.026432,SIMULADO_CONTROLADO
0.48961,1.32593,22.15527,914.385,6500.0,1200.0,5.876,7.9025,1.3148,1.0116,-0.25882,0.96593,0,0,2.4405,0.061956,0.102477,SIMULADO_CONTROLADO
0.67878,1.37077,29.71076,188.891,9000.0,500.0,4.2,6.8469,1.2042,0.9867,-1.0,-0.0,0,0,1.7587,0.099136,0.149113,SIMULADO_CONTROLADO
1.65856,2.05328,48.46566,766.81,2800.0,1200.0,6.167,11.3909,1.2086,1.0341,0.0,1.0,2,1,0.851,0.145604,0.202538,SIMULADO_CONTROLADO
0.42688,1.69198,15.13764,2070.755,900.0,2500.0,1.293,18.0,1.1412,1.0038,-0.96593,0.25882,3,1,3.7166,0.023715,0.039186,SIMULADO_CONTROLADO
3.24796,6.31702,30.84958,1691.458,900.0,2500.0,5.116,14.3026,1.034,1.0203,-0.25882,0.96593,0,2,3.5752,0.227089,0.294752,SIMULADO_CONTROLADO
1.40084,2.04636,41.07325,1173.865,1400.0,1800.0,3.037,15.1705,1.005,1.0326,0.70711,-0.70711,1,2,0.4933,0.09234,0.12138,SIMULADO_CONTROLADO
1.95323,3.98821,29.38505,4042.585,2800.0,7000.0,4.744,12.0211,1.4366,0.98,0.0,-1.0,1,1,0.1772,0.162484,0.253074,SIMULADO_CONTROLADO
2.0086,3.28897,36.64235,1061.446,1400.0,2500.0,6.194,14.0267,1.1782,1.1006,0.0,1.0,1,2,6.4724,0.143198,0.215782,SIMULADO_CONTROLADO
1.62591,3.58891,27.18226,1613.025,2200.0,2500.0,4.666,12.4541,1.34,1.0716,-0.5,-0.86603,0,2,4.3073,0.130552,0.227405,SIMULADO_CONTROLADO
1.14434,2.6794,25.62536,1211.099,9000.0,7000.0,5.148,4.9101,1.3816,1.0066,-1.0,-0.0,0,0,2.6821,0.233057,0.401399,SIMULADO_CONTROLADO
3.13949,3.98554,47.2631,1963.38,900.0,7000.0,2.038,16.2695,1.0943,1.0341,0.86603,0.5,2,3,3.7731,0.192968,0.228019,SIMULADO_CONTROLADO
1.37686,2.43161,33.97417,585.712,900.0,1200.0,2.104,15.0846,1.2278,1.0636,-0.70711,-0.70711,1,2,1.5178,0.091276,0.127443,SIMULADO_CONTROLADO
1.9885,3.48968,34.18941,616.56,2200.0,1200.0,4.239,13.1867,1.1672,1.0444,1.0,0.0,1,1,2.138,0.150796,0.206247,SIMULADO_CONTROLADO
2.80363,4.76908,35.27262,2862.208,6500.0,4000.0,3.482,10.1113,1.0,1.1196,0.70711,0.70711,1,5,2.5451,0.277278,0.396828,SIMULADO_CONTROLADO
4.66007,12.89682,21.68009,731.816,6500.0,1800.0,1.789,9.8617,1.1303,1.0243,0.0,1.0,3,6,4.525,0.472543,0.690993,SIMULADO_CONTROLADO
4.41543,5.17043,51.23863,1094.594,2200.0,1800.0,5.06,12.3438,1.254,1.0885,-1.0,-0.0,2,8,0.0,0.357704,0.601518,SIMULADO_CONTROLADO
1.47806,2.76832,32.03512,1452.039,2200.0,2500.0,4.904,11.9505,1.0802,0.98,0.96593,0.25882,1,1,0.3575,0.123682,0.146221,SIMULADO_CONTROLADO
1.09437,2.43382,26.97895,1412.009,4200.0,2500.0,1.685,13.3156,1.108,0.9819,0.70711,0.70711,0,2,0.0,0.082187,0.09998,SIMULADO_CONTROLADO
5.30277,14.55794,21.85516,6002.33,9000.0,7000.0,1.458,6.9339,1.1323,1.1108,-0.25882,0.96593,3,6,4.2915,0.764762,1.408936,SIMULADO_CONTROLADO
1.37073,4.60968,17.84159,1089.262,1400.0,1200.0,3.208,14.0952,1.4978,1.0156,-0.96593,-0.25882,3,5,2.2881,0.097248,0.214107,SIMULADO_CONTROLADO
3.0513,7.00132,26.1491,1979.107,9000.0,4000.0,4.555,6.2947,1.0,0.9825,1.0,0.0,0,2,0.5756,0.484739,0.579327,SIMULADO_CONTROLADO
0.40268,1.67127,14.45657,384.226,6500.0,800.0,5.936,8.1682,1.2403,1.0329,-0.96593,-0.25882,3,1,2.0348,0.049299,0.083499,SIMULADO_CONTROLADO
0.24517,0.33727,43.61619,5514.406,1400.0,7000.0,3.503,15.2401,1.1195,1.0919,0.25882,-0.96593,2,0,1.1732,0.016087,0.022378,SIMULADO_CONTROLADO
2.26177,4.02776,33.69266,389.785,4200.0,500.0,1.646,11.9756,1.0575,1.0006,0.0,1.0,0,1,0.0,0.188864,0.236767,SIMULADO_CONTROLADO
1.78839,5.80647,18.47993,2152.695,4200.0,4000.0,5.654,11.9071,1.1155,1.0331,1.0,0.0,3,1,5.1467,0.150194,0.231811,SIMULADO_CONTROLADO
3.61446,10.00136,21.68384,220.627,900.0,500.0,1.862,14.9636,1.2668,0.98,-1.0,-0.0,0,2,2.1864,0.24155,0.368181,SIMULADO_CONTROLADO
1.15577,2.17176,31.93091,5827.569,2200.0,7000.0,4.578,13.1847,1.2759,1.0139,-0.96593,-0.25882,0,1,5.1952,0.08766,0.155425,SIMULADO_CONTROLADO
2.65427,7.14855,22.27809,1515.987,1400.0,7000.0,3.391,13.8534,1.1898,1.0799,0.70711,-0.70711,0,4,0.0,0.191597,0.283513,SIMULADO_CONTROLADO
3.48223,6.36332,32.83408,2757.903,900.0,4000.0,6.021,15.9024,1.3348,0.9997,-0.25882,0.96593,1,4,3.559,0.218974,0.360404,SIMULADO_CONTROLADO
1.19535,1.60784,44.60702,2670.656,2800.0,4000.0,4.936,11.558,1.363,0.98,0.0,-1.0,2,1,0.0,0.103422,0.161858,SIMULADO_CONTROLADO
1.65706,2.7161,36.60538,620.775,4200.0,1800.0,1.201,11.9474,1.2906,1.0001,0.0,1.0,1,0,7.6353,0.138696,0.211439,SIMULADO_CONTROLADO
0.80956,2.1452,22.64287,257.215,2800.0,800.0,3.176,12.9087,1.0726,1.0076,-0.25882,0.96593,0,1,0.0,0.062714,0.077077,SIMULADO_CONTROLADO
3.70434,10.40666,21.3575,1209.466,900.0,7000.0,2.156,14.8098,1.2391,1.0694,0.0,1.0,0,7,6.2716,0.250127,0.404634,SIMULADO_CONTROLADO
3.16795,8.89339,21.37283,597.094,6500.0,1800.0,2.703,9.6612,1.2399,1.0521,-0.5,0.86603,3,4,2.4584,0.327905,0.545695,SIMULADO_CONTROLADO
3.33525,6.25365,31.99973,1095.172,900.0,4000.0,3.314,16.0834,1.0295,1.0608,0.25882,0.96593,3,10,2.1162,0.207372,0.288847,SIMULADO_CONTROLADO
1.78272,4.87217,21.95396,421.972,2200.0,2500.0,4.069,13.1456,1.0,1.0363,0.70711,-0.70711,3,2,3.7376,0.135614,0.175926,SIMULADO_CONTROLADO
3.13006,6.70117,28.02555,1357.868,2800.0,2500.0,5.431,11.977,1.0,1.0071,0.25882,0.96593,0,4,0.5302,0.26134,0.318317,SIMULADO_CONTROLADO
1.90691,4.96928,23.02435,555.486,9000.0,1200.0,1.658,6.9789,1.1712,1.0001,-0.96593,-0.25882,3,6,4.1487,0.273239,0.452491,SIMULADO_CONTROLADO
5.90679,7.38037,48.02026,945.937,6500.0,1200.0,3.538,8.3019,1.2077,1.0545,0.96593,-0.25882,2,10,4.3025,0.7115,1.267377,SIMULADO_CONTROLADO
2.12898,2.21304,57.72102,811.202,1400.0,1800.0,5.709,13.1469,1.0,1.1065,0.0,-1.0,2,2,2.525,0.161938,0.195135,SIMULADO_CONTROLADO
4.24463,13.2536,19.21574,1896.127,2200.0,2500.0,3.491,13.2384,1.3274,0.9927,0.86603,0.5,0,4,3.0251,0.320631,0.544463,SIMULADO_CONTROLADO
1.79045,5.65991,18.98035,2007.594,9000.0,4000.0,3.952,7.6294,1.1844,0.9892,-0.96593,0.25882,3,4,6.5523,0.234678,0.423123,SIMULADO_CONTROLADO
5.10182,9.75268,31.3872,566.061,1400.0,800.0,5.327,12.0521,1.3759,0.9839,0.25882,-0.96593,1,7,3.8675,0.423313,0.721357,SIMULADO_CONTROLADO
1.09195,2.2094,29.65381,511.284,9000.0,800.0,4.978,7.5052,1.2193,1.0724,0.96593,-0.25882,0,2,0.8574,0.145493,0.240728,SIMULADO_CONTROLADO
2.898,5.98636,29.04606,180.738,2800.0,500.0,3.903,12.2675,1.0,1.0331,0.0,1.0,0,5,4.0761,0.236235,0.290106,SIMULADO_CONTROLADO
1.28101,2.26293,33.96508,970.011,4200.0,1800.0,6.326,10.1317,1.2333,1.06,0.25882,-0.96593,1,0,1.3703,0.126435,0.194549,SIMULADO_CONTROLADO
2.57242,7.88674,19.5702,815.865,4200.0,2500.0,1.392,10.8958,1.2672,1.0121,-0.96593,-0.25882,0,3,0.9637,0.236092,0.361194,SIMULADO_CONTROLADO
1.37618,1.77122,46.61812,59.423,9000.0,800.0,1.489,8.0043,1.0724,1.0628,0.5,0.86603,1,2,3.5766,0.17193,0.213111,SIMULADO_CONTROLADO
2.12271,2.98853,42.61705,702.637,4200.0,2500.0,3.465,10.0882,1.0,1.0221,0.0,-1.0,1,3,0.3803,0.210416,0.227024,SIMULADO_CONTROLADO
1.54194,3.61836,25.56867,246.597,2200.0,500.0,2.037,14.3316,1.176,0.98,-0.5,0.86603,3,1,2.5974,0.10759,0.15104,SIMULADO_CONTROLADO
3.39701,6.76705,30.11959,5584.461,4200.0,7000.0,2.347,12.0745,1.0,1.0765,-0.86603,0.5,0,7,3.9149,0.281338,0.423,SIMULADO_CONTROLADO
2.9843,4.32445,41.40601,1103.783,4200.0,2500.0,1.995,11.5113,1.3393,1.0334,-0.70711,0.70711,2,4,6.5104,0.259249,0.414188,SIMULADO_CONTROLADO
1.24393,4.43392,16.83291,1818.398,4200.0,2500.0,4.87,8.1304,1.0949,1.021,-0.70711,0.70711,3,1,3.8405,0.152998,0.23071,SIMULADO_CONTROLADO
1.21464,8.27484,8.8072,1313.572,900.0,2500.0,3.433,17.148,1.4359,1.0477,1.0,0.0,3,1,0.0,0.070832,0.12669,SIMULADO_CONTROLADO
1.01245,2.02439,30.00762,598.638,9000.0,1200.0,5.621,4.2055,1.0,0.98,0.70711,0.70711,3,2,0.0,0.240747,0.293103,SIMULADO_CONTROLADO
0.84618,1.97535,25.70224,3103.096,1400.0,7000.0,2.527,14.7901,1.1816,1.0544,-0.25882,-0.96593,0,1,6.1253,0.057213,0.08721,SIMULADO_CONTROLADO
3.55693,11.33495,18.82812,2825.17,4200.0,4000.0,4.504,9.8974,1.3887,1.0082,-0.96593,-0.25882,3,5,1.1681,0.359382,0.655115,SIMULADO_CONTROLADO
0.96333,2.95311,19.57257,405.52,2800.0,800.0,2.331,14.4085,1.0176,1.028,0.70711,-0.70711,3,1,0.0,0.066859,0.09422,SIMULADO_CONTROLADO
2.72955,4.90228,33.40755,1674.065,900.0,7000.0,1.277,15.0701,1.1345,1.0863,0.96593,0.25882,1,2,0.39,0.181124,0.244419,SIMULADO_CONTROLADO
1.43829,2.02637,42.58737,3577.42,9000.0,4000.0,4.851,4.9146,1.0955,1.0639,0.70711,0.70711,1,1,4.1677,0.29266,0.459067,SIMULADO_CONTROLADO
4.16189,4.21018,59.31175,255.462,900.0,1200.0,1.971,15.9271,1.0506,1.0271,0.0,-1.0,2,6,2.737,0.261308,0.303048,SIMULADO_CONTROLADO
6.85644,12.64248,32.54002,1984.38,9000.0,7000.0,4.877,4.2789,1.1991,1.0305,0.25882,0.96593,1,5,3.8594,1.602379,2.405132,SIMULADO_CONTROLADO
0.08,0.10742,44.68593,478.268,9000.0,800.0,4.861,5.3168,1.0,0.98,-0.86603,-0.5,1,0,2.4307,0.015047,0.01842,SIMULADO_CONTROLADO
1.08017,2.86179,22.64682,937.357,4200.0,2500.0,4.741,11.4948,1.1422,0.998,-0.96593,0.25882,3,1,0.184,0.093971,0.134114,SIMULADO_CONTROLADO
1.41934,4.33658,19.63765,2081.226,9000.0,2500.0,4.337,7.8564,1.2426,1.0425,-0.96593,0.25882,3,4,0.0,0.18066,0.322674,SIMULADO_CONTROLADO
1.83063,2.45602,44.72177,4168.292,6500.0,7000.0,5.89,6.6946,1.1256,1.0006,1.0,0.0,1,4,0.7474,0.27345,0.357864,SIMULADO_CONTROLADO
1.74494,4.51526,23.18719,826.726,9000.0,1800.0,1.601,6.5457,1.0,0.98,0.5,0.86603,3,2,2.7557,0.266576,0.329897,SIMULADO_CONTROLADO
0.66956,1.0957,36.66504,4127.528,6500.0,7000.0,6.139,8.1602,1.3248,1.0566,0.0,-1.0,1,1,0.0145,0.082053,0.135638,SIMULADO_CONTROLADO
6.94798,19.75236,21.10526,114.977,9000.0,800.0,1.55,4.9058,1.2768,1.0938,-0.96593,-0.25882,3,20,4.5641,1.416291,2.825154,SIMULADO_CONTROLADO
1.79467,1.96023,54.93244,3797.787,6500.0,4000.0,3.825,10.4078,1.0,1.0025,-0.70711,0.70711,2,3,0.3999,0.172435,0.208379,SIMULADO_CONTROLADO
2.97492,3.75874,47.48807,471.195,9000.0,800.0,6.093,4.2,1.0,1.0744,0.5,0.86603,1,3,0.0,0.708315,0.93742,SIMULADO_CONTROLADO
3.03967,5.89626,30.93154,1265.187,900.0,7000.0,2.625,14.3937,1.0077,1.0676,0.0,1.0,0,6,2.5014,0.211181,0.255162,SIMULADO_CONTROLADO
0.53076,0.72853,43.71153,2703.659,2200.0,4000.0,5.641,12.5746,1.2472,0.991,0.70711,0.70711,2,0,4.0975,0.042208,0.059177,SIMULADO_CONTROLADO
1.61257,2.39498,40.39883,1165.072,2800.0,2500.0,4.344,12.3067,1.2041,1.0023,-0.25882,-0.96593,1,1,5.6344,0.131032,0.192206,SIMULADO_CONTROLADO
3.55678,7.53616,28.3177,177.591,9000.0,500.0,5.764,4.2497,1.2864,1.1161,0.70711,0.70711,0,8,0.0,0.836942,1.499911,SIMULADO_CONTROLADO
5.32003,10.01004,31.88816,332.097,2800.0,1800.0,1.457,15.6099,1.1078,0.9847,-0.5,0.86603,0,12,5.4897,0.340811,0.435484,SIMULADO_CONTROLADO
1.63953,10.7495,9.1513,83.0,2800.0,800.0,4.146,9.2439,1.012,1.0076,0.86603,-0.5,3,1,2.8892,0.177363,0.208848,SIMULADO_CONTROLADO
0.63419,1.53967,24.71376,1698.288,6500.0,7000.0,2.2,8.1637,1.307,1.1235,-0.96593,0.25882,0,0,1.1959,0.077684,0.131756,SIMULADO_CONTROLADO
1.32323,3.28325,24.18137,407.846,4200.0,1200.0,1.296,11.4528,1.0714,1.0094,0.96593,-0.25882,3,5,3.9297,0.115537,0.164846,SIMULADO_CONTROLADO
1.58442,4.55474,20.87164,1378.501,4200.0,4000.0,4.851,9.4772,1.1898,1.0959,0.96593,0.25882,3,3,5.3463,0.167182,0.284537,SIMULADO_CONTROLADO
1.53737,2.84355,32.43912,2987.984,9000.0,7000.0,5.173,7.1355,1.0,0.989,0.5,0.86603,0,2,0.0,0.215455,0.268118,SIMULADO_CONTROLADO
1.01342,1.15818,52.50035,360.308,6500.0,500.0,5.102,6.2139,1.0688,1.0412,0.86603,0.5,2,0,1.595,0.163088,0.218328,SIMULADO_CONTROLADO
0.56945,0.77073,44.33049,1096.119,4200.0,4000.0,5.053,12.3951,1.3215,1.0839,-1.0,-0.0,2,0,1.3562,0.045941,0.07889,SIMULADO_CONTROLADO
0.80239,1.23115,39.10431,657.935,9000.0,1200.0,5.44,5.2184,1.0454,1.014,-1.0,-0.0,1,1,3.8146,0.153762,0.211495,SIMULADO_CONTROLADO
1.33265,1.64465,48.61779,84.88,900.0,500.0,3.689,12.8069,1.2903,1.0395,-0.86603,-0.5,2,2,5.5661,0.104057,0.156122,SIMULADO_CONTROLADO
3.51604,4.67603,45.11578,433.095,2800.0,800.0,3.042,10.3099,1.0,1.0685,0.25882,0.96593,1,4,2.6541,0.341034,0.422546,SIMULADO_CONTROLADO
4.46938,6.47671,41.40421,803.937,900.0,1800.0,5.286,13.4631,1.0705,0.9944,0.96593,-0.25882,1,7,1.8864,0.331973,0.411001,SIMULADO_CONTROLADO
2.29924,3.53203,39.05819,807.078,6500.0,4000.0,4.732,7.5281,1.1326,1.1358,-0.5,-0.86603,1,1,3.4353,0.30542,0.437777,SIMULADO_CONTROLADO
0.8236,2.24572,22.00464,812.412,900.0,2500.0,2.26,15.3668,1.4388,1.0817,-0.5,0.86603,3,2,2.0076,0.053596,0.098416,SIMULADO_CONTROLADO
1.39582,1.41739,59.08675,256.646,2800.0,800.0,3.507,12.0811,1.0,1.0189,0.96593,0.25882,2,0,0.0,0.115537,0.135023,SIMULADO_CONTROLADO
0.25968,0.47664,32.68869,319.28,6500.0,1200.0,2.166,10.6725,1.2674,1.0244,0.86603,0.5,1,0,3.5858,0.024332,0.035841,SIMULADO_CONTROLADO
5.3879,14.19685,22.77083,985.309,4200.0,1200.0,5.328,10.2313,1.3291,1.121,-0.86603,0.5,3,17,4.5699,0.526608,1.109301,SIMULADO_CONTROLADO
1.22351,2.98058,24.62969,1555.093,900.0,4000.0,2.51,14.4619,1.0446,1.019,0.25882,-0.96593,3,3,4.7548,0.084603,0.115031,SIMULADO_CONTROLADO
2.80029,5.52869,30.3901,674.032,2800.0,1800.0,4.5,13.3428,1.1002,1.0138,0.70711,-0.70711,3,3,0.0724,0.209873,0.286686,SIMULADO_CONTROLADO
4.25992,5.02189,50.89622,279.242,6500.0,500.0,5.097,8.48,1.1827,1.0866,0.70711,-0.70711,2,8,3.775,0.502352,0.833497,SIMULADO_CONTROLADO
6.38994,9.70683,39.49756,145.472,9000.0,500.0,6.456,6.0246,1.0,0.98,0.70711,-0.70711,1,3,5.7188,1.060644,1.35719,SIMULADO_CONTROLADO
3.78623,7.02932,32.31804,446.53,9000.0,500.0,3.496,7.8053,1.0872,1.0315,0.25882,-0.96593,3,3,7.8143,0.485081,0.762369,SIMULADO_CONTROLADO
1.52973,4.10122,22.37961,3170.937,6500.0,7000.0,5.824,7.5266,1.3642,1.0388,-0.96593,0.25882,1,3,3.5058,0.203242,0.382016,SIMULADO_CONTROLADO
3.07217,5.07494,36.32166,1367.117,2200.0,1800.0,4.721,12.7214,1.2436,1.0033,-0.86603,-0.5,1,2,4.5661,0.241496,0.385562,SIMULADO_CONTROLADO
6.23602,10.93334,34.22203,764.716,6500.0,1800.0,1.245,10.9524,1.1349,0.98,0.5,0.86603,1,8,0.4155,0.569374,0.762843,SIMULADO_CONTROLADO
1.21381,2.53322,28.74948,3241.28,1400.0,4000.0,3.274,11.186,1.1781,1.0381,0.70711,0.70711,3,4,0.1409,0.108512,0.181236,SIMULADO_CONTROLADO
0.54082,0.72257,44.90781,321.041,2200.0,800.0,3.289,13.1979,1.2529,1.066,-0.5,-0.86603,2,0,4.5734,0.040978,0.059788,SIMULADO_CONTROLADO
1.02046,2.0723,29.54566,248.37,1400.0,500.0,1.834,14.5049,1.2836,1.0044,-0.86603,0.5,1,2,0.0,0.070353,0.104755,SIMULADO_CONTROLADO
2.9287,4.606,38.15067,603.182,2800.0,800.0,3.517,13.0664,1.071,0.9819,-0.25882,0.96593,1,4,2.8262,0.22414,0.292776,SIMULADO_CONTROLADO
1.56127,3.4662,27.0257,77.863,9000.0,800.0,1.817,6.2209,1.4056,1.0915,-0.70711,0.70711,1,1,5.5043,0.250972,0.430328,SIMULADO_CONTROLADO
1.97613,3.04763,38.90484,2769.545,9000.0,4000.0,5.628,6.7821,1.3706,1.0588,-0.70711,-0.70711,2,2,3.9964,0.291372,0.506386,SIMULADO_CONTROLADO
3.28362,6.19571,31.799,1828.224,9000.0,4000.0,3.118,5.7116,1.2684,1.0187,0.96593,0.25882,1,4,3.9827,0.574908,0.975055,SIMULADO_CONTROLADO
1.00064,1.18543,50.6473,1063.693,9000.0,2500.0,2.171,6.4724,1.0251,1.0764,0.25882,0.96593,2,2,2.3961,0.154601,0.203915,SIMULADO_CONTROLADO
1.9025,2.64971,43.08026,3907.272,900.0,7000.0,4.39,13.3274,1.0,1.0459,-0.96593,-0.25882,1,3,1.6392,0.142752,0.188374,SIMULADO_CONTROLADO
1.37606,2.09129,39.47981,714.036,9000.0,1800.0,5.745,6.8905,1.1077,1.1155,-0.70711,0.70711,1,1,7.025,0.199703,0.295133,SIMULADO_CONTROLADO
6.07198,20.95308,17.38737,433.317,9000.0,800.0,6.155,4.2,1.1697,1.0649,0.70711,-0.70711,3,17,5.0907,1.44571,2.813059,SIMULADO_CONTROLADO
3.70535,6.28613,35.36692,862.344,6500.0,1200.0,5.94,9.9714,1.0,0.98,0.70711,0.70711,1,5,4.2771,0.371598,0.457766,SIMULADO_CONTROLADO
1.56989,3.70055,25.45395,162.443,900.0,500.0,5.875,15.2243,1.2392,1.0054,-0.96593,-0.25882,0,2,2.5585,0.103117,0.164643,SIMULADO_CONTROLADO
1.5004,2.73842,32.87452,4233.15,6500.0,7000.0,3.045,8.4521,1.366,1.0075,0.86603,-0.5,1,0,1.2733,0.177519,0.317292,SIMULADO_CONTROLADO
6.52849,8.3623,46.84231,2299.605,4200.0,2500.0,3.879,12.2869,1.2522,1.0489,-0.70711,-0.70711,2,6,4.7672,0.531338,0.917501,SIMULADO_CONTROLADO
6.18096,12.06968,30.72637,2503.417,900.0,4000.0,3.168,14.8305,1.0518,1.0213,0.86603,0.5,0,6,1.8555,0.416772,0.567645,SIMULADO_CONTROLADO
2.91496,3.72494,46.95326,385.829,1400.0,800.0,6.088,14.8439,1.0329,0.9843,0.86603,-0.5,1,4,2.6653,0.196375,0.243826,SIMULADO_CONTROLADO
2.04644,4.26,28.82319,3214.1,6500.0,4000.0,1.692,10.8794,1.208,1.0615,-0.96593,-0.25882,0,1,3.793,0.188103,0.334817,SIMULADO_CONTROLADO
0.68156,0.69127,59.15734,694.123,1400.0,1200.0,4.138,16.3697,1.1355,1.08,-0.86603,0.5,2,0,2.9399,0.041636,0.060394,SIMULADO_CONTROLADO
1.02844,1.08094,57.08583,1155.544,2200.0,1800.0,2.509,11.7966,1.2309,1.0304,1.0,0.0,2,2,5.755,0.087181,0.132847,SIMULADO_CONTROLADO
0.63235,2.94853,12.86768,1121.718,4200.0,2500.0,5.707,10.4615,1.2563,1.0444,-0.96593,0.25882,3,0,0.0,0.060445,0.097234,SIMULADO_CONTROLADO
4.37567,11.5763,22.67913,2210.864,9000.0,7000.0,2.998,4.582,1.3347,0.9915,1.0,0.0,1,6,2.6414,0.954962,1.576644,SIMULADO_CONTROLADO
0.6919,1.66252,24.97043,815.429,1400.0,1800.0,5.778,12.3777,1.0,1.0115,-0.96593,-0.25882,3,0,6.9899,0.055899,0.072904,SIMULADO_CONTROLADO
1.48498,3.28633,27.11189,1993.267,900.0,2500.0,6.119,16.0462,1.1955,1.0133,0.70711,-0.70711,0,2,4.3838,0.092544,0.149868,SIMULADO_CONTROLADO
0.3238,0.86787,22.3857,1230.912,6500.0,2500.0,2.111,10.1117,1.1018,1.0601,-0.86603,-0.5,3,0,2.0862,0.032022,0.045876,SIMULADO_CONTROLADO
0.48691,0.57416,50.88207,643.303,9000.0,1200.0,5.198,6.8426,1.1442,1.0465,1.0,0.0,2,1,4.1775,0.071159,0.091856,SIMULADO_CONTROLADO
3.38909,11.18826,18.1749,3062.015,6500.0,7000.0,3.055,9.742,1.2983,1.0202,0.25882,0.96593,3,5,2.3998,0.347884,0.591369,SIMULADO_CONTROLADO
2.60319,9.62632,16.22549,4165.756,2800.0,7000.0,3.337,13.2387,1.3157,1.0184,-1.0,-0.0,3,9,5.5794,0.196635,0.403374,SIMULADO_CONTROLADO
2.10267,3.35751,37.57547,894.714,6500.0,1200.0,2.654,8.6788,1.3838,0.98,0.0,1.0,2,0,4.2246,0.242277,0.400185,SIMULADO_CONTROLADO
1.50725,2.70774,33.39865,3458.756,900.0,7000.0,4.468,13.2389,1.2281,1.1073,0.0,-1.0,1,3,0.6803,0.11385,0.194232,SIMULADO_CONTROLADO
0.42295,0.49259,51.51842,536.679,4200.0,1800.0,3.019,10.7826,1.1424,0.98,0.25882,0.96593,2,0,3.0006,0.039226,0.047414,SIMULADO_CONTROLADO
1.34806,3.96807,20.38365,3385.706,4200.0,4000.0,5.125,7.2172,1.1195,1.054,-0.25882,-0.96593,3,1,3.3791,0.186786,0.295453,SIMULADO_CONTROLADO
1.81517,4.5676,23.84413,356.814,4200.0,1800.0,5.326,10.3049,1.0,1.0367,0.5,0.86603,3,6,3.483,0.176148,0.222249,SIMULADO_CONTROLADO
3.23003,9.46706,20.47118,2253.142,4200.0,4000.0,3.294,11.6054,1.3744,1.023,0.70711,0.70711,3,5,3.1694,0.278321,0.507701,SIMULADO_CONTROLADO
4.2133,9.62361,26.26851,6434.04,9000.0,7000.0,1.225,6.7056,1.1085,1.0346,-0.25882,0.96593,0,6,3.686,0.628323,1.004596,SIMULADO_CONTROLADO
3.46345,4.25939,48.78796,342.093,6500.0,1200.0,1.55,9.6456,1.2409,1.0052,-0.70711,0.70711,2,6,3.38,0.359071,0.538729,SIMULADO_CONTROLADO
2.59188,7.78757,19.96936,1250.262,900.0,2500.0,2.651,15.537,1.2686,1.0644,0.5,-0.86603,0,3,0.9855,0.16682,0.256895,SIMULADO_CONTROLADO
2.07843,2.47164,50.45454,783.081,4200.0,1800.0,6.256,11.0468,1.0,0.98,0.86603,-0.5,2,1,1.5414,0.188148,0.215098,SIMULADO_CONTROLADO
2.40855,5.57629,25.91562,1631.872,6500.0,4000.0,3.287,7.5834,1.0123,1.0498,-0.86603,-0.5,3,8,1.9663,0.317608,0.443436,SIMULADO_CONTROLADO
1.27448,3.3347,22.93119,132.114,2800.0,800.0,5.144,10.9313,1.4075,1.0045,0.70711,-0.70711,0,2,2.7006,0.11659,0.204136,SIMULADO_CONTROLADO
2.21486,3.1545,42.12771,442.272,4200.0,4000.0,6.161,10.931,1.2065,1.0158,0.70711,0.70711,2,4,1.9731,0.202622,0.244079,SIMULADO_CONTROLADO
1.80709,3.76447,28.80223,1318.089,900.0,2500.0,3.011,15.4519,1.0671,1.017,0.96593,0.25882,3,5,4.816,0.116949,0.154868,SIMULADO_CONTROLADO
8.27933,16.76334,29.63372,919.738,1400.0,1800.0,4.175,15.3346,1.1398,1.0276,-0.5,-0.86603,3,25,0.4837,0.539912,0.847921,SIMULADO_CONTROLADO
2.45361,5.08035,28.97761,579.546,9000.0,1200.0,5.717,6.9907,1.3338,1.0576,-0.25882,0.96593,1,3,0.0,0.350981,0.607863,SIMULADO_CONTROLADO
0.2338,0.48609,28.85888,498.467,900.0,2500.0,4.458,16.9916,1.3095,1.0334,-0.70711,-0.70711,0,0,6.6304,0.01376,0.02098,SIMULADO_CONTROLADO
1.443,5.59612,15.47147,611.911,9000.0,1200.0,1.795,6.841,1.0,1.077,-0.5,-0.86603,3,4,0.7832,0.210933,0.298929,SIMULADO_CONTROLADO
1.65539,4.53704,21.89169,118.223,1400.0,500.0,5.279,15.1188,1.4215,1.082,-1.0,-0.0,3,5,4.8108,0.109492,0.230896,SIMULADO_CONTROLADO
3.79161,5.92326,38.40729,247.662,6500.0,7000.0,5.992,6.6997,1.3146,1.0489,0.25882,0.96593,2,7,3.778,0.565935,0.858932,SIMULADO_CONTROLADO
2.68518,6.21594,25.91901,768.412,1400.0,1800.0,5.275,16.0993,1.1356,1.0657,-0.5,-0.86603,3,9,0.8572,0.166789,0.249308,SIMULADO_CONTROLADO
2.58811,5.93719,26.1549,386.851,900.0,800.0,5.188,14.3108,1.0,1.1261,0.86603,0.5,0,1,2.2208,0.18085,0.24229,SIMULADO_CONTROLADO
4.99906,7.29405,41.12172,547.486,4200.0,800.0,5.205,11.1081,1.3286,0.98,0.5,-0.86603,2,4,1.9079,0.450038,0.695669,SIMULADO_CONTROLADO
6.1999,17.69134,21.0269,1577.37,6500.0,4000.0,4.446,9.687,1.2362,1.0834,0.25882,-0.96593,0,4,3.2484,0.640022,1.055936,SIMULADO_CONTROLADO
3.38561,8.41338,24.14448,718.34,900.0,1200.0,2.513,13.3425,1.0,1.1045,-0.96593,-0.25882,3,9,0.8884,0.253746,0.377485,SIMULADO_CONTROLADO
1.53402,1.63479,56.30143,412.585,1400.0,800.0,6.027,11.5979,1.1229,1.0545,0.86603,0.5,2,1,2.1293,0.132266,0.172031,SIMULADO_CONTROLADO
1.5714,6.44599,14.62679,1189.323,2200.0,1800.0,1.883,14.0914,1.6602,1.1207,-0.5,0.86603,3,1,2.4218,0.111515,0.252695,SIMULADO_CONTROLADO
4.57543,4.92446,55.74733,108.45,9000.0,500.0,5.585,5.9018,1.1626,1.1148,-0.5,-0.86603,2,7,4.8138,0.775264,1.198393,SIMULADO_CONTROLADO
1.56758,3.44936,27.26731,1532.205,2200.0,1800.0,3.105,15.902,1.0413,1.0198,0.86603,-0.5,0,1,1.6367,0.098578,0.132771,SIMULADO_CONTROLADO
1.97297,3.29129,35.96706,177.337,900.0,500.0,4.771,12.8139,1.0,1.0233,0.96593,-0.25882,0,2,0.4511,0.153971,0.182735,SIMULADO_CONTROLADO
1.41786,3.76549,22.59245,595.973,9000.0,4000.0,5.467,7.3881,1.4435,1.0589,0.5,0.86603,1,1,1.3561,0.191912,0.312831,SIMULADO_CONTROLADO
0.81039,1.17722,41.30398,745.451,900.0,1800.0,5.433,13.3367,1.2956,1.0069,0.86603,-0.5,2,0,3.2708,0.060764,0.090319,SIMULADO_CONTROLADO
7.86225,24.17513,19.51323,535.286,2800.0,800.0,2.054,12.9402,1.3852,1.157,0.5,0.86603,0,10,0.0,0.607581,1.228,SIMULADO_CONTROLADO
1.98322,4.40891,26.9892,923.078,1400.0,1800.0,4.438,13.4063,1.1997,1.0705,-1.0,-0.0,3,2,5.0144,0.147931,0.24272,SIMULADO_CONTROLADO
5.47963,14.42678,22.78939,400.114,1400.0,800.0,2.337,14.1819,1.3606,1.0371,-0.96593,0.25882,0,6,2.5413,0.386381,0.690846,SIMULADO_CONTROLADO
1.58464,2.91183,32.65253,175.599,6500.0,1200.0,1.794,10.2765,1.0243,0.98,0.0,-1.0,1,1,3.4098,0.154201,0.17349,SIMULADO_CONTROLADO
1.22293,3.65885,20.05428,311.288,900.0,500.0,3.922,13.8612,1.186,1.0463,-0.25882,0.96593,0,2,2.9603,0.088226,0.125726,SIMULADO_CONTROLADO
3.18779,6.21457,30.77728,269.318,4200.0,2500.0,6.434,8.2122,1.2059,0.9816,0.5,0.86603,1,2,1.0985,0.388177,0.480397,SIMULADO_CONTROLADO
4.20104,7.38217,34.14473,318.918,2800.0,7000.0,6.403,10.9974,1.3812,1.0692,-0.70711,0.70711,1,4,0.2274,0.382004,0.632888,SIMULADO_CONTROLADO
4.3859,9.40084,27.99264,210.603,6500.0,1800.0,4.239,9.1404,1.211,0.98,0.86603,-0.5,0,8,1.029,0.479837,0.682123,SIMULADO_CONTROLADO
1.79633,2.12629,50.6892,63.534,1400.0,500.0,5.293,11.5356,1.0599,1.0973,-1.0,-0.0,2,1,0.0,0.155721,0.197945,SIMULADO_CONTROLADO
3.423,10.71424,19.16888,248.106,2200.0,500.0,2.523,14.3627,1.1703,1.0159,-0.70711,0.70711,3,7,3.2313,0.238325,0.355868,SIMULADO_CONTROLADO
1.33712,2.87908,27.86555,2107.941,900.0,4000.0,2.389,16.4415,1.0,0.98,0.70711,0.70711,3,4,2.1582,0.081326,0.100019,SIMULADO_CONTROLADO
2.19374,3.51168,37.48191,138.138,9000.0,1200.0,4.945,7.5509,1.0,1.0343,-0.86603,0.5,1,0,0.0,0.290528,0.317299,SIMULADO_CONTROLADO
1.66332,4.71523,21.16534,815.871,9000.0,1200.0,5.366,5.9906,1.293,1.0358,-0.25882,0.96593,3,6,1.2053,0.277656,0.466568,SIMULADO_CONTROLADO
1.46927,3.64034,24.2165,92.434,2800.0,500.0,5.132,9.7251,1.1,1.0321,-1.0,-0.0,3,3,3.8695,0.15108,0.21205,SIMULADO_CONTROLADO
2.2623,6.38479,21.25954,423.59,2800.0,2500.0,1.754,14.1879,1.1182,1.0971,0.70711,0.70711,3,6,5.2153,0.159453,0.242678,SIMULADO_CONTROLADO
0.79064,1.3922,34.07453,458.728,900.0,500.0,3.088,15.8709,1.293,1.0521,-0.86603,0.5,1,1,0.0,0.049817,0.083427,SIMULADO_CONTROLADO
3.9691,12.88795,18.47821,1846.865,9000.0,7000.0,1.434,6.5188,1.3835,1.0708,1.0,0.0,3,13,7.0389,0.608871,1.240465,SIMULADO_CONTROLADO
1.47414,1.91663,46.14801,427.591,6500.0,800.0,5.367,7.9978,1.2455,1.0238,0.5,0.86603,2,1,0.4852,0.184319,0.258524,SIMULADO_CONTROLADO
3.84158,15.27194,15.09272,246.996,900.0,500.0,2.852,15.3968,1.4685,1.0542,-0.70711,-0.70711,0,5,0.0,0.249505,0.469285,SIMULADO_CONTROLADO
0.95086,1.57092,36.31723,1748.964,2800.0,2500.0,3.478,14.7798,1.2404,0.98,0.5,0.86603,1,1,6.1907,0.064335,0.093955,SIMULADO_CONTROLADO
1.46997,1.77737,49.62286,538.623,1400.0,1200.0,4.268,13.3723,1.2084,1.0466,-0.25882,-0.96593,2,2,0.3142,0.109926,0.147194,SIMULADO_CONTROLADO
0.78816,1.79699,26.31588,857.189,4200.0,2500.0,1.203,13.3282,1.1985,1.0009,0.0,1.0,0,1,5.7,0.059135,0.081934,SIMULADO_CONTROLADO
0.76077,1.02795,44.40486,453.306,4200.0,500.0,3.077,11.795,1.0,1.0944,-0.96593,-0.25882,1,0,1.1037,0.064499,0.08982,SIMULADO_CONTROLADO
1.06568,3.43744,18.60127,1339.107,2200.0,7000.0,5.055,12.7647,1.313,1.0384,0.70711,0.70711,3,2,1.8845,0.083486,0.130609,SIMULADO_CONTROLADO
0.96403,1.72326,33.56533,485.856,2800.0,1200.0,2.716,14.5743,1.0,1.0648,-0.86603,-0.5,0,1,0.0,0.066146,0.081153,SIMULADO_CONTROLADO
0.79435,1.20194,39.65324,2949.558,4200.0,4000.0,4.224,9.9017,1.0662,1.0468,-0.96593,0.25882,1,0,5.1826,0.080223,0.110956,SIMULADO_CONTROLADO
2.083,5.89841,21.18876,3470.738,1400.0,7000.0,6.379,13.0059,1.1637,1.1163,0.5,0.86603,0,3,4.8942,0.160158,0.248691,SIMULADO_CONTROLADO
3.14425,3.33956,56.49098,259.986,900.0,1800.0,1.826,15.3108,1.0336,0.98,0.0,1.0,2,2,1.113,0.205361,0.208388,SIMULADO_CONTROLADO
3.26006,9.29495,21.04407,532.815,2200.0,1200.0,2.622,11.8119,1.0877,1.0299,-0.70711,0.70711,0,5,2.3427,0.275997,0.375396,SIMULADO_CONTROLADO
0.38867,1.27284,18.32152,822.942,2800.0,1200.0,4.825,13.5078,1.4543,0.9918,0.25882,-0.96593,3,0,3.8904,0.028774,0.05374,SIMULADO_CONTROLADO
1.65499,4.74949,20.90738,1047.936,2200.0,2500.0,4.371,13.8277,1.3366,0.98,0.0,-1.0,0,3,1.51,0.119687,0.176569,SIMULADO_CONTROLADO
1.52752,4.16388,22.01095,91.284,2200.0,500.0,6.383,11.9681,1.0503,0.9889,0.96593,0.25882,3,1,5.3649,0.127632,0.159935,SIMULADO_CONTROLADO
5.05871,12.78947,23.7322,620.596,900.0,800.0,1.383,15.1638,1.0849,1.0877,0.25882,-0.96593,3,13,2.2777,0.333604,0.5393,SIMULADO_CONTROLADO
1.70559,4.61743,22.16285,482.839,6500.0,2500.0,5.853,7.8663,1.0,1.0336,-0.96593,0.25882,3,4,1.4091,0.216824,0.292194,SIMULADO_CONTROLADO
1.9536,5.40401,21.69057,367.572,6500.0,500.0,3.789,9.6437,1.2728,1.0251,-0.86603,0.5,3,3,0.0,0.202579,0.33573,SIMULADO_CONTROLADO
0.55376,1.23003,27.01192,865.615,1400.0,1200.0,2.403,14.5823,1.12,1.0698,-0.96593,0.25882,0,0,0.0,0.037975,0.058308,SIMULADO_CONTROLADO
1.04152,2.77358,22.53082,774.44,4200.0,2500.0,3.868,10.2585,1.0,1.0402,1.0,0.0,3,3,3.736,0.101527,0.133645,SIMULADO_CONTROLADO
0.51975,0.59837,52.11644,63.39,1400.0,800.0,3.385,13.4564,1.1761,1.0626,-1.0,-0.0,2,0,2.9944,0.038624,0.05219,SIMULADO_CONTROLADO
2.1844,6.19969,21.14042,5458.188,2200.0,7000.0,2.15,13.8177,1.2302,1.0495,0.5,-0.86603,3,6,4.213,0.158087,0.295373,SIMULADO_CONTROLADO
5.16622,14.3855,21.54759,460.739,2200.0,7000.0,2.363,12.6176,1.3141,1.0594,0.70711,-0.70711,3,10,1.318,0.409444,0.721404,SIMULADO_CONTROLADO
1.07313,1.20205,53.56478,167.555,9000.0,500.0,2.727,7.1728,1.1483,1.0148,0.96593,-0.25882,2,1,0.0,0.149612,0.215517,SIMULADO_CONTROLADO
1.71632,2.35276,43.7696,35.297,2800.0,800.0,4.127,11.3914,1.1004,1.0821,-0.5,0.86603,1,3,1.4577,0.150668,0.207022,SIMULADO_CONTROLADO
0.96938,2.57134,22.61956,1288.762,4200.0,7000.0,1.64,10.9166,1.4778,0.9805,0.86603,0.5,0,1,6.7796,0.088798,0.141954,SIMULADO_CONTROLADO
1.25079,3.04725,24.62796,68.952,1400.0,500.0,1.671,18.0,1.1611,1.0311,-0.70711,0.70711,0,0,0.4739,0.069489,0.092883,SIMULADO_CONTROLADO
2.2186,4.89056,27.21901,1575.262,9000.0,1800.0,2.958,8.9966,1.2751,1.0844,-0.70711,0.70711,1,2,2.4235,0.246605,0.445054,SIMULADO_CONTROLADO
6.81643,16.9624,24.11131,2348.201,4200.0,7000.0,4.949,10.7458,1.0737,1.0281,-0.70711,-0.70711,3,16,0.0,0.634331,0.907726,SIMULADO_CONTROLADO
4.99731,6.28958,47.67228,1233.384,900.0,2500.0,6.385,14.248,1.2704,1.0156,0.0,1.0,2,3,1.4083,0.350739,0.490676,SIMULADO_CONTROLADO
5.99058,8.27861,43.41726,449.666,2200.0,1200.0,1.264,15.4565,1.0,1.138,-0.5,-0.86603,1,10,1.6307,0.387576,0.501238,SIMULADO_CONTROLADO
3.86505,16.7509,13.84421,440.763,2800.0,500.0,6.353,11.2504,1.0861,1.0988,0.5,0.86603,0,7,3.1969,0.343547,0.521859,SIMULADO_CONTROLADO
1.69861,1.74275,58.48025,79.622,2200.0,1200.0,4.836,12.9631,1.0,1.0414,0.86603,-0.5,2,3,1.8323,0.131034,0.160208,SIMULADO_CONTROLADO
1.52095,1.64556,55.45641,861.143,6500.0,1800.0,5.975,7.4965,1.0632,0.9913,0.25882,0.96593,2,0,0.0,0.202887,0.240991,SIMULADO_CONTROLADO
1.07873,3.76818,17.17645,335.14,2800.0,500.0,4.043,13.8876,1.3601,0.98,-0.96593,-0.25882,3,3,1.1058,0.077676,0.13205,SIMULADO_CONTROLADO
1.67752,1.80569,55.74117,1486.691,2800.0,1800.0,3.654,14.0792,1.062,1.0669,0.25882,-0.96593,2,1,2.0717,0.119149,0.153343,SIMULADO_CONTROLADO
5.2151,6.85419,45.65179,626.69,2200.0,1200.0,5.361,14.2617,1.2749,1.092,-0.5,0.86603,2,4,0.408,0.365672,0.528496,SIMULADO_CONTROLADO
5.17575,20.59323,15.07995,169.249,6500.0,1200.0,4.121,8.9648,1.4028,1.0528,-0.86603,-0.5,3,11,0.7132,0.577341,1.094163,SIMULADO_CONTROLADO
8.48732,12.29145,41.43035,4794.253,4200.0,7000.0,5.956,12.7211,1.1556,0.98,0.96593,-0.25882,1,13,4.6109,0.667182,1.046464,SIMULADO_CONTROLADO
2.34192,10.12078,13.88381,1707.201,4200.0,7000.0,5.933,10.0384,1.319,1.0422,-1.0,-0.0,3,4,1.1878,0.233295,0.410974,SIMULADO_CONTROLADO
0.6809,1.21927,33.50667,98.565,4200.0,2500.0,4.011,13.4512,1.245,1.0131,1.0,0.0,1,1,3.4239,0.05062,0.068667,SIMULADO_CONTROLADO
2.99996,7.25059,24.82527,993.666,4200.0,2500.0,4.241,10.3356,1.1786,1.0423,1.0,0.0,0,2,2.1284,0.290255,0.434035,SIMULADO_CONTROLADO
6.86475,13.95772,29.50945,1386.416,6500.0,1800.0,3.618,7.3149,1.2801,1.1225,1.0,0.0,1,8,0.0,0.938466,1.673483,SIMULADO_CONTROLADO
5.67357,15.58503,21.84238,106.939,1400.0,500.0,4.854,15.8491,1.4544,1.0705,-0.96593,-0.25882,0,5,1.8008,0.357973,0.674359,SIMULADO_CONTROLADO
1.38435,2.47235,33.59587,926.665,2800.0,1200.0,4.816,12.825,1.058,1.0609,-0.25882,0.96593,0,0,3.1111,0.107941,0.152169,SIMULADO_CONTROLADO
0.74376,1.49605,29.82883,396.963,900.0,500.0,4.648,14.6313,1.0065,1.033,-0.86603,0.5,3,1,6.1472,0.050833,0.067369,SIMULADO_CONTROLADO
0.72432,1.55797,27.89466,934.375,2200.0,1200.0,1.53,13.6787,1.0,1.0537,0.0,-1.0,3,2,0.8783,0.052952,0.069529,SIMULADO_CONTROLADO
1.13872,4.28117,15.95894,1239.058,2200.0,1800.0,6.307,10.9477,1.3191,1.0025,0.0,1.0,0,1,2.321,0.104014,0.166076,SIMULADO_CONTROLADO
1.28869,5.81226,13.30318,1950.344,1400.0,2500.0,2.979,13.3593,1.3407,1.06,-0.25882,0.96593,3,2,4.4091,0.096464,0.182103,SIMULADO_CONTROLADO
1.60036,3.35791,28.59571,883.588,2800.0,1200.0,2.505,13.239,1.0741,1.0263,0.70711,-0.70711,0,2,5.1471,0.120882,0.187718,SIMULADO_CONTROLADO
3.28406,4.70686,41.86306,376.835,2800.0,800.0,2.319,12.9764,1.0,0.998,-0.5,-0.86603,1,3,1.1373,0.253079,0.290624,SIMULADO_CONTROLADO
1.55704,1.85778,50.28712,2132.792,2800.0,2500.0,1.567,11.1661,1.052,1.0717,0.5,-0.86603,2,1,2.1728,0.139444,0.185855,SIMULADO_CONTROLADO
2.12022,3.08138,41.2844,555.635,9000.0,800.0,3.622,8.4025,1.2477,0.98,0.96593,-0.25882,1,3,4.8367,0.252332,0.420599,SIMULADO_CONTROLADO
0.48324,0.60058,48.27765,457.004,2200.0,500.0,1.42,13.6572,1.1493,1.0105,0.96593,-0.25882,2,0,3.574,0.035384,0.051799,SIMULADO_CONTROLADO
1.07993,2.79312,23.19828,1019.696,900.0,2500.0,2.053,16.6623,1.1889,1.0626,-0.5,-0.86603,3,3,4.6702,0.064812,0.101373,SIMULADO_CONTROLADO
1.03751,1.95597,31.82575,1492.384,6500.0,2500.0,1.228,9.1006,1.0763,1.0901,0.5,-0.86603,0,0,4.96,0.114004,0.176649,SIMULADO_CONTROLADO
0.40155,1.0517,22.90836,3600.942,1400.0,7000.0,2.126,14.8292,1.3223,1.0562,0.70711,0.70711,0,0,3.6628,0.027078,0.044457,SIMULADO_CONTROLADO
1.52605,2.9592,30.94189,1352.354,9000.0,4000.0,6.475,6.2531,1.2149,1.0048,0.70711,-0.70711,3,3,2.8014,0.244047,0.400446,SIMULADO_CONTROLADO
0.48691,0.72847,40.10396,4181.34,4200.0,7000.0,4.07,11.9698,1.2538,1.0327,0.5,-0.86603,2,0,1.091,0.040678,0.057998,SIMULADO_CONTROLADO
1.44082,1.96602,43.97158,1143.582,1400.0,2500.0,1.556,14.5783,1.1855,1.0481,-0.70711,-0.70711,2,1,1.9872,0.098833,0.140439,SIMULADO_CONTROLADO
2.24464,4.49026,29.9935,445.443,4200.0,4000.0,4.19,11.5257,1.2439,1.1052,0.5,-0.86603,1,1,2.1265,0.194752,0.279455,SIMULADO_CONTROLADO
5.27417,7.85165,40.30363,520.171,9000.0,800.0,4.384,6.8382,1.2334,1.0764,0.86603,0.5,1,11,5.0179,0.771275,1.359165,SIMULADO_CONTROLADO
0.9921,1.03375,57.5826,560.203,9000.0,1800.0,4.103,5.9762,1.0115,1.0768,-0.25882,-0.96593,2,0,2.8703,0.166009,0.209595,SIMULADO_CONTROLADO
2.19834,3.0734,42.91681,3419.111,2200.0,7000.0,2.981,12.1222,1.2197,1.0379,-0.86603,0.5,2,5,2.8902,0.181348,0.254214,SIMULADO_CONTROLADO
1.20662,3.64521,19.86102,2099.92,900.0,4000.0,4.683,13.243,1.2866,0.9868,0.70711,-0.70711,0,1,0.4125,0.091114,0.145923,SIMULADO_CONTROLADO
0.45936,0.59353,46.43715,790.285,900.0,1200.0,1.956,14.7648,1.3448,0.98,-0.70711,-0.70711,2,0,5.0294,0.031112,0.044126,SIMULADO_CONTROLADO
5.31487,6.88946,46.28698,2236.288,9000.0,7000.0,2.364,6.9676,1.2266,1.0214,0.5,-0.86603,2,4,0.8886,0.762797,1.038001,SIMULADO_CONTROLADO
2.32094,3.9254,35.4758,450.98,4200.0,1200.0,6.472,11.7984,1.0056,1.0665,0.96593,-0.25882,0,4,1.9021,0.196716,0.262884,SIMULADO_CONTROLADO
2.89197,4.28137,40.52861,393.831,6500.0,500.0,3.403,10.0578,1.0302,1.0124,-0.70711,0.70711,1,2,5.2498,0.287535,0.415099,SIMULADO_CONTROLADO
5.89582,14.1647,24.97401,1695.363,6500.0,4000.0,1.983,8.6282,1.0904,1.0607,-0.25882,0.96593,3,11,4.3619,0.683317,1.064261,SIMULADO_CONTROLADO
1.4351,1.81631,47.4072,834.41,6500.0,1200.0,2.35,11.6462,1.1903,0.9992,0.86603,0.5,2,0,0.7155,0.123225,0.170712,SIMULADO_CONTROLADO
0.64791,1.63275,23.80914,104.292,2800.0,500.0,5.038,11.8383,1.1404,1.0062,-0.5,-0.86603,0,0,0.2345,0.054729,0.07154,SIMULADO_CONTROLADO
0.97963,1.99765,29.42342,383.582,2200.0,800.0,1.816,14.7895,1.0,1.0984,-0.5,0.86603,0,1,2.0722,0.066238,0.082107,SIMULADO_CONTROLADO
0.59126,0.7058,50.26279,18.108,1400.0,500.0,3.076,13.089,1.0,1.0695,0.0,-1.0,2,0,1.2895,0.045172,0.043121,SIMULADO_CONTROLADO
4.36351,5.95344,43.97643,6065.935,2200.0,7000.0,2.941,12.9341,1.0,1.0212,0.0,-1.0,1,6,0.0,0.337365,0.450511,SIMULADO_CONTROLADO
7.03907,15.05952,28.04499,1948.96,6500.0,4000.0,2.408,10.6618,1.0,0.9976,-0.25882,0.96593,3,20,0.9181,0.660214,0.928926,SIMULADO_CONTROLADO
2.22664,2.5568,52.25222,6083.489,900.0,7000.0,3.727,13.3681,1.1389,1.0777,-0.70711,-0.70711,2,3,0.0,0.166564,0.23568,SIMULADO_CONTROLADO
3.349,10.57977,18.99285,553.453,1400.0,800.0,1.784,14.8636,1.5312,1.0744,-0.86603,0.5,3,9,4.3983,0.225316,0.500373,SIMULADO_CONTROLADO
3.97721,11.80603,20.21277,705.898,6500.0,4000.0,3.62,9.4362,1.4475,1.0638,0.5,0.86603,0,3,4.2662,0.421485,0.791761,SIMULADO_CONTROLADO
6.15619,7.6853,48.06211,1597.167,4200.0,1800.0,1.373,10.9547,1.0035,1.027,-0.5,-0.86603,1,12,5.4604,0.56197,0.783496,SIMULADO_CONTROLADO
6.84858,14.21486,28.9074,148.852,1400.0,1200.0,6.343,10.6127,1.184,0.9857,0.70711,0.70711,0,5,3.2418,0.645319,0.855233,SIMULADO_CONTROLADO
0.30413,0.30135,60.55419,1684.174,900.0,2500.0,4.406,15.2062,1.0,1.0343,0.86603,0.5,2,0,1.5586,0.02,0.024989,SIMULADO_CONTROLADO
1.23566,2.07063,35.80515,3669.057,1400.0,7000.0,1.598,18.0,1.0,1.0983,-0.96593,-0.25882,0,2,4.6491,0.068648,0.092172,SIMULADO_CONTROLADO
2.0418,2.95216,41.4976,866.574,900.0,1800.0,2.211,15.6558,1.0,0.9941,-0.86603,0.5,1,4,1.0269,0.130418,0.151042,SIMULADO_CONTROLADO
1.11178,1.71391,38.92072,124.623,1400.0,500.0,5.103,14.0845,1.1239,1.0371,-0.70711,0.70711,1,0,0.0,0.078937,0.093393,SIMULADO_CONTROLADO
1.63284,3.30669,29.628,3681.441,6500.0,4000.0,5.078,7.1541,1.1308,1.1086,-1.0,-0.0,0,1,2.1908,0.228239,0.414081,SIMULADO_CONTROLADO
2.75946,8.11827,20.39443,671.17,9000.0,800.0,3.134,8.3531,1.2004,1.0213,0.0,-1.0,0,5,3.3632,0.330351,0.551046,SIMULADO_CONTROLADO
2.70583,4.17007,38.93209,531.239,2200.0,800.0,1.987,13.4539,1.2661,1.0293,0.5,-0.86603,2,5,0.7949,0.201119,0.295853,SIMULADO_CONTROLADO
3.88912,13.40712,17.40471,2102.773,2200.0,2500.0,4.04,14.3783,1.1061,0.98,0.86603,0.5,3,10,0.3002,0.270486,0.374092,SIMULADO_CONTROLADO
2.07654,4.92437,25.30117,1504.212,6500.0,4000.0,2.665,10.0295,1.1658,1.063,-1.0,-0.0,0,1,1.6246,0.207042,0.315114,SIMULADO_CONTROLADO
0.13951,0.20583,40.66673,1671.413,2200.0,4000.0,1.713,14.7871,1.0,1.0017,-0.96593,0.25882,1,0,3.365,0.009434,0.011366,SIMULADO_CONTROLADO
1.52606,3.77467,24.25732,2053.926,1400.0,7000.0,3.034,14.9468,1.0,0.98,0.70711,0.70711,0,3,2.1946,0.1021,0.119002,SIMULADO_CONTROLADO
2.56799,6.01933,25.59743,5642.895,6500.0,7000.0,5.18,8.8426,1.0,0.9921,-0.5,0.86603,3,2,8.0366,0.290413,0.388474,SIMULADO_CONTROLADO
4.08039,7.4531,32.84854,375.956,2800.0,500.0,3.077,13.1554,1.2639,1.0444,0.96593,-0.25882,1,8,2.2143,0.310168,0.525062,SIMULADO_CONTROLADO
3.68658,8.09222,27.33427,1105.252,9000.0,1200.0,1.416,8.5259,1.1059,0.98,-0.86603,-0.5,3,7,4.0764,0.4324,0.664395,SIMULADO_CONTROLADO
1.86768,2.94494,38.05192,2262.343,9000.0,4000.0,1.838,6.3016,1.0,0.98,0.70711,0.70711,0,3,0.0,0.296381,0.348713,SIMULADO_CONTROLADO
1.16848,2.51153,27.9149,608.96,6500.0,1200.0,4.361,8.2511,1.1499,1.0602,0.86603,0.5,0,0,3.7325,0.141615,0.207111,SIMULADO_CONTROLADO
1.93541,2.22404,52.21348,1045.664,9000.0,4000.0,3.967,7.9764,1.0,1.0317,-0.5,-0.86603,2,0,1.5291,0.242643,0.265686,SIMULADO_CONTROLADO
0.36067,0.52568,41.1655,1605.474,2800.0,1800.0,4.777,12.2579,1.4257,0.9939,0.70711,-0.70711,2,0,2.4806,0.029423,0.053092,SIMULADO_CONTROLADO
1.26689,3.24029,23.45886,267.227,2800.0,1800.0,4.23,11.9052,1.0674,1.0205,0.0,1.0,3,4,6.0423,0.106415,0.138039,SIMULADO_CONTROLADO
4.60089,14.73115,18.73941,408.071,900.0,500.0,3.835,15.616,1.269,1.1132,-0.5,0.86603,3,12,1.7182,0.294627,0.569431,SIMULADO_CONTROLADO
1.93089,7.57659,15.29094,880.217,1400.0,2500.0,3.718,14.9318,1.3342,1.0927,-0.70711,0.70711,3,5,0.0,0.129314,0.226874,SIMULADO_CONTROLADO
2.64786,3.01182,52.74933,3834.161,1400.0,7000.0,6.296,11.2069,1.0072,1.0302,0.86603,0.5,2,6,0.0806,0.23627,0.263022,SIMULADO_CONTROLADO
0.56651,0.96784,35.11989,1873.025,9000.0,4000.0,5.77,6.2794,1.1722,1.0717,-0.70711,-0.70711,1,0,2.8631,0.090217,0.137375,SIMULADO_CONTROLADO
4.06143,6.61197,36.85528,573.859,1400.0,1200.0,3.229,14.3116,1.2486,1.0404,0.86603,0.5,1,8,2.7492,0.283785,0.441322,SIMULADO_CONTROLADO
1.79454,3.91528,27.50046,1915.351,4200.0,2500.0,4.663,11.5558,1.1785,0.98,-0.96593,-0.25882,0,1,2.6619,0.155294,0.23935,SIMULADO_CONTROLADO
2.58316,3.70865,41.7914,51.915,2200.0,800.0,1.308,14.2241,1.2178,0.98,-0.86603,-0.5,1,1,0.0,0.181604,0.223102,SIMULADO_CONTROLADO
3.00163,4.02928,44.69735,950.801,6500.0,2500.0,1.311,10.4672,1.0,0.9941,-0.96593,-0.25882,1,4,6.7553,0.286766,0.363143,SIMULADO_CONTROLADO
3.9598,9.23632,25.72321,241.374,2200.0,1200.0,2.888,11.303,1.2486,0.98,-0.25882,-0.96593,0,9,5.5755,0.350331,0.516736,SIMULADO_CONTROLADO
2.30235,5.21365,26.49604,1278.265,9000.0,7000.0,5.2,4.586,1.0822,1.0472,0.0,1.0,0,4,2.7737,0.502044,0.678614,SIMULADO_CONTROLADO
1.82745,2.66887,41.08368,1498.225,2800.0,2500.0,6.105,12.3409,1.2159,1.0103,0.86603,0.5,2,1,0.0,0.148081,0.194094,SIMULADO_CONTROLADO
0.69921,1.40544,29.85021,179.977,1400.0,500.0,4.82,16.5768,1.3072,1.0541,-0.25882,0.96593,1,1,5.8274,0.04218,0.070302,SIMULADO_CONTROLADO
0.51477,1.82411,16.93215,1048.115,2200.0,7000.0,4.944,13.016,1.267,1.0548,-0.5,-0.86603,3,1,4.8873,0.039549,0.060532,SIMULADO_CONTROLADO
2.26827,5.60028,24.30167,833.078,2200.0,4000.0,1.37,13.352,1.2158,1.0661,0.86603,-0.5,1,4,2.7159,0.169882,0.25818,SIMULADO_CONTROLADO
2.59539,9.87863,15.76368,376.663,6500.0,800.0,6.13,7.9041,1.2627,0.9931,-0.5,0.86603,3,6,5.0174,0.328362,0.565916,SIMULADO_CONTROLADO
2.91144,3.51404,49.71096,98.885,2200.0,800.0,1.66,12.9809,1.2701,1.0582,0.5,-0.86603,2,3,1.4619,0.224287,0.309976,SIMULADO_CONTROLADO
0.99758,2.61214,22.914,573.942,900.0,800.0,6.219,14.8014,1.3993,0.992,-0.86603,0.5,0,0,0.4835,0.067397,0.112667,SIMULADO_CONTROLADO
1.27676,3.12956,24.47801,1147.223,6500.0,1200.0,1.951,9.6797,1.1546,1.067,-0.96593,0.25882,0,2,2.8305,0.1319,0.209472,SIMULADO_CONTROLADO
2.23808,2.79999,47.95917,1914.943,9000.0,7000.0,1.377,8.6442,1.1862,1.09,0.0,1.0,2,1,0.0,0.258911,0.340087,SIMULADO_CONTROLADO
1.41326,2.47948,34.19899,1660.587,1400.0,7000.0,4.187,13.5316,1.3091,1.0675,-0.5,0.86603,2,2,0.1687,0.104441,0.151722,SIMULADO_CONTROLADO
8.94334,13.42777,39.96198,652.417,6500.0,1800.0,1.802,11.0593,1.0815,1.027,-0.70711,0.70711,1,13,3.6421,0.808671,1.126045,SIMULADO_CONTROLADO
1.25415,1.25185,60.10997,294.243,900.0,1200.0,1.353,13.543,1.0,1.0605,-0.25882,0.96593,2,1,3.004,0.092605,0.108354,SIMULADO_CONTROLADO
2.7257,8.30397,19.69445,252.544,2200.0,1200.0,4.739,12.6966,1.2389,0.98,-0.70711,-0.70711,3,8,0.0,0.21468,0.317539,SIMULADO_CONTROLADO
3.61014,7.1777,30.17793,1252.633,900.0,7000.0,5.113,14.4468,1.127,0.98,-0.86603,-0.5,1,4,1.6411,0.249892,0.28332,SIMULADO_CONTROLADO
3.76473,7.96931,28.34424,175.686,2200.0,800.0,2.753,13.2393,1.0,1.056,1.0,0.0,0,4,0.0,0.28436,0.350294,SIMULADO_CONTROLADO
1.39311,2.14404,38.98565,3305.506,4200.0,4000.0,4.028,11.419,1.2401,1.0938,0.70711,0.70711,1,0,1.474,0.121999,0.192195,SIMULADO_CONTROLADO
3.01204,9.49507,19.03332,3479.928,9000.0,7000.0,4.306,6.4733,1.389,0.98,0.5,0.86603,3,4,1.2445,0.4653,0.840547,SIMULADO_CONTROLADO
2.75227,8.54443,19.32676,2902.104,6500.0,4000.0,2.052,10.835,1.0,1.0357,0.86603,0.5,3,2,4.5837,0.254017,0.347736,SIMULADO_CONTROLADO
3.10447,6.56828,28.3588,1627.951,9000.0,4000.0,3.532,7.1563,1.3236,1.0547,-0.25882,0.96593,3,3,2.1707,0.433811,0.842909,SIMULADO_CONTROLADO
2.21608,6.65331,19.98477,3435.997,4200.0,7000.0,4.576,11.2123,1.0,1.0073,1.0,0.0,3,4,1.9892,0.197647,0.245195,SIMULADO_CONTROLADO
3.62808,8.2451,26.40171,300.35,2200.0,800.0,5.894,13.203,1.096,1.0197,0.0,1.0,0,4,1.6759,0.274792,0.357609,SIMULADO_CONTROLADO
2.41545,5.86115,24.7267,3003.341,9000.0,7000.0,3.42,4.8374,1.4545,1.0626,-0.86603,-0.5,1,5,0.0,0.499332,0.918936,SIMULADO_CONTROLADO
0.62039,1.6223,22.94481,252.484,900.0,500.0,4.906,12.9892,1.1075,1.0399,0.86603,0.5,0,0,2.2929,0.047762,0.063735,SIMULADO_CONTROLADO
2.3626,5.97206,23.73657,366.797,6500.0,500.0,3.859,7.1012,1.1744,1.0401,0.0,-1.0,0,1,3.5139,0.332706,0.500233,SIMULADO_CONTROLADO
2.57006,6.99512,22.04449,334.171,9000.0,800.0,4.948,6.4319,1.2821,0.9908,-0.86603,-0.5,3,7,2.9863,0.399579,0.71775,SIMULADO_CONTROLADO
3.45398,6.87083,30.16213,1108.156,900.0,2500.0,5.382,14.1748,1.0,1.0336,-0.25882,-0.96593,3,2,3.9545,0.24367,0.303705,SIMULADO_CONTROLADO
2.27029,5.66092,24.06275,381.836,4200.0,800.0,4.012,12.657,1.1715,1.0171,-1.0,-0.0,0,3,4.0567,0.17937,0.269501,SIMULADO_CONTROLADO
6.25454,8.73601,42.95696,1804.388,9000.0,2500.0,1.524,7.7363,1.1703,1.0195,0.0,1.0,2,11,7.116,0.80847,1.27837,SIMULADO_CONTROLADO
1.87729,2.84164,39.63821,396.417,4200.0,500.0,5.84,9.4141,1.458,1.0106,1.0,0.0,2,3,0.1297,0.199412,0.347898,SIMULADO_CONTROLADO
1.33476,2.50019,32.03185,1281.822,9000.0,2500.0,4.385,6.1874,1.0,1.0338,0.70711,-0.70711,0,1,2.9929,0.215722,0.284976,SIMULADO_CONTROLADO
5.00737,12.67131,23.71042,593.617,1400.0,800.0,4.383,11.377,1.099,0.9959,-0.96593,-0.25882,3,4,3.2282,0.440132,0.686367,SIMULADO_CONTROLADO
1.83804,4.27126,25.81963,972.306,4200.0,1800.0,3.9,10.5551,1.0115,1.0355,-0.25882,-0.96593,3,7,1.8284,0.174138,0.236378,SIMULADO_CONTROLADO
2.11652,2.32799,54.54973,106.524,6500.0,500.0,2.122,6.7286,1.0,1.0186,-1.0,-0.0,2,4,1.1718,0.314558,0.369653,SIMULADO_CONTROLADO
2.57085,3.72356,41.42561,3203.953,900.0,7000.0,3.777,14.7947,1.3404,0.9931,-0.96593,-0.25882,2,4,3.5474,0.173768,0.281218,SIMULADO_CONTROLADO
2.41681,4.10236,35.34768,791.312,2800.0,1200.0,4.045,12.0445,1.1643,0.98,-0.96593,0.25882,1,1,3.3459,0.200657,0.279881,SIMULADO_CONTROLADO
3.08702,6.70575,27.62126,614.263,9000.0,2500.0,3.234,6.386,1.0711,1.0776,-0.5,-0.86603,3,6,0.2885,0.483406,0.675433,SIMULADO_CONTROLADO
3.31418,4.15088,47.90582,1163.132,2800.0,1800.0,1.99,12.1865,1.0771,1.0686,-1.0,-0.0,1,6,0.0,0.271956,0.393052,SIMULADO_CONTROLADO
1.23765,3.08313,24.08564,1239.338,6500.0,2500.0,5.24,7.3394,1.0699,0.9988,-0.86603,-0.5,3,1,1.4676,0.168631,0.232297,SIMULADO_CONTROLADO
0.75649,1.64191,27.6441,1416.22,6500.0,1800.0,3.62,9.7022,1.0842,1.0657,0.0,1.0,0,1,1.0858,0.077971,0.112512,SIMULADO_CONTROLADO
0.84305,1.63047,31.02345,88.317,1400.0,500.0,4.914,11.6656,1.0,0.9889,1.0,0.0,0,1,3.7657,0.072268,0.079145,SIMULADO_CONTROLADO
4.6434,14.12972,19.71761,1073.833,2200.0,4000.0,1.449,14.7548,1.1186,1.0212,-0.70711,0.70711,3,5,0.5596,0.314705,0.394059,SIMULADO_CONTROLADO
1.72246,2.51123,41.15422,1524.466,2800.0,2500.0,3.873,11.4836,1.1025,1.0111,0.5,0.86603,1,1,2.127,0.149993,0.19109,SIMULADO_CONTROLADO
3.58782,5.10143,42.19782,566.898,2800.0,800.0,1.591,11.4668,1.0388,1.0225,-0.25882,-0.96593,1,4,0.0,0.312887,0.372695,SIMULADO_CONTROLADO
3.37708,10.43457,19.4186,372.137,4200.0,500.0,5.088,11.9821,1.1848,1.0641,-1.0,-0.0,3,7,0.0,0.281843,0.468469,SIMULADO_CONTROLADO
2.11618,4.43303,28.64201,5450.169,4200.0,7000.0,4.279,12.4694,1.1984,1.0169,0.5,-0.86603,0,2,0.8841,0.16971,0.261014,SIMULADO_CONTROLADO
0.98449,1.14848,51.43288,856.904,2200.0,1200.0,3.592,12.5361,1.0709,1.0197,0.86603,0.5,2,1,1.9739,0.078533,0.110237,SIMULADO_CONTROLADO
3.4342,6.23246,33.06108,5992.484,4200.0,7000.0,6.356,9.2806,1.1369,1.0684,0.0,1.0,1,4,0.7784,0.370039,0.560946,SIMULADO_CONTROLADO
2.06234,5.7999,21.33494,1169.328,4200.0,4000.0,2.928,11.1814,1.5054,1.0378,-0.70711,-0.70711,0,1,2.7997,0.184444,0.336857,SIMULADO_CONTROLADO
0.71189,2.42376,17.62276,5894.523,9000.0,7000.0,3.441,5.4793,1.4993,1.0084,-0.5,-0.86603,3,1,0.0,0.129923,0.253615,SIMULADO_CONTROLADO
1.42291,2.52276,33.84167,1493.364,6500.0,2500.0,5.109,7.4404,1.0,1.0458,-0.86603,-0.5,0,1,2.0484,0.191241,0.237003,SIMULADO_CONTROLADO
0.47226,0.86072,32.92108,466.463,2800.0,800.0,3.983,12.9478,1.0137,1.0797,0.70711,0.70711,0,0,2.0727,0.036474,0.051033,SIMULADO_CONTROLADO
1.47801,1.62528,54.56309,143.449,1400.0,500.0,4.69,15.9781,1.0,1.0825,0.25882,-0.96593,2,3,0.0,0.092502,0.102653,SIMULADO_CONTROLADO
2.19895,7.79726,16.92097,644.305,2200.0,800.0,6.374,11.5059,1.3291,0.98,-0.25882,-0.96593,3,2,2.9796,0.191115,0.302942,SIMULADO_CONTROLADO
1.90016,4.16499,27.37336,559.958,2200.0,1800.0,4.887,13.8285,1.0962,0.98,-0.86603,0.5,0,3,0.0,0.137409,0.168211,SIMULADO_CONTROLADO
1.72981,2.19195,47.34976,1698.813,2200.0,2500.0,1.999,14.324,1.1983,1.08,0.86603,0.5,2,1,1.0611,0.120763,0.174785,SIMULADO_CONTROLADO
2.18205,3.34761,39.10937,1819.651,9000.0,7000.0,2.31,4.954,1.4795,1.0221,-0.86603,-0.5,2,4,4.1537,0.44046,0.781797,SIMULADO_CONTROLADO
2.9575,7.7868,22.78853,139.015,2800.0,500.0,5.81,11.5561,1.1583,0.98,-0.86603,-0.5,3,4,0.0,0.255926,0.360846,SIMULADO_CONTROLADO
3.78643,9.79109,23.20333,1119.076,9000.0,2500.0,1.454,7.1655,1.273,1.0022,-0.5,-0.86603,0,4,3.9091,0.528424,0.859696,SIMULADO_CONTROLADO
4.13896,10.30635,24.09557,383.486,900.0,500.0,3.899,16.1031,1.2433,1.0152,0.5,0.86603,3,8,0.0515,0.257029,0.427088,SIMULADO_CONTROLADO
1.12303,1.37787,48.90309,1288.904,4200.0,1800.0,6.002,11.9055,1.0659,1.0209,0.5,0.86603,2,2,1.2601,0.094329,0.12241,SIMULADO_CONTROLADO
4.41656,9.2261,28.72216,40.08,4200.0,500.0,5.314,10.8609,1.3295,1.0694,-0.5,-0.86603,3,5,5.4538,0.406649,0.764382,SIMULADO_CONTROLADO
2.06477,2.81138,44.06599,900.621,6500.0,1200.0,1.813,11.1412,1.024,0.9932,-0.5,-0.86603,1,2,1.1834,0.185327,0.249156,SIMULADO_CONTROLADO
1.58398,6.94724,13.68007,1713.814,2200.0,2500.0,5.124,12.3184,1.3744,1.0771,-0.70711,-0.70711,3,3,5.8889,0.128587,0.248884,SIMULADO_CONTROLADO
0.86667,0.99359,52.33528,1623.679,2800.0,4000.0,3.225,14.092,1.066,1.0478,-1.0,-0.0,2,1,1.8589,0.061501,0.081838,SIMULADO_CONTROLADO
2.81359,5.48491,30.77814,1860.95,2200.0,4000.0,5.977,12.2308,1.0835,0.98,0.70711,-0.70711,0,1,2.3223,0.23004,0.321109,SIMULADO_CONTROLADO
2.73702,6.95778,23.60252,569.001,4200.0,1800.0,4.236,12.2111,1.0,1.0206,0.96593,-0.25882,3,2,4.2687,0.224142,0.303605,SIMULADO_CONTROLADO
1.31955,4.2293,18.72009,620.072,1400.0,800.0,4.108,15.1905,1.0121,1.0573,-0.5,0.86603,3,3,3.6425,0.086867,0.121626,SIMULADO_CONTROLADO
1.35166,2.36338,34.31523,2027.653,4200.0,7000.0,1.246,13.099,1.0917,1.0368,-0.86603,-0.5,1,1,2.8236,0.103189,0.128754,SIMULADO_CONTROLADO
1.84726,1.93876,57.16837,4356.661,2800.0,7000.0,2.523,12.1747,1.0,1.0521,0.0,-1.0,2,1,1.527,0.15173,0.181472,SIMULADO_CONTROLADO
1.5624,3.08445,30.39246,5395.561,6500.0,7000.0,3.388,8.4709,1.1227,1.0086,-0.25882,-0.96593,1,1,0.0,0.184443,0.242268,SIMULADO_CONTROLADO
1.0797,1.43359,45.18878,2784.38,900.0,4000.0,5.037,14.7362,1.0787,1.06,-1.0,-0.0,2,1,0.0,0.073269,0.102378,SIMULADO_CONTROLADO
0.78173,2.17334,21.58139,2862.963,1400.0,4000.0,3.956,14.8918,1.2864,1.0171,0.96593,-0.25882,3,2,5.2576,0.052494,0.09943,SIMULADO_CONTROLADO
4.44977,13.71024,19.47347,466.809,4200.0,500.0,5.718,10.4168,1.2277,1.1496,0.5,-0.86603,3,13,6.0688,0.427174,0.880037,SIMULADO_CONTROLADO
1.41703,3.28571,25.87625,1571.768,2200.0,2500.0,1.382,13.8033,1.0468,0.98,0.25882,0.96593,0,2,2.7721,0.102659,0.12642,SIMULADO_CONTROLADO
2.72602,7.77827,21.02794,573.269,1400.0,1200.0,2.911,14.5196,1.0866,1.1564,-0.96593,0.25882,3,7,0.0,0.187748,0.295518,SIMULADO_CONTROLADO
3.11403,5.92499,31.53452,312.388,9000.0,800.0,4.367,5.7006,1.1225,0.9922,0.0,-1.0,1,3,0.8782,0.546265,0.724452,SIMULADO_CONTROLADO
2.82337,4.10307,41.28668,208.258,9000.0,500.0,4.691,5.5614,1.3978,1.0922,-0.70711,0.70711,2,6,0.774,0.507675,0.899619,SIMULADO_CONTROLADO
3.23247,9.1994,21.08269,618.322,900.0,800.0,3.863,16.7138,1.0284,1.0722,0.96593,-0.25882,3,2,1.3329,0.193401,0.272817,SIMULADO_CONTROLADO
2.80106,4.41637,38.0546,1460.414,2800.0,7000.0,3.314,12.1382,1.0448,0.9941,0.70711,-0.70711,1,5,0.6421,0.230765,0.306387,SIMULADO_CONTROLADO
1.21827,1.68475,43.38714,2492.929,4200.0,7000.0,1.579,12.6987,1.0,1.062,0.25882,0.96593,1,1,3.5932,0.095937,0.109247,SIMULADO_CONTROLADO
1.63275,2.39093,40.97349,2706.535,6500.0,4000.0,4.89,8.483,1.0,1.0127,-0.25882,0.96593,1,2,3.0195,0.192473,0.227428,SIMULADO_CONTROLADO
4.36966,14.68172,17.85757,247.776,1400.0,500.0,5.99,11.4328,1.2091,1.0474,0.86603,-0.5,3,16,5.8181,0.382206,0.722123,SIMULADO_CONTROLADO
1.38385,3.04551,27.26342,1248.257,6500.0,2500.0,5.487,6.5177,1.1925,1.0417,0.70711,0.70711,1,2,1.6828,0.212322,0.317696,SIMULADO_CONTROLADO
2.06699,3.84753,32.23348,212.29,4200.0,500.0,4.917,10.4902,1.3652,1.0193,-0.5,-0.86603,1,4,2.9204,0.19704,0.313218,SIMULADO_CONTROLADO
2.96666,5.56679,31.97525,1075.896,9000.0,2500.0,4.561,4.2,1.3266,1.0155,-0.86603,0.5,1,6,4.0564,0.706347,1.143079,SIMULADO_CONTROLADO
5.45968,18.86302,17.36631,485.101,4200.0,500.0,5.292,12.6152,1.5435,1.0503,0.5,0.86603,0,7,4.6455,0.432787,0.976237,SIMULADO_CONTROLADO
4.11058,7.60513,32.43002,704.274,9000.0,800.0,5.317,5.1736,1.1482,0.9943,0.0,-1.0,1,4,0.0,0.794536,1.167841,SIMULADO_CONTROLADO
0.95015,2.12111,26.87712,121.891,900.0,500.0,1.237,15.0116,1.1183,0.996,0.25882,-0.96593,0,1,3.3502,0.063295,0.077728,SIMULADO_CONTROLADO
2.66449,5.00814,31.92189,4083.99,1400.0,7000.0,3.097,15.6742,1.0,1.078,0.70711,0.70711,0,2,2.808,0.169992,0.228492,SIMULADO_CONTROLADO
2.44864,3.36594,43.64865,1144.439,2800.0,1800.0,5.801,11.4208,1.2715,1.0543,1.0,0.0,2,3,3.1359,0.214401,0.341687,SIMULADO_CONTROLADO
1.64386,3.0824,31.9983,961.97,2200.0,7000.0,5.709,13.0121,1.179,0.98,-0.70711,-0.70711,0,1,2.6252,0.126333,0.168932,SIMULADO_CONTROLADO
2.11245,2.73605,46.32478,105.317,1400.0,500.0,4.963,12.6797,1.2642,0.9899,-0.25882,0.96593,2,4,6.097,0.166601,0.229591,SIMULADO_CONTROLADO
1.20835,2.95068,24.57087,3150.217,4200.0,4000.0,2.838,11.5774,1.0,0.98,0.70711,0.70711,3,3,0.6292,0.104371,0.136815,SIMULADO_CONTROLADO
1.82185,2.2691,48.17383,193.172,9000.0,1800.0,5.429,6.7192,1.2163,1.0759,-0.70711,-0.70711,2,0,0.505,0.271143,0.372145,SIMULADO_CONTROLADO
1.39426,2.36283,35.40497,587.06,2800.0,1800.0,2.427,12.0736,1.1928,1.066,-0.70711,0.70711,1,2,0.776,0.115481,0.165443,SIMULADO_CONTROLADO
2.23196,5.24012,25.55621,3660.547,4200.0,7000.0,2.388,12.3588,1.1822,0.986,-1.0,-0.0,0,4,1.8906,0.180597,0.273642,SIMULADO_CONTROLADO
1.59693,3.30631,28.97963,49.84,4200.0,500.0,4.039,8.0825,1.0507,1.0642,-0.96593,0.25882,3,5,3.116,0.197579,0.285117,SIMULADO_CONTROLADO
5.73453,23.05758,14.92228,2970.561,2200.0,7000.0,4.228,14.416,1.3503,1.1243,-0.70711,0.70711,3,9,1.5421,0.39779,0.773383,SIMULADO_CONTROLADO
2.28654,3.70246,37.05438,252.556,4200.0,500.0,3.062,10.7544,1.488,0.98,-0.70711,-0.70711,2,3,4.6133,0.212615,0.336947,SIMULADO_CONTROLADO
1.97565,3.41034,34.75884,718.859,6500.0,1200.0,4.4,8.4172,1.0,1.0073,0.0,1.0,0,1,2.4926,0.234716,0.285666,SIMULADO_CONTROLADO
1.74829,4.2365,24.76037,119.999,900.0,500.0,4.958,13.7512,1.2753,0.98,0.96593,0.25882,0,3,2.2976,0.127137,0.180465,SIMULADO_CONTROLADO
1.60029,2.36941,40.52379,754.613,1400.0,1800.0,2.155,13.4604,1.0,1.0777,0.70711,-0.70711,1,3,0.0,0.118889,0.153093,SIMULADO_CONTROLADO
0.71205,2.53493,16.85376,1646.865,1400.0,2500.0,2.73,13.1097,1.267,1.0307,-0.25882,0.96593,0,0,6.3243,0.054315,0.090781,SIMULADO_CONTROLADO
3.58198,13.50112,15.91861,1955.287,6500.0,2500.0,4.909,8.9165,1.0,1.0171,0.96593,0.25882,3,5,2.4004,0.401725,0.563841,SIMULADO_CONTROLADO
5.01216,8.31075,36.18563,2153.031,4200.0,4000.0,6.114,10.7305,1.076,1.0452,-0.86603,0.5,0,3,5.9379,0.467094,0.643768,SIMULADO_CONTROLADO
1.37726,1.91135,43.23405,376.462,4200.0,4000.0,5.888,9.0883,1.0,1.0099,-0.70711,-0.70711,1,1,1.1932,0.151542,0.168347,SIMULADO_CONTROLADO
4.35445,13.14485,19.87601,1342.381,4200.0,7000.0,1.887,12.6001,1.1255,1.0169,-0.96593,-0.25882,3,2,4.2443,0.34559,0.48645,SIMULADO_CONTROLADO
8.88585,25.73784,20.71468,1382.704,2800.0,1800.0,4.22,12.9707,1.2942,1.0474,0.5,0.86603,3,27,1.3185,0.685072,1.379979,SIMULADO_CONTROLADO
6.87769,15.74484,26.2093,370.744,6500.0,800.0,5.441,7.5977,1.0,1.0075,0.86603,-0.5,0,8,6.32,0.905231,1.308112,SIMULADO_CONTROLADO
4.86591,7.93981,36.77101,245.015,1400.0,800.0,2.458,12.9418,1.1025,1.0139,0.25882,-0.96593,1,7,4.8536,0.375985,0.489732,SIMULADO_CONTROLADO
0.79697,1.01174,47.26323,587.894,4200.0,800.0,4.609,10.6809,1.0779,1.028,0.25882,-0.96593,2,1,4.284,0.074616,0.096452,SIMULADO_CONTROLADO
0.78859,1.42207,33.27207,1424.547,6500.0,2500.0,3.466,9.3782,1.413,1.0391,-0.70711,0.70711,2,1,0.9781,0.084087,0.137642,SIMULADO_CONTROLADO
3.22163,16.21563,11.92045,240.698,1400.0,500.0,4.712,13.4087,1.2291,1.0621,0.86603,-0.5,3,5,6.504,0.240263,0.410778,SIMULADO_CONTROLADO
2.08223,6.71348,18.60937,865.1,4200.0,7000.0,1.37,11.4724,1.0,1.0612,-0.86603,0.5,3,6,6.7798,0.181498,0.23093,SIMULADO_CONTROLADO
0.28191,0.62333,27.13527,3642.295,900.0,7000.0,2.859,15.374,1.0846,0.98,-0.86603,0.5,3,0,1.7028,0.018337,0.023447,SIMULADO_CONTROLADO
1.50647,5.21133,17.34452,190.158,1400.0,800.0,2.829,15.8454,1.409,1.0984,-0.70711,-0.70711,0,1,2.8395,0.095073,0.162135,SIMULADO_CONTROLADO
3.12395,7.2984,25.68193,2702.007,2200.0,4000.0,3.419,12.3371,1.2743,1.0377,0.96593,-0.25882,0,1,4.4463,0.253216,0.413484,SIMULADO_CONTROLADO
1.84191,1.90161,58.11634,1252.861,9000.0,2500.0,1.807,6.8292,1.0131,1.0201,0.5,0.86603,2,3,0.0,0.269711,0.315111,SIMULADO_CONTROLADO
2.08981,4.65826,26.91751,1319.629,2200.0,1800.0,3.514,16.5104,1.1173,0.9943,0.96593,0.25882,0,1,4.9063,0.126575,0.177469,SIMULADO_CONTROLADO
0.78752,1.30434,36.22613,2846.74,2800.0,4000.0,4.07,12.7176,1.1224,1.1245,-0.5,-0.86603,1,0,4.6497,0.061924,0.093571,SIMULADO_CONTROLADO
1.49123,3.14306,28.46706,1051.21,6500.0,2500.0,1.341,8.3763,1.0739,1.1412,0.96593,0.25882,0,1,1.3174,0.17803,0.250394,SIMULADO_CONTROLADO
3.23104,8.30832,23.33352,898.719,6500.0,1200.0,2.795,8.6692,1.0,1.119,-0.70711,0.70711,3,11,0.0,0.372703,0.521251,SIMULADO_CONTROLADO
1.43419,2.5807,33.34412,379.592,4200.0,1800.0,2.14,10.9289,1.0516,1.0405,0.70711,-0.70711,0,2,3.1997,0.131229,0.181015,SIMULADO_CONTROLADO
4.58948,9.42736,29.20954,220.235,900.0,500.0,6.352,13.6979,1.3823,1.0505,1.0,0.0,0,9,0.1193,0.335051,0.580093,SIMULADO_CONTROLADO
2.12506,3.8525,33.09637,467.898,9000.0,800.0,1.89,7.5187,1.099,1.1021,-0.5,-0.86603,0,1,0.0,0.282636,0.423567,SIMULADO_CONTROLADO
2.80618,9.55054,17.62946,3163.359,1400.0,7000.0,4.525,12.7998,1.1435,1.0242,0.70711,0.70711,0,5,3.2785,0.219236,0.310691,SIMULADO_CONTROLADO
3.18091,4.26356,44.76415,634.475,2800.0,800.0,3.33,14.9292,1.1825,1.0594,-0.96593,0.25882,2,3,5.2677,0.213067,0.349567,SIMULADO_CONTROLADO
3.09384,6.69152,27.74119,547.315,6500.0,2500.0,2.723,9.3769,1.5149,1.0452,-0.25882,-0.96593,1,7,2.0402,0.329944,0.60912,SIMULADO_CONTROLADO
0.9266,2.37819,23.37761,931.671,2200.0,1200.0,5.727,11.6762,1.1614,1.1213,-0.5,0.86603,3,2,4.9888,0.079359,0.137411,SIMULADO_CONTROLADO
1.07308,2.62253,24.55068,651.814,4200.0,1800.0,4.72,9.2108,1.335,1.0996,-0.86603,0.5,1,1,3.8947,0.116502,0.20154,SIMULADO_CONTROLADO
0.27575,0.3701,44.70381,470.354,2800.0,800.0,4.488,11.1069,1.0643,1.0288,0.25882,0.96593,2,0,0.0,0.024827,0.031042,SIMULADO_CONTROLADO
1.62833,1.79594,54.40033,1102.846,1400.0,1800.0,1.696,13.3414,1.1185,1.1036,-0.70711,0.70711,2,3,1.3363,0.122051,0.179019,SIMULADO_CONTROLADO
1.00581,1.33824,45.09536,810.518,1400.0,1800.0,2.573,14.2137,1.162,1.0348,0.25882,0.96593,2,0,4.7665,0.070763,0.092039,SIMULADO_CONTROLADO
1.40038,4.62212,18.17842,15.093,6500.0,2500.0,2.665,8.2386,1.0361,1.0104,-0.96593,0.25882,3,1,1.3192,0.169978,0.215746,SIMULADO_CONTROLADO
1.75991,4.75755,22.19521,796.564,900.0,1200.0,3.502,15.4648,1.1274,1.0222,0.86603,-0.5,0,2,4.2201,0.113801,0.161594,SIMULADO_CONTROLADO
2.33162,3.19388,43.80174,750.388,2200.0,2500.0,6.084,11.361,1.3021,1.0416,0.86603,-0.5,2,0,1.6387,0.205231,0.305757,SIMULADO_CONTROLADO
1.86281,5.3386,20.93598,1041.471,2800.0,4000.0,3.339,13.7055,1.0319,0.9997,-0.96593,0.25882,3,3,4.0146,0.135917,0.177586,SIMULADO_CONTROLADO
1.83713,4.89511,22.51796,1365.398,2200.0,4000.0,2.939,14.0674,1.16,1.0117,1.0,0.0,3,2,3.4011,0.130595,0.190077,SIMULADO_CONTROLADO
2.65201,4.05128,39.27664,1583.087,2200.0,1800.0,1.576,14.8654,1.2734,0.98,-0.70711,0.70711,2,3,1.9786,0.178401,0.265833,SIMULADO_CONTROLADO
2.02286,2.60898,46.5207,674.559,9000.0,1200.0,3.24,7.618,1.0281,0.998,0.0,1.0,2,3,3.9554,0.265538,0.335625,SIMULADO_CONTROLADO
3.76127,9.24131,24.42038,1142.196,900.0,1800.0,1.477,17.8271,1.3353,1.0456,0.86603,0.5,3,4,0.0,0.210986,0.362663,SIMULADO_CONTROLADO
2.02763,2.50661,48.53465,1032.092,9000.0,1800.0,3.136,5.5702,1.1717,1.0819,0.86603,-0.5,2,2,0.2201,0.364014,0.553209,SIMULADO_CONTROLADO
5.48173,15.87448,20.71901,1975.43,6500.0,7000.0,6.329,8.667,1.1336,1.0761,1.0,0.0,3,10,1.5264,0.63248,0.949844,SIMULADO_CONTROLADO
0.89453,1.92272,27.91455,553.479,9000.0,1200.0,4.147,6.6115,1.0,1.0543,-0.86603,0.5,0,2,4.9627,0.135299,0.183886,SIMULADO_CONTROLADO
1.60605,2.18839,44.03372,440.228,4200.0,1200.0,2.307,13.0378,1.1002,0.98,-0.70711,0.70711,1,0,0.0,0.123184,0.144585,SIMULADO_CONTROLADO
1.22646,2.72877,26.96728,3118.224,9000.0,4000.0,2.786,6.8793,1.2195,0.9963,0.5,-0.86603,0,2,2.4272,0.178282,0.25758,SIMULADO_CONTROLADO
2.39693,5.65506,25.43137,1830.765,900.0,2500.0,4.227,15.6091,1.4393,1.0261,-0.25882,-0.96593,0,5,3.1666,0.153559,0.292821,SIMULADO_CONTROLADO
0.89402,1.71696,31.24207,828.384,6500.0,1200.0,1.302,8.3641,1.2509,1.0783,0.86603,-0.5,1,1,3.0198,0.106889,0.180165,SIMULADO_CONTROLADO
0.57179,1.51886,22.58748,434.77,4200.0,500.0,5.968,8.9094,1.3402,1.0099,0.70711,-0.70711,0,1,2.293,0.064178,0.117518,SIMULADO_CONTROLADO
1.04623,1.43948,43.6088,1497.682,9000.0,2500.0,4.264,5.3981,1.0,0.9801,0.86603,-0.5,1,0,1.1968,0.193815,0.230368,SIMULADO_CONTROLADO
0.61155,1.05892,34.65126,659.301,900.0,4000.0,3.809,14.2962,1.1397,1.1002,0.96593,0.25882,1,0,1.982,0.042777,0.056987,SIMULADO_CONTROLADO
1.7776,2.65322,40.19871,3147.846,2800.0,7000.0,4.996,12.0074,1.3553,1.0019,-0.86603,-0.5,2,1,4.547,0.148042,0.203957,SIMULADO_CONTROLADO
2.3268,6.28174,22.22442,444.547,2800.0,1800.0,2.261,12.2943,1.018,0.9842,0.5,0.86603,3,5,1.0546,0.189258,0.225127,SIMULADO_CONTROLADO
0.49196,1.43179,20.61581,564.944,900.0,1800.0,1.315,14.3193,1.3144,1.0452,1.0,0.0,3,1,0.0,0.034356,0.052833,SIMULADO_CONTROLADO
1.52997,3.32656,27.59549,401.067,4200.0,800.0,4.461,10.0063,1.2773,1.0327,0.5,0.86603,1,0,3.479,0.1529,0.224698,SIMULADO_CONTROLADO
4.10316,6.62283,37.17288,615.183,2800.0,1800.0,2.048,11.2272,1.204,1.0125,0.5,-0.86603,1,5,5.6413,0.365465,0.538739,SIMULADO_CONTROLADO
4.90845,12.36484,23.8181,439.191,2800.0,500.0,1.265,13.285,1.1074,1.035,-0.86603,-0.5,3,14,0.2924,0.369472,0.586489,SIMULADO_CONTROLADO
3.40757,7.02082,29.12113,236.512,4200.0,1800.0,6.123,9.9744,1.0022,0.9933,0.0,-1.0,0,4,5.3576,0.34163,0.393415,SIMULADO_CONTROLADO
0.1652,0.24851,39.88511,508.447,6500.0,2500.0,5.379,8.6089,1.4441,1.012,-0.96593,-0.25882,2,0,3.5934,0.019189,0.031379,SIMULADO_CONTROLADO
2.17757,4.10287,31.84455,872.053,4200.0,4000.0,1.805,12.1879,1.2611,1.0334,-0.25882,-0.96593,1,2,0.0716,0.178667,0.260946,SIMULADO_CONTROLADO
4.42462,12.05562,22.02103,2108.723,2200.0,2500.0,5.951,14.2743,1.2145,0.98,0.86603,-0.5,0,7,1.0222,0.309971,0.491966,SIMULADO_CONTROLADO
1.41224,1.61547,52.4517,1004.475,9000.0,4000.0,1.558,8.2737,1.0939,1.078,-0.70711,0.70711,2,0,0.9302,0.17069,0.230766,SIMULADO_CONTROLADO
0.72332,1.13116,38.3668,1346.571,1400.0,2500.0,5.456,14.0296,1.1661,0.98,-0.5,-0.86603,1,1,2.855,0.051556,0.070941,SIMULADO_CONTROLADO
4.20625,10.85089,23.25846,2028.051,2200.0,4000.0,3.397,13.7091,1.1864,0.9928,0.0,1.0,0,5,2.1193,0.306821,0.458176,SIMULADO_CONTROLADO
4.62176,6.51515,42.56316,386.292,2800.0,1800.0,3.946,13.067,1.224,1.08,0.70711,0.70711,2,3,4.8217,0.353697,0.529358,SIMULADO_CONTROLADO
2.01201,5.30604,22.75157,368.128,2200.0,2500.0,4.742,12.4011,1.2775,1.0606,-0.86603,-0.5,0,2,4.2837,0.162244,0.243267,SIMULADO_CONTROLADO
0.72949,0.8592,50.94211,333.544,2200.0,2500.0,1.723,14.144,1.0348,1.0389,0.0,1.0,2,0,0.0,0.051576,0.056159,SIMULADO_CONTROLADO
0.43141,0.71702,36.10048,1720.165,9000.0,2500.0,6.011,7.6009,1.0,0.98,0.86603,0.5,0,0,0.0,0.056758,0.068356,SIMULADO_CONTROLADO
2.57153,4.16367,37.05673,1557.004,1400.0,1800.0,1.961,14.6334,1.1735,1.0077,0.5,0.86603,1,3,3.79,0.175731,0.266789,SIMULADO_CONTROLADO
1.2349,2.95685,25.0584,1654.038,2800.0,4000.0,6.19,9.8161,1.0,1.0253,-0.96593,0.25882,3,2,1.4176,0.125803,0.164391,SIMULADO_CONTROLADO
1.91985,4.93541,23.33968,313.421,2800.0,800.0,1.685,14.278,1.1082,1.0285,0.5,0.86603,0,3,2.1328,0.134462,0.178313,SIMULADO_CONTROLADO
1.77043,4.06441,26.13566,46.169,900.0,1200.0,2.112,16.2,1.0785,1.0864,0.86603,0.5,3,3,3.6478,0.109286,0.155024,SIMULADO_CONTROLADO
0.99985,1.42987,41.9557,1242.816,1400.0,1800.0,1.505,15.1082,1.2387,1.1247,-0.25882,0.96593,2,1,4.3028,0.06618,0.106227,SIMULADO_CONTROLADO
0.40757,1.70855,14.31274,1036.888,1400.0,2500.0,3.308,11.8573,1.4772,1.0627,0.5,0.86603,3,0,0.0,0.034373,0.061729,SIMULADO_CONTROLADO
1.44183,2.61434,33.09046,340.258,2800.0,1800.0,4.332,13.7947,1.0,1.011,0.96593,0.25882,0,1,0.0,0.10452,0.114109,SIMULADO_CONTROLADO
2.23975,3.57013,37.64162,655.551,2200.0,800.0,4.513,13.0451,1.5239,1.0896,-0.96593,0.25882,2,4,2.2624,0.171693,0.373458,SIMULADO_CONTROLADO
2.31603,11.34029,12.2538,1473.637,4200.0,4000.0,5.591,9.9117,1.1227,1.0085,0.70711,0.70711,3,6,0.7048,0.233667,0.327608,SIMULADO_CONTROLADO
1.17156,3.52632,19.93406,1399.364,2200.0,1800.0,4.0,14.4255,1.2156,0.98,0.96593,0.25882,3,0,2.6391,0.081215,0.126126,SIMULADO_CONTROLADO
4.55968,8.96925,30.50208,956.269,6500.0,1800.0,3.904,6.3138,1.0,0.98,-0.96593,0.25882,0,6,2.3139,0.722174,0.944973,SIMULADO_CONTROLADO
0.79696,2.71873,17.58819,6140.506,2200.0,7000.0,2.929,13.6164,1.3195,0.98,0.0,1.0,3,0,0.4516,0.058529,0.089438,SIMULADO_CONTROLADO
3.8888,8.8528,26.35643,484.883,6500.0,1800.0,4.651,7.7582,1.1666,1.0177,0.86603,-0.5,0,7,6.8824,0.501253,0.757354,SIMULADO_CONTROLADO
2.18829,3.23548,40.58047,421.927,9000.0,800.0,6.015,7.0837,1.1502,1.027,1.0,0.0,2,5,2.5357,0.308917,0.431986,SIMULADO_CONTROLADO
1.45179,2.8396,30.67592,3986.784,4200.0,7000.0,3.083,11.7041,1.0,0.98,0.86603,0.5,1,2,1.2951,0.124042,0.14396,SIMULADO_CONTROLADO
2.81089,3.91906,43.03416,706.8,900.0,1200.0,3.089,13.6725,1.1718,0.9966,0.70711,-0.70711,2,3,2.713,0.205587,0.279382,SIMULADO_CONTROLADO
1.69163,2.32852,43.58913,2512.317,9000.0,7000.0,3.02,8.0071,1.2953,0.98,0.96593,0.25882,2,0,3.6127,0.211268,0.294257,SIMULADO_CONTROLADO
0.56473,2.44939,13.83349,794.613,6500.0,1800.0,2.405,6.4668,1.1222,1.0293,-1.0,-0.0,0,0,1.1717,0.087327,0.124255,SIMULADO_CONTROLADO
0.7459,1.19564,37.43088,173.873,2800.0,800.0,4.204,12.9179,1.3479,0.9966,0.70711,0.70711,2,1,7.3725,0.057742,0.089812,SIMULADO_CONTROLADO
1.60945,8.82042,10.9481,977.687,2200.0,1200.0,1.76,12.4923,1.3413,1.0804,0.70711,-0.70711,3,5,0.0,0.128836,0.236609,SIMULADO_CONTROLADO
1.30531,2.02119,38.74864,637.531,4200.0,7000.0,5.624,9.7141,1.0574,1.0426,0.25882,0.96593,1,1,0.0,0.134372,0.141625,SIMULADO_CONTROLADO
3.82898,6.1249,37.509,2531.188,4200.0,7000.0,1.93,11.6426,1.4152,1.1072,0.5,0.86603,1,9,0.0,0.328876,0.634994,SIMULADO_CONTROLADO
1.25776,3.67243,20.54921,68.781,6500.0,500.0,2.122,10.6373,1.1672,1.0145,-0.86603,-0.5,3,2,2.5082,0.11824,0.157369,SIMULADO_CONTROLADO
1.19614,2.84166,25.25582,1322.047,4200.0,7000.0,1.563,14.7405,1.168,1.1315,0.5,-0.86603,0,0,3.4932,0.081146,0.119829,SIMULADO_CONTROLADO
1.07246,1.64673,39.07616,2225.632,6500.0,4000.0,3.221,6.915,1.1758,1.0351,0.5,-0.86603,1,1,1.806,0.155092,0.211692,SIMULADO_CONTROLADO
0.99795,1.27263,47.05,728.54,9000.0,2500.0,5.216,6.1886,1.1711,1.0112,1.0,0.0,2,0,3.4869,0.161257,0.212132,SIMULADO_CONTROLADO
1.02549,1.49561,41.14003,619.754,6500.0,800.0,6.023,10.4324,1.0,1.1434,0.70711,0.70711,1,0,3.4588,0.098299,0.138621,SIMULADO_CONTROLADO
0.64749,1.50438,25.82423,180.784,2200.0,2500.0,3.502,12.5367,1.1303,0.98,-0.70711,0.70711,3,0,1.7424,0.051648,0.067578,SIMULADO_CONTROLADO
2.25539,3.08342,43.88755,453.427,9000.0,1200.0,2.446,6.1372,1.0,1.0101,-0.96593,0.25882,1,3,3.3975,0.367495,0.479939,SIMULADO_CONTROLADO
1.80076,5.76014,18.75749,98.519,6500.0,500.0,5.046,8.5124,1.4202,0.98,0.25882,-0.96593,3,2,2.0875,0.211544,0.336421,SIMULADO_CONTROLADO
1.74489,5.06628,20.66469,2202.859,2800.0,7000.0,4.847,13.0134,1.4138,0.98,0.0,1.0,0,4,1.6411,0.134084,0.200853,SIMULADO_CONTROLADO
0.45831,0.66998,41.04386,1738.245,900.0,2500.0,4.813,14.7234,1.2963,0.98,-0.70711,0.70711,2,0,1.4531,0.031128,0.045502,SIMULADO_CONTROLADO
2.64376,3.01026,52.69506,155.376,9000.0,500.0,3.55,5.972,1.1218,1.0628,0.5,-0.86603,2,4,2.9894,0.442694,0.595241,SIMULADO_CONTROLADO
2.83079,5.92749,28.65415,506.919,2800.0,1200.0,4.196,11.3487,1.0,0.98,0.86603,0.5,0,3,5.0574,0.249437,0.288416,SIMULADO_CONTROLADO
5.30939,9.54733,33.36677,2071.284,2200.0,4000.0,1.528,15.6916,1.0548,1.0235,0.70711,0.70711,0,2,0.0,0.33836,0.443841,SIMULADO_CONTROLADO
2.72545,4.92469,33.20545,401.928,4200.0,1800.0,2.525,10.7342,1.4708,1.0751,-0.25882,0.96593,2,4,1.4914,0.253902,0.407581,SIMULADO_CONTROLADO
6.01908,6.21019,58.15361,1015.888,900.0,1800.0,6.113,11.0498,1.0492,1.0559,0.0,1.0,2,2,2.8416,0.544722,0.67433,SIMULADO_CONTROLADO
1.14915,1.21201,56.88816,230.843,6500.0,500.0,1.421,8.1163,1.0,1.0536,0.86603,-0.5,2,1,6.1894,0.141586,0.188739,SIMULADO_CONTROLADO
5.49764,17.5734,18.77034,338.02,1400.0,500.0,2.798,13.6493,1.3248,1.0896,-0.25882,-0.96593,0,2,3.4066,0.402778,0.686409,SIMULADO_CONTROLADO
2.78719,4.04728,41.31937,3354.367,1400.0,7000.0,2.401,16.3105,1.4001,1.1074,0.96593,-0.25882,2,4,0.7933,0.170883,0.323652,SIMULADO_CONTROLADO
2.547,10.23111,14.93681,3676.866,2800.0,7000.0,1.89,11.9233,1.4255,0.98,0.70711,0.70711,3,6,0.5598,0.213615,0.360638,SIMULADO_CONTROLADO
1.7116,4.51295,22.75583,263.265,4200.0,500.0,6.099,11.8817,1.3261,1.0567,-0.70711,-0.70711,0,2,4.5687,0.144053,0.248067,SIMULADO_CONTROLADO
1.44727,2.98273,29.11299,1347.185,900.0,1800.0,1.867,16.8279,1.3522,1.0228,0.25882,0.96593,1,2,1.8414,0.086004,0.138642,SIMULADO_CONTROLADO
1.22146,2.06952,35.41281,1809.38,4200.0,2500.0,3.794,11.3631,1.1685,1.0284,-0.25882,0.96593,1,1,0.0,0.107493,0.138076,SIMULADO_CONTROLADO
5.62056,11.72344,28.76572,6017.886,1400.0,7000.0,5.649,9.9989,1.0,0.98,0.25882,-0.96593,3,7,4.629,0.56212,0.745654,SIMULADO_CONTROLADO
1.67064,2.62802,38.14224,361.784,9000.0,1800.0,1.221,6.0299,1.1645,1.0111,-0.96593,-0.25882,1,2,3.1472,0.27706,0.4062,SIMULADO_CONTROLADO
2.82213,5.86999,28.84638,5588.276,2200.0,7000.0,1.775,13.2409,1.2595,1.016,-0.86603,0.5,1,5,0.0,0.213137,0.318442,SIMULADO_CONTROLADO
3.25995,4.44106,44.04287,86.041,2800.0,500.0,3.012,14.9214,1.1384,1.0994,-1.0,-0.0,2,2,0.0,0.218474,0.291959,SIMULADO_CONTROLADO
3.22835,7.01643,27.60675,249.279,4200.0,500.0,1.982,11.2252,1.1311,0.983,0.25882,-0.96593,0,7,0.0,0.287599,0.38062,SIMULADO_CONTROLADO
2.26282,5.1761,26.23004,696.868,1400.0,1800.0,2.168,13.6968,1.0057,0.98,0.25882,0.96593,3,3,1.193,0.165208,0.198616,SIMULADO_CONTROLADO
5.43113,14.61144,22.30222,240.376,1400.0,800.0,4.333,13.8761,1.0,1.0347,0.25882,0.96593,3,5,3.1396,0.391403,0.484901,SIMULADO_CONTROLADO
2.66953,3.62468,44.18925,2571.467,9000.0,4000.0,2.104,5.3616,1.4541,0.98,0.86603,-0.5,2,4,4.5172,0.497897,0.924007,SIMULADO_CONTROLADO
1.1965,1.75407,40.92791,319.423,4200.0,1200.0,4.586,10.7068,1.4599,1.0287,0.96593,-0.25882,2,1,3.3924,0.111752,0.193113,SIMULADO_CONTROLADO
1.50037,2.00367,44.92881,631.687,1400.0,1200.0,6.052,11.9182,1.1596,1.0647,-0.70711,0.70711,2,1,0.0,0.125889,0.166263,SIMULADO_CONTROLADO
0.4848,1.62894,17.85711,976.372,4200.0,1800.0,2.416,14.9381,1.205,1.0305,0.5,-0.86603,3,0,1.9042,0.032454,0.052863,SIMULADO_CONTROLADO
2.44143,6.10042,24.01241,2806.096,9000.0,7000.0,2.325,5.8526,1.0031,1.0156,-0.25882,0.96593,3,5,5.5017,0.417157,0.54179,SIMULADO_CONTROLADO
2.98767,5.61386,31.93169,259.411,6500.0,500.0,1.26,12.2487,1.2628,1.028,1.0,0.0,1,3,1.4246,0.243916,0.38472,SIMULADO_CONTROLADO
3.16709,5.5628,34.16006,1021.884,2200.0,1800.0,1.278,12.8568,1.4415,1.0731,-0.25882,0.96593,1,2,4.1146,0.246336,0.471942,SIMULADO_CONTROLADO
2.78722,2.83744,58.93809,945.441,4200.0,1200.0,3.302,11.6294,1.0,0.983,0.86603,-0.5,2,3,3.8552,0.239671,0.300401,SIMULADO_CONTROLADO
1.71609,4.21177,24.4471,53.873,9000.0,500.0,3.792,6.894,1.2342,1.0678,-0.25882,0.96593,0,3,4.0956,0.248925,0.387609,SIMULADO_CONTROLADO
1.96546,5.17865,22.77191,719.631,1400.0,4000.0,2.169,14.7941,1.2462,0.9898,0.0,-1.0,3,6,3.4055,0.132854,0.199416,SIMULADO_CONTROLADO
1.9697,5.05447,23.38163,1679.059,6500.0,7000.0,2.912,9.2862,1.2444,1.0621,0.0,1.0,3,3,4.0891,0.212111,0.341584,SIMULADO_CONTROLADO
3.83805,5.92172,38.88783,532.127,9000.0,800.0,1.944,8.1591,1.4229,0.98,-0.5,0.86603,2,9,0.0,0.470401,0.749914,SIMULADO_CONTROLADO
0.31265,0.62784,29.87878,1690.064,2200.0,4000.0,4.811,13.1361,1.4858,1.0594,0.86603,0.5,1,0,5.6822,0.023801,0.042951,SIMULADO_CONTROLADO
1.37119,2.06771,39.78848,1043.315,9000.0,2500.0,3.283,6.3154,1.1226,1.0304,-0.96593,0.25882,1,2,0.0,0.217119,0.325383,SIMULADO_CONTROLADO
0.84002,1.43671,35.08109,2193.276,900.0,2500.0,5.092,12.9993,1.2677,1.0393,-0.96593,0.25882,1,1,3.1548,0.06462,0.112525,SIMULADO_CONTROLADO
6.89003,9.44831,43.75403,117.596,2200.0,1800.0,4.117,12.7486,1.1735,1.0782,0.86603,0.5,2,10,2.3982,0.540453,0.740667,SIMULADO_CONTROLADO
4.35279,12.4964,20.89942,411.482,1400.0,1200.0,3.2,13.9464,1.0589,0.9981,-0.25882,-0.96593,3,3,1.1862,0.312108,0.402006,SIMULADO_CONTROLADO
1.4172,1.9086,44.55211,271.752,900.0,500.0,4.52,13.8288,1.2033,1.0339,-1.0,-0.0,2,3,0.4522,0.102482,0.148629,SIMULADO_CONTROLADO
0.58567,2.07951,16.89814,56.332,4200.0,500.0,1.238,12.3343,1.2674,1.0486,-0.5,0.86603,3,1,3.6545,0.047483,0.073832,SIMULADO_CONTROLADO
0.74786,2.98483,15.0332,632.323,2800.0,800.0,4.859,10.3223,1.1947,1.0215,0.70711,-0.70711,3,0,4.1828,0.072451,0.120177,SIMULADO_CONTROLADO
3.80321,4.02615,56.67771,1763.106,2200.0,1800.0,3.167,12.142,1.019,1.0673,0.70711,-0.70711,2,8,2.2835,0.313229,0.459889,SIMULADO_CONTROLADO
0.47047,0.70454,40.06571,67.183,9000.0,500.0,3.922,7.2332,1.0858,1.0498,-0.96593,0.25882,1,0,1.8926,0.065042,0.085101,SIMULADO_CONTROLADO
1.98902,2.63808,45.23796,712.306,1400.0,2500.0,3.974,11.1112,1.0871,1.0089,0.25882,-0.96593,2,2,5.191,0.179011,0.213043,SIMULADO_CONTROLADO
3.39409,5.09067,40.00359,1387.495,6500.0,2500.0,4.16,10.0646,1.0252,1.0917,-0.5,-0.86603,1,5,1.6144,0.337229,0.470567,SIMULADO_CONTROLADO
0.68314,0.91674,44.71115,790.89,4200.0,1200.0,4.923,9.9141,1.2102,1.0603,0.5,0.86603,2,1,2.4114,0.068906,0.101784,SIMULADO_CONTROLADO
1.97334,5.61022,21.10437,170.819,9000.0,500.0,1.786,9.1995,1.2269,0.9971,-0.86603,-0.5,3,4,2.0724,0.214505,0.33789,SIMULADO_CONTROLADO
1.43577,3.12467,27.56968,1504.496,900.0,1800.0,3.792,15.8652,1.3167,0.9966,0.86603,-0.5,1,3,7.6887,0.090498,0.164406,SIMULADO_CONTROLADO
1.29208,1.60311,48.35901,3011.121,9000.0,4000.0,1.641,6.8688,1.0228,1.0251,0.86603,-0.5,2,0,0.736,0.188109,0.246281,SIMULADO_CONTROLADO
1.12208,2.23083,30.17922,866.164,900.0,1200.0,2.441,14.7331,1.0676,1.0551,-0.70711,0.70711,0,1,4.246,0.07616,0.105338,SIMULADO_CONTROLADO
3.58595,6.53845,32.90638,2649.802,4200.0,4000.0,2.203,13.7205,1.4087,0.98,-0.96593,-0.25882,2,5,0.0,0.261357,0.421975,SIMULADO_CONTROLADO
4.97092,8.25808,36.11682,492.514,6500.0,1200.0,4.373,10.06,1.1337,0.999,-0.25882,-0.96593,1,5,0.4884,0.49413,0.628121,SIMULADO_CONTROLADO
1.61478,2.78789,34.75273,107.995,1400.0,500.0,4.412,14.7817,1.1648,1.009,-0.25882,-0.96593,1,1,1.8507,0.109241,0.141307,SIMULADO_CONTROLADO
2.55479,3.18723,48.09415,1002.779,900.0,2500.0,5.604,14.9513,1.132,0.98,-0.86603,0.5,2,1,2.225,0.170873,0.210172,SIMULADO_CONTROLADO
2.00699,5.15108,23.37748,4870.882,900.0,7000.0,3.966,13.0104,1.3413,0.989,-0.5,-0.86603,0,1,1.9237,0.15426,0.23952,SIMULADO_CONTROLADO
0.35963,0.45705,47.21093,2654.954,900.0,7000.0,5.147,14.0303,1.3475,1.0412,0.96593,0.25882,2,0,2.2912,0.025632,0.039234,SIMULADO_CONTROLADO
1.56629,2.70791,34.70468,1291.678,1400.0,7000.0,5.912,12.0151,1.3381,1.013,-0.25882,-0.96593,2,1,1.053,0.13036,0.183731,SIMULADO_CONTROLADO
0.28735,0.43559,39.58103,146.221,9000.0,500.0,1.908,5.8056,1.1643,1.0165,-0.70711,-0.70711,1,0,5.2039,0.049495,0.071061,SIMULADO_CONTROLADO
1.34265,4.16299,19.35131,282.088,1400.0,500.0,5.021,13.5372,1.0204,0.98,0.25882,0.96593,0,2,0.3991,0.099183,0.12542,SIMULADO_CONTROLADO
1.93329,3.39328,34.18453,1629.846,6500.0,1800.0,2.938,8.6813,1.468,1.0254,0.70711,0.70711,1,3,4.0634,0.222697,0.443228,SIMULADO_CONTROLADO
3.2113,12.88072,14.95866,2182.351,900.0,7000.0,2.674,14.6973,1.297,0.98,0.25882,-0.96593,0,6,3.923,0.218496,0.321155,SIMULADO_CONTROLADO
2.39473,2.96951,48.38636,3776.212,4200.0,7000.0,6.304,9.3632,1.0869,1.1007,-0.25882,-0.96593,1,3,0.5095,0.255758,0.365376,SIMULADO_CONTROLADO
3.64865,5.75017,38.07168,597.938,2800.0,800.0,2.294,11.6622,1.3878,1.1134,0.25882,0.96593,2,8,1.7293,0.31286,0.562911,SIMULADO_CONTROLADO
0.97609,1.77006,33.08663,851.892,2800.0,1200.0,6.047,13.5149,1.0743,1.0137,0.5,-0.86603,0,1,2.4948,0.072223,0.104379,SIMULADO_CONTROLADO
4.56333,6.21885,44.0274,695.546,6500.0,2500.0,5.566,8.1824,1.3857,0.9845,0.86603,0.5,2,4,6.0184,0.557698,0.840133,SIMULADO_CONTROLADO
4.97438,15.12282,19.73593,4492.524,1400.0,7000.0,5.857,11.2338,1.3965,1.0735,-0.86603,-0.5,0,9,1.7247,0.442804,0.846584,SIMULADO_CONTROLADO
0.27094,0.69917,23.25083,419.104,900.0,800.0,4.306,14.3808,1.0126,1.0617,0.25882,-0.96593,3,0,10.1096,0.01884,0.026366,SIMULADO_CONTROLADO
0.44314,0.65581,40.54317,1370.085,1400.0,7000.0,4.299,15.4911,1.2531,1.1194,0.5,0.86603,2,0,4.1125,0.028606,0.04176,SIMULADO_CONTROLADO
1.89964,3.18104,35.83048,2272.124,6500.0,4000.0,3.334,10.1503,1.2852,1.1313,0.70711,-0.70711,1,1,3.2213,0.187151,0.338993,SIMULADO_CONTROLADO
1.2638,2.28729,33.15186,349.242,4200.0,500.0,3.325,10.6813,1.5784,0.98,-0.5,0.86603,2,1,4.3568,0.118319,0.227601,SIMULADO_CONTROLADO
1.42588,3.35027,25.53609,1687.104,9000.0,4000.0,5.709,4.8375,1.0412,1.0871,0.25882,0.96593,0,3,0.0,0.294755,0.409549,SIMULADO_CONTROLADO
2.37924,6.01218,23.74416,316.227,6500.0,2500.0,3.255,7.8867,1.3892,1.025,0.70711,-0.70711,0,5,4.9609,0.301677,0.534843,SIMULADO_CONTROLADO
3.74678,12.55091,17.91158,4861.148,1400.0,7000.0,3.779,13.0085,1.1628,1.0597,0.70711,0.70711,3,6,0.0,0.288025,0.479667,SIMULADO_CONTROLADO
0.93256,2.36249,23.68407,310.711,900.0,800.0,6.481,12.3905,1.0,1.07,-0.70711,0.70711,3,2,4.3263,0.075263,0.09814,SIMULADO_CONTROLADO
4.17,9.36176,26.72571,2890.299,900.0,7000.0,3.078,12.953,1.1408,1.0681,0.25882,-0.96593,0,4,1.2557,0.321932,0.469133,SIMULADO_CONTROLADO
1.10547,1.9726,33.62487,207.551,1400.0,500.0,5.56,12.5653,1.1604,1.08,-0.70711,-0.70711,1,2,0.8215,0.087978,0.117187,SIMULADO_CONTROLADO
7.49477,16.04086,28.03381,374.753,2800.0,500.0,2.669,13.4117,1.0,1.0098,-0.25882,0.96593,0,3,6.2223,0.558825,0.698262,SIMULADO_CONTROLADO
4.58507,6.73414,40.85217,724.876,900.0,1800.0,1.333,15.0034,1.2099,0.9921,0.25882,0.96593,1,10,2.2907,0.305602,0.44389,SIMULADO_CONTROLADO
1.20082,2.31188,31.1648,530.534,9000.0,2500.0,4.345,6.3055,1.3132,1.0884,0.25882,-0.96593,1,1,0.0,0.19044,0.306102,SIMULADO_CONTROLADO
0.59843,1.0681,33.61664,600.311,2800.0,800.0,3.741,14.4631,1.1981,0.9958,0.25882,0.96593,1,0,4.5471,0.041376,0.064679,SIMULADO_CONTROLADO
1.1783,1.39877,50.54309,198.948,6500.0,800.0,5.369,10.2866,1.0733,1.1188,-1.0,-0.0,2,0,0.0,0.114548,0.150451,SIMULADO_CONTROLADO
1.04869,2.22962,28.22059,369.495,9000.0,1200.0,1.222,7.3686,1.1362,1.0006,-0.5,-0.86603,0,1,5.3576,0.142319,0.202371,SIMULADO_CONTROLADO
2.94303,10.13104,17.42978,250.22,900.0,500.0,1.574,16.4479,1.1593,1.0179,0.5,-0.86603,3,7,2.466,0.17893,0.264886,SIMULADO_CONTROLADO
0.27898,0.35061,47.74277,331.764,2800.0,800.0,5.756,11.4097,1.1948,1.0264,1.0,0.0,2,0,0.0,0.024452,0.033044,SIMULADO_CONTROLADO
0.44883,1.36604,19.71385,654.458,4200.0,800.0,3.748,10.5278,1.3376,0.98,0.86603,0.5,3,1,4.2248,0.042633,0.076534,SIMULADO_CONTROLADO
2.88546,9.74133,17.77246,4248.011,9000.0,7000.0,3.884,4.9121,1.2035,0.98,-0.70711,0.70711,0,4,3.5945,0.587417,0.893275,SIMULADO_CONTROLADO
1.01135,0.97594,62.17702,6226.548,6500.0,7000.0,2.393,9.5271,1.0,1.076,0.0,1.0,2,1,0.0,0.106156,0.133051,SIMULADO_CONTROLADO
1.35653,2.78671,29.20712,1738.555,1400.0,2500.0,6.107,14.1529,1.07,0.98,0.70711,0.70711,3,1,2.3668,0.095848,0.12553,SIMULADO_CONTROLADO
3.38364,9.19431,22.08085,1780.255,1400.0,2500.0,6.046,11.3498,1.1866,1.1484,0.70711,-0.70711,0,3,3.1276,0.298123,0.512196,SIMULADO_CONTROLADO
3.8596,16.34388,14.16896,351.879,6500.0,500.0,3.938,8.3832,1.3399,1.0308,0.70711,-0.70711,3,7,3.0051,0.460398,0.923233,SIMULADO_CONTROLADO
4.43989,8.42439,31.6217,100.53,4200.0,500.0,2.354,11.3381,1.3677,0.9887,-0.5,0.86603,1,8,2.1121,0.391591,0.545411,SIMULADO_CONTROLADO
3.19283,16.50019,11.61017,62.815,1400.0,1200.0,6.409,13.0123,1.4439,1.0539,0.96593,-0.25882,3,3,4.0645,0.24537,0.44443,SIMULADO_CONTROLADO
1.67269,2.44645,41.02328,4470.33,2800.0,7000.0,5.93,11.8468,1.1809,0.98,0.96593,-0.25882,1,2,3.6948,0.141193,0.213519,SIMULADO_CONTROLADO
1.56779,5.33716,17.625,397.54,9000.0,1800.0,3.963,6.8611,1.2821,1.02,0.96593,0.25882,3,1,2.5654,0.228504,0.3755,SIMULADO_CONTROLADO
1.42964,2.35091,36.48723,2855.99,1400.0,4000.0,4.52,15.8424,1.0,1.0258,0.86603,-0.5,0,0,2.0036,0.090241,0.111492,SIMULADO_CONTROLADO
0.68557,1.33195,30.8826,774.343,2200.0,1200.0,3.53,12.1668,1.2288,0.98,1.0,0.0,1,0,2.811,0.056347,0.081304,SIMULADO_CONTROLADO
0.90019,1.29987,41.55119,387.523,9000.0,1200.0,2.292,5.858,1.0,1.0066,-0.86603,-0.5,1,1,1.2322,0.153668,0.17042,SIMULADO_CONTROLADO
4.06116,7.82096,31.15595,3051.16,4200.0,4000.0,4.812,10.9316,1.15,1.1037,-0.96593,0.25882,0,3,0.3527,0.371507,0.610731,SIMULADO_CONTROLADO
1.09893,2.71985,24.24246,596.588,1400.0,1800.0,4.746,15.2074,1.6448,1.0432,-0.96593,-0.25882,1,2,0.14,0.072263,0.14658,SIMULADO_CONTROLADO
0.68962,1.1545,35.84022,355.14,2200.0,4000.0,4.101,11.1998,1.2086,1.053,-0.96593,0.25882,1,0,2.29,0.061575,0.084174,SIMULADO_CONTROLADO
4.28781,7.62709,33.73088,1671.932,6500.0,4000.0,5.517,8.4152,1.0218,0.9996,-0.5,-0.86603,0,5,0.6988,0.509532,0.658853,SIMULADO_CONTROLADO
2.27615,3.20099,42.66475,1548.675,1400.0,4000.0,3.595,13.7408,1.2252,0.98,-0.86603,-0.5,2,5,2.1665,0.16565,0.22252,SIMULADO_CONTROLADO
5.70051,7.43413,46.00812,1830.086,4200.0,2500.0,5.763,11.2319,1.0773,1.0242,0.86603,-0.5,2,5,5.2932,0.50753,0.739767,SIMULADO_CONTROLADO
5.30914,16.75768,19.00911,2095.29,2800.0,4000.0,2.35,13.8962,1.0063,0.98,-0.25882,0.96593,3,13,2.0652,0.382056,0.516438,SIMULADO_CONTROLADO
0.74662,1.14612,39.0861,78.179,1400.0,1800.0,6.298,12.8243,1.4965,0.9856,-0.5,0.86603,2,1,2.7902,0.058219,0.09027,SIMULADO_CONTROLADO
1.80718,4.49924,24.09981,351.158,2200.0,1200.0,2.287,14.3559,1.3307,0.98,0.25882,0.96593,0,1,2.0197,0.125884,0.191195,SIMULADO_CONTROLADO
0.84234,1.74685,28.9322,1578.598,4200.0,1800.0,2.049,11.0882,1.2153,0.98,0.86603,-0.5,0,0,5.2437,0.075967,0.121295,SIMULADO_CONTROLADO
0.83583,1.34887,37.1793,316.352,6500.0,1200.0,4.398,9.4812,1.0973,1.0642,-0.86603,-0.5,1,1,5.9814,0.088157,0.11524,SIMULADO_CONTROLADO
1.39715,2.61104,32.10556,205.741,900.0,500.0,1.693,17.0018,1.1103,1.0291,0.96593,-0.25882,1,1,1.514,0.082176,0.109327,SIMULADO_CONTROLADO
3.00278,15.12224,11.91403,131.084,9000.0,1200.0,2.09,7.1797,1.4068,1.0071,0.0,-1.0,0,3,4.0284,0.418233,0.710025,SIMULADO_CONTROLADO
3.01511,5.62709,32.1492,170.633,1400.0,1800.0,5.064,12.8317,1.2091,1.0652,-0.86603,0.5,3,5,6.8914,0.234973,0.347896,SIMULADO_CONTROLADO
2.76146,2.90131,57.10769,1015.892,4200.0,1800.0,2.833,11.3509,1.0,0.98,-0.70711,0.70711,2,1,0.0627,0.243281,0.271603,SIMULADO_CONTROLADO
1.66875,2.77418,36.0918,351.879,1400.0,1200.0,5.441,14.0994,1.5474,0.98,-0.5,0.86603,2,3,4.5587,0.118357,0.199917,SIMULADO_CONTROLADO
3.12725,7.12367,26.33969,1724.789,1400.0,4000.0,2.024,14.6388,1.1893,1.0853,-0.70711,-0.70711,0,6,0.0,0.213628,0.320652,SIMULADO_CONTROLADO
0.68012,2.74762,14.85181,325.836,9000.0,800.0,3.242,5.1015,1.2149,1.1377,-0.5,0.86603,3,2,2.5622,0.133318,0.23415,SIMULADO_CONTROLADO
2.30258,7.15403,19.31144,603.07,4200.0,2500.0,3.247,12.4812,1.3339,1.0658,-0.70711,-0.70711,0,1,2.2058,0.184483,0.299311,SIMULADO_CONTROLADO
1.97958,2.89722,40.99617,415.084,9000.0,800.0,3.746,5.1349,1.2345,1.0562,0.0,-1.0,1,4,0.0,0.385519,0.61041,SIMULADO_CONTROLADO
1.59278,2.69517,35.45857,5587.215,900.0,7000.0,3.375,15.0906,1.2795,1.0088,0.86603,0.5,1,2,4.7874,0.105548,0.172841,SIMULADO_CONTROLADO
2.367,7.16003,19.8351,1046.923,1400.0,2500.0,3.25,11.8979,1.0922,1.0099,-0.86603,0.5,3,6,2.81,0.198943,0.300221,SIMULADO_CONTROLADO
0.85704,1.38632,37.09274,732.914,900.0,1800.0,2.941,14.9065,1.0,1.0452,1.0,0.0,1,1,0.5528,0.057494,0.066754,SIMULADO_CONTROLADO
2.83787,7.45602,22.83685,188.901,2800.0,1800.0,1.28,13.5419,1.2048,1.0968,0.86603,0.5,0,5,3.19,0.209562,0.307253,SIMULADO_CONTROLADO
1.94162,4.02066,28.97459,2920.96,2800.0,4000.0,4.468,9.829,1.3891,1.0542,-1.0,-0.0,1,2,4.3981,0.19754,0.349592,SIMULADO_CONTROLADO
0.49307,0.6169,47.95607,65.205,9000.0,1200.0,3.71,6.7301,1.0564,1.0781,-0.70711,0.70711,1,0,0.0,0.073264,0.085196,SIMULADO_CONTROLADO
1.90862,4.09051,27.99589,814.388,1400.0,4000.0,3.178,12.8481,1.0435,0.9938,-0.25882,0.96593,0,2,0.0,0.148553,0.164265,SIMULADO_CONTROLADO
1.27413,4.39959,17.37608,486.381,4200.0,800.0,2.32,11.8575,1.3554,1.0628,-1.0,-0.0,0,0,2.4118,0.107454,0.202662,SIMULADO_CONTROLADO
4.12961,9.05334,27.36853,2906.506,9000.0,4000.0,5.924,4.84,1.0868,1.0048,-0.25882,0.96593,0,1,0.8866,0.853233,1.160756,SIMULADO_CONTROLADO
0.72707,1.10615,39.43769,3820.588,900.0,7000.0,2.461,13.216,1.0943,1.0413,0.70711,-0.70711,1,0,5.3108,0.055014,0.078737,SIMULADO_CONTROLADO
0.7512,1.36378,33.04933,516.168,2800.0,800.0,6.081,10.2087,1.1003,1.0627,0.5,0.86603,1,1,1.7221,0.073584,0.098454,SIMULADO_CONTROLADO
2.5866,4.06879,38.14301,221.928,2200.0,800.0,2.351,12.583,1.1496,1.0111,0.96593,0.25882,1,4,3.1498,0.205563,0.273764,SIMULADO_CONTROLADO
1.72022,1.72494,59.83566,1004.907,900.0,7000.0,6.349,14.422,1.0,0.9892,0.70711,0.70711,2,3,2.1073,0.119277,0.127158,SIMULADO_CONTROLADO
1.65768,3.49042,28.49531,569.676,2200.0,1200.0,3.425,14.2616,1.0737,1.0513,-1.0,-0.0,0,2,0.0,0.116233,0.157976,SIMULADO_CONTROLADO
7.52273,25.50114,17.69975,1968.453,1400.0,2500.0,4.023,16.4229,1.1969,1.0289,0.5,-0.86603,3,11,2.5641,0.458064,0.780766,SIMULADO_CONTROLADO
3.07461,9.81654,18.79246,376.262,2200.0,800.0,2.784,12.9331,1.1957,1.0411,0.5,-0.86603,3,8,0.0,0.237733,0.362446,SIMULADO_CONTROLADO
1.49921,5.74231,15.66486,900.232,1400.0,1200.0,6.178,12.1672,1.3453,1.0646,-0.5,0.86603,0,1,0.0,0.123217,0.203171,SIMULADO_CONTROLADO
0.43164,0.91369,28.34448,2397.888,2800.0,2500.0,2.698,13.1479,1.4543,1.0938,-0.25882,0.96593,1,0,0.1951,0.032829,0.064685,SIMULADO_CONTROLADO
1.43341,3.79859,22.64116,2156.282,2200.0,7000.0,5.07,12.0921,1.402,1.0648,0.70711,0.70711,0,1,0.0108,0.118541,0.20034,SIMULADO_CONTROLADO
0.65992,1.38617,28.56426,436.896,6500.0,1800.0,1.309,9.2121,1.3063,1.0589,-0.86603,0.5,1,1,2.058,0.071636,0.113429,SIMULADO_CONTROLADO
0.90605,1.21553,44.72404,192.716,2200.0,500.0,4.161,12.9928,1.1362,1.0125,-0.70711,-0.70711,1,0,1.6768,0.069735,0.091967,SIMULADO_CONTROLADO
0.93284,1.77895,31.46276,504.275,4200.0,1200.0,5.13,11.3357,1.0603,1.0194,-1.0,-0.0,0,1,3.0967,0.082293,0.110335,SIMULADO_CONTROLADO
3.91089,12.59725,18.62734,1328.035,2800.0,2500.0,3.696,10.0024,1.1629,1.0555,-0.5,0.86603,0,4,0.0,0.390995,0.566512,SIMULADO_CONTROLADO
0.53545,1.21637,26.41198,1559.473,2200.0,7000.0,4.61,12.039,1.2537,1.0187,0.86603,-0.5,1,0,1.9714,0.044476,0.063998,SIMULADO_CONTROLADO
3.6495,5.6655,38.64971,207.514,6500.0,4000.0,5.271,6.4448,1.2915,1.0553,-0.96593,0.25882,2,5,1.4892,0.566267,0.881188,SIMULADO_CONTROLADO
2.67087,4.04329,39.63418,1438.914,6500.0,4000.0,3.851,8.5823,1.2597,0.9983,-0.96593,-0.25882,1,2,2.9229,0.311206,0.477107,SIMULADO_CONTROLADO
2.64299,6.22325,25.48175,417.263,2800.0,800.0,2.356,13.659,1.1406,1.1218,-0.70711,-0.70711,3,4,3.0237,0.193498,0.314549,SIMULADO_CONTROLADO
0.87424,1.3396,39.15685,1428.355,2800.0,1800.0,3.303,14.054,1.2859,1.0437,-1.0,-0.0,1,1,2.8282,0.062206,0.104468,SIMULADO_CONTROLADO
3.32459,10.84122,18.39971,1025.39,6500.0,2500.0,5.073,7.6966,1.3617,1.0408,-1.0,-0.0,3,6,0.4204,0.431956,0.78112,SIMULADO_CONTROLADO
0.78586,2.12161,22.22432,1627.089,6500.0,1800.0,2.637,9.441,1.3008,1.0133,0.70711,-0.70711,0,0,2.5519,0.083239,0.144959,SIMULADO_CONTROLADO
5.02675,7.07428,42.63404,4978.298,4200.0,7000.0,4.55,8.734,1.1549,1.1211,-0.5,0.86603,2,6,1.4223,0.575535,0.902665,SIMULADO_CONTROLADO
3.97324,9.25756,25.75134,4232.907,900.0,7000.0,1.986,14.1738,1.0266,0.98,0.5,0.86603,3,2,5.2598,0.280324,0.361329,SIMULADO_CONTROLADO
5.60492,11.78045,28.54688,626.542,1400.0,800.0,6.131,13.0898,1.0228,1.0034,0.86603,0.5,0,6,2.7317,0.428189,0.55138,SIMULADO_CONTROLADO
1.9873,5.21874,22.84806,6282.181,2200.0,7000.0,4.396,11.1911,1.051,1.0734,-0.96593,-0.25882,3,3,2.6667,0.177579,0.28837,SIMULADO_CONTROLADO
1.71928,2.48935,41.43922,865.601,4200.0,4000.0,3.682,12.6276,1.2011,1.0458,0.25882,-0.96593,1,2,0.0,0.136153,0.195151,SIMULADO_CONTROLADO
1.40257,2.52874,33.27925,1793.028,2200.0,2500.0,5.501,12.9527,1.2432,1.009,0.96593,-0.25882,1,1,1.2602,0.108284,0.166173,SIMULADO_CONTROLADO
7.41822,7.37839,60.32393,878.233,6500.0,1200.0,5.425,6.9732,1.0,1.0103,0.0,-1.0,2,5,3.0435,1.063812,1.266831,SIMULADO_CONTROLADO
2.98404,4.01407,44.60379,2681.844,2200.0,4000.0,1.716,12.2493,1.0794,1.0219,0.70711,0.70711,2,4,2.3347,0.243609,0.323955,SIMULADO_CONTROLADO
0.66697,1.11862,35.77485,1147.905,2800.0,2500.0,2.827,12.0645,1.1989,1.0396,0.0,1.0,0,0,2.312,0.055284,0.08058,SIMULADO_CONTROLADO
4.64615,12.06167,23.11198,5184.846,4200.0,7000.0,3.63,10.0871,1.0161,1.1049,0.25882,0.96593,3,7,0.0,0.460603,0.674762,SIMULADO_CONTROLADO
1.66922,2.1056,47.56511,1322.348,2200.0,2500.0,3.005,11.9874,1.2294,1.0622,-0.70711,0.70711,2,2,0.7904,0.139248,0.208924,SIMULADO_CONTROLADO
0.11318,0.26148,25.97116,4606.433,2800.0,7000.0,2.882,11.2151,1.1108,1.0811,0.96593,-0.25882,3,0,1.9227,0.010092,0.015876,SIMULADO_CONTROLADO
1.04552,1.64085,38.23072,620.458,6500.0,1200.0,3.067,8.8435,1.0443,1.0155,-0.70711,0.70711,1,0,5.0235,0.118224,0.152753,SIMULADO_CONTROLADO
3.97145,4.73312,50.34449,241.801,2200.0,500.0,1.953,14.7999,1.1685,1.0582,0.0,-1.0,2,4,0.0,0.268342,0.368876,SIMULADO_CONTROLADO
2.67733,4.24608,37.8324,893.127,9000.0,1800.0,1.833,6.3219,1.2228,0.98,0.96593,-0.25882,1,3,0.3074,0.423501,0.707963,SIMULADO_CONTROLADO
3.06166,8.52201,21.55587,3378.282,2800.0,7000.0,2.58,13.573,1.0242,1.0432,0.0,1.0,3,5,0.0,0.225569,0.295031,SIMULADO_CONTROLADO
4.61571,14.20751,19.4927,1596.456,6500.0,2500.0,1.571,9.3996,1.1212,1.0403,0.5,0.86603,3,13,3.1834,0.491056,0.823692,SIMULADO_CONTROLADO
0.35687,1.04825,20.42695,1410.522,4200.0,2500.0,3.904,11.7779,1.2348,1.117,-0.25882,-0.96593,3,1,4.9909,0.0303,0.053225,SIMULADO_CONTROLADO
1.05639,1.20682,52.52119,405.451,6500.0,2500.0,2.012,8.651,1.0381,1.1051,-0.5,-0.86603,2,0,3.2571,0.122112,0.153209,SIMULADO_CONTROLADO
2.02083,3.96598,30.57252,1553.429,4200.0,2500.0,1.558,12.436,1.0,1.0234,-0.70711,0.70711,3,6,3.7122,0.162498,0.218303,SIMULADO_CONTROLADO
4.0517,5.4251,44.81067,434.65,2800.0,500.0,5.637,11.8076,1.0,0.9982,0.86603,0.5,1,8,0.3327,0.343145,0.442164,SIMULADO_CONTROLADO
0.78182,1.22991,38.14072,740.343,6500.0,1200.0,4.314,10.1936,1.0931,0.9995,-0.5,-0.86603,1,1,3.2758,0.076698,0.101193,SIMULADO_CONTROLADO
1.49211,3.26449,27.42431,169.744,2800.0,500.0,5.961,12.1879,1.0,1.0217,0.5,0.86603,3,1,0.8778,0.122425,0.150125,SIMULADO_CONTROLADO
1.92569,6.08808,18.97833,738.892,6500.0,1200.0,6.412,7.9218,1.1044,1.0936,0.0,-1.0,0,4,2.6255,0.243087,0.360843,SIMULADO_CONTROLADO
1.01223,1.68249,36.09761,3095.993,2800.0,4000.0,4.346,10.4806,1.4264,1.0537,0.86603,0.5,2,0,3.5551,0.096582,0.166102,SIMULADO_CONTROLADO
1.90923,3.67734,31.15128,182.173,6500.0,4000.0,5.419,7.4313,1.0,1.0583,0.96593,0.25882,0,2,1.887,0.256918,0.283848,SIMULADO_CONTROLADO
1.71279,1.91023,53.79841,213.387,1400.0,800.0,2.046,13.719,1.1148,1.0715,0.70711,-0.70711,2,1,4.2223,0.124848,0.171766,SIMULADO_CONTROLADO
1.24869,2.6035,28.77728,897.077,1400.0,2500.0,4.901,12.4077,1.5012,0.9903,0.5,-0.86603,1,1,2.1565,0.100638,0.162305,SIMULADO_CONTROLADO
3.31873,4.96441,40.11025,130.151,2800.0,800.0,4.113,12.3679,1.2253,1.0031,0.5,0.86603,1,3,3.0746,0.268334,0.390887,SIMULADO_CONTROLADO
2.91542,4.20359,41.61321,493.251,6500.0,800.0,4.785,8.6358,1.1012,1.0584,-0.5,-0.86603,1,2,6.471,0.337597,0.484816,SIMULADO_CONTROLADO
3.42144,5.85622,35.05439,6168.98,6500.0,7000.0,1.755,10.0462,1.1349,0.9999,0.70711,-0.70711,1,5,3.5447,0.340571,0.553316,SIMULADO_CONTROLADO
3.63083,6.4793,33.6224,1172.243,2200.0,2500.0,6.16,13.5418,1.2287,0.98,-0.86603,0.5,1,5,0.9263,0.26812,0.386982,SIMULADO_CONTROLADO
0.47401,0.91812,30.97716,152.904,6500.0,800.0,3.413,9.5446,1.4313,0.9863,-0.5,-0.86603,1,0,1.491,0.049663,0.076352,SIMULADO_CONTROLADO
0.53044,0.64472,49.36523,223.517,4200.0,500.0,5.312,8.9363,1.0751,1.0824,-0.70711,0.70711,2,0,4.3335,0.059358,0.075941,SIMULADO_CONTROLADO
3.1257,6.21168,30.1918,333.312,2800.0,500.0,6.45,11.5404,1.0388,1.0182,0.0,1.0,3,4,4.6897,0.270847,0.375423,SIMULADO_CONTROLADO
1.34512,1.5961,50.5651,787.421,9000.0,1800.0,5.829,6.0784,1.0,1.0452,0.5,-0.86603,2,2,2.4234,0.221295,0.277812,SIMULADO_CONTROLADO
1.21011,1.51221,48.01344,354.571,6500.0,500.0,2.852,10.7312,1.1765,0.9885,-0.86603,0.5,2,2,0.0,0.112765,0.16531,SIMULADO_CONTROLADO
1.06325,2.28314,27.94179,1347.526,2200.0,2500.0,3.33,13.1163,1.0,1.0521,0.86603,0.5,3,0,0.5045,0.081063,0.098504,SIMULADO_CONTROLADO
3.50408,9.65719,21.77082,1073.144,900.0,1800.0,4.638,13.8396,1.0858,1.0229,0.96593,0.25882,3,13,2.8796,0.253192,0.376108,SIMULADO_CONTROLADO
7.11284,15.56828,27.4128,1931.809,1400.0,2500.0,4.052,15.0715,1.0146,1.0551,-0.86603,-0.5,0,11,3.7188,0.47194,0.654157,SIMULADO_CONTROLADO
3.61771,5.29534,40.99131,613.906,1400.0,800.0,3.375,14.2957,1.3319,1.0135,0.0,1.0,2,6,4.61,0.253062,0.411362,SIMULADO_CONTROLADO
1.29619,2.50388,31.06037,544.802,1400.0,800.0,4.663,11.5836,1.0787,1.0577,-0.5,0.86603,0,1,0.0,0.111898,0.160824,SIMULADO_CONTROLADO
3.3824,9.01162,22.52025,447.089,2800.0,500.0,6.021,9.3153,1.2235,1.0113,-0.5,0.86603,0,6,4.3301,0.3631,0.581351,SIMULADO_CONTROLADO
0.51399,1.48808,20.72432,207.416,9000.0,500.0,2.84,8.9308,1.0,1.0314,-0.5,0.86603,3,1,5.4967,0.057553,0.072528,SIMULADO_CONTROLADO
1.62118,3.24197,30.00366,257.392,4200.0,500.0,1.88,9.8974,1.181,1.0228,-1.0,-0.0,0,3,0.0,0.163798,0.249681,SIMULADO_CONTROLADO
0.35742,0.8063,26.59719,323.042,2200.0,800.0,4.781,12.4477,1.0,1.0362,-0.25882,0.96593,3,0,2.4888,0.028714,0.036141,SIMULADO_CONTROLADO
1.34717,3.00178,26.92738,2135.15,1400.0,4000.0,4.325,14.7136,1.0919,1.0476,-0.25882,0.96593,3,1,4.0913,0.09156,0.128645,SIMULADO_CONTROLADO
2.18816,6.71485,19.55214,2018.666,6500.0,2500.0,6.0,5.6826,1.5138,1.0127,1.0,0.0,3,2,0.0,0.38506,0.753565,SIMULADO_CONTROLADO
7.97901,9.43673,50.73162,463.627,2800.0,800.0,5.136,10.5909,1.3091,1.0296,0.70711,0.70711,2,18,1.4512,0.753385,1.263771,SIMULADO_CONTROLADO
4.2734,9.71219,26.40022,5113.18,900.0,7000.0,3.305,13.1168,1.1395,1.0434,-0.86603,0.5,3,7,3.6764,0.325795,0.491719,SIMULADO_CONTROLADO
0.36559,1.4577,15.04808,1214.409,2800.0,4000.0,4.557,14.3109,1.6718,1.0578,0.5,-0.86603,0,0,1.4023,0.025547,0.051654,SIMULADO_CONTROLADO
0.4055,0.9165,26.54631,2849.593,1400.0,4000.0,5.771,15.425,1.0136,1.0316,0.25882,0.96593,3,0,1.7364,0.026288,0.034026,SIMULADO_CONTROLADO
1.0182,3.04682,20.05111,4828.77,2800.0,7000.0,3.042,11.9503,1.3464,0.9951,0.5,-0.86603,0,1,2.9637,0.085203,0.147482,SIMULADO_CONTROLADO
6.07507,9.071,40.1835,879.698,900.0,4000.0,1.273,16.2224,1.0,1.0389,0.0,1.0,1,13,0.0434,0.374486,0.447325,SIMULADO_CONTROLADO
0.38454,1.09282,21.11248,5571.232,1400.0,7000.0,4.52,13.9359,1.121,1.0652,-0.25882,-0.96593,0,0,0.2595,0.027593,0.039598,SIMULADO_CONTROLADO
1.07027,1.57179,40.85555,389.895,6500.0,1200.0,1.337,9.5612,1.0,0.98,-0.86603,-0.5,1,0,3.4836,0.111939,0.124685,SIMULADO_CONTROLADO
1.0654,1.33261,47.96905,1060.934,1400.0,4000.0,6.169,10.872,1.2012,0.98,0.25882,0.96593,2,2,4.4928,0.097995,0.11686,SIMULADO_CONTROLADO
2.58319,4.3457,35.66543,352.65,900.0,500.0,2.091,17.9278,1.169,1.0052,0.5,0.86603,1,5,3.3369,0.144088,0.206113,SIMULADO_CONTROLADO
3.44238,11.40531,18.10936,518.389,1400.0,1200.0,3.184,11.9882,1.1108,1.0263,-0.70711,0.70711,3,10,5.3586,0.287148,0.423739,SIMULADO_CONTROLADO
2.93579,5.01633,35.11479,3920.133,9000.0,7000.0,6.215,5.4576,1.3347,0.98,0.70711,-0.70711,2,4,3.3813,0.537923,0.895486,SIMULADO_CONTROLADO
2.32709,2.33157,59.88463,105.343,9000.0,500.0,1.624,6.4922,1.0693,1.0608,0.25882,0.96593,2,4,6.3788,0.358441,0.469124,SIMULADO_CONTROLADO
0.49257,1.34812,21.92266,481.344,4200.0,1800.0,1.223,13.4593,1.2123,1.0268,0.0,1.0,3,1,2.6382,0.036597,0.057054,SIMULADO_CONTROLADO
2.06605,4.24104,29.22937,535.129,6500.0,1200.0,1.749,10.728,1.2913,0.98,0.70711,-0.70711,1,4,3.0307,0.192585,0.304204,SIMULADO_CONTROLADO
4.7044,6.43746,43.84713,142.63,9000.0,500.0,6.426,4.2,1.0,0.9849,0.5,0.86603,1,8,3.3467,1.120096,1.295234,SIMULADO_CONTROLADO
5.78105,10.57853,32.78934,292.369,2200.0,800.0,6.35,10.9943,1.0403,1.0215,0.70711,0.70711,3,13,1.1811,0.525824,0.667399,SIMULADO_CONTROLADO
2.53333,3.06785,49.546,1125.16,2200.0,1800.0,3.238,11.4825,1.1686,0.98,0.96593,0.25882,2,1,0.8703,0.220624,0.279241,SIMULADO_CONTROLADO
0.36954,0.68277,32.47398,1980.992,900.0,2500.0,5.137,14.022,1.2608,1.0787,-0.86603,-0.5,2,0,0.6098,0.026354,0.039416,SIMULADO_CONTROLADO
2.5647,3.76408,40.88166,1081.119,2800.0,2500.0,5.1,12.7579,1.3874,1.0434,-0.25882,-0.96593,1,1,1.333,0.201029,0.312946,SIMULADO_CONTROLADO
1.70863,5.32316,19.2588,305.442,9000.0,500.0,1.729,6.6919,1.1255,1.0655,-1.0,-0.0,0,3,6.8486,0.255326,0.421842,SIMULADO_CONTROLADO
0.43621,0.99826,26.21846,951.654,900.0,1200.0,2.446,14.7055,1.1094,0.9887,0.96593,-0.25882,0,1,6.3251,0.029663,0.045729,SIMULADO_CONTROLADO
0.74001,1.78552,24.86706,245.663,4200.0,500.0,5.912,12.4292,1.0204,1.0535,0.25882,0.96593,0,0,1.8114,0.059538,0.078047,SIMULADO_CONTROLADO
0.87387,2.40777,21.77619,213.89,2800.0,500.0,2.078,14.3883,1.2128,1.0053,-0.25882,-0.96593,0,1,1.6169,0.060735,0.082178,SIMULADO_CONTROLADO
3.13334,3.71707,50.57757,293.001,9000.0,1200.0,3.961,7.8351,1.1125,1.0263,-0.25882,0.96593,2,5,0.0,0.399911,0.508252,SIMULADO_CONTROLADO
5.61967,18.13392,18.5939,830.345,4200.0,2500.0,2.494,8.9872,1.1162,1.0509,-0.70711,-0.70711,0,2,0.4121,0.625294,0.853351,SIMULADO_CONTROLADO
2.80227,3.52673,47.67488,796.561,2200.0,1200.0,4.155,13.5867,1.145,1.0318,0.96593,0.25882,2,3,0.8004,0.206251,0.284256,SIMULADO_CONTROLADO
3.20389,7.80889,24.61724,223.415,900.0,500.0,2.242,15.3929,1.2483,1.0714,0.0,1.0,3,10,1.5767,0.20814,0.37183,SIMULADO_CONTROLADO
1.80343,5.41142,19.99582,295.146,2800.0,800.0,2.343,11.6431,1.0698,1.0413,0.25882,0.96593,3,2,1.3037,0.154893,0.19815,SIMULADO_CONTROLADO
1.19426,2.04956,34.96161,1193.667,9000.0,1800.0,1.448,6.0957,1.0365,1.0142,-0.86603,0.5,1,2,2.951,0.195919,0.248146,SIMULADO_CONTROLADO
2.85745,7.18815,23.85136,859.287,900.0,1200.0,6.448,12.9363,1.2291,1.0729,1.0,0.0,0,4,4.1274,0.220886,0.359277,SIMULADO_CONTROLADO
2.34985,5.96243,23.64663,2963.231,900.0,4000.0,1.799,13.6799,1.0,1.0824,0.25882,0.96593,3,6,0.9716,0.171775,0.244036,SIMULADO_CONTROLADO
0.94803,2.20215,25.83018,880.656,9000.0,2500.0,3.403,5.5103,1.0634,1.0389,0.86603,-0.5,0,0,5.5175,0.172047,0.222411,SIMULADO_CONTROLADO
2.2353,2.66919,50.24662,5574.374,1400.0,7000.0,3.413,13.5102,1.0,1.0951,-0.86603,0.5,2,1,3.2259,0.165453,0.21139,SIMULADO_CONTROLADO
1.89563,2.66106,42.74153,338.96,4200.0,800.0,2.809,12.2241,1.3525,1.0244,0.5,-0.86603,2,0,4.3654,0.155074,0.226448,SIMULADO_CONTROLADO
1.48273,2.97361,29.91787,485.74,4200.0,1200.0,5.408,9.5182,1.0895,1.0292,-0.25882,0.96593,0,2,1.577,0.155779,0.205055,SIMULADO_CONTROLADO
1.15911,1.47577,47.12557,310.823,2800.0,500.0,2.99,12.3179,1.0703,1.0352,0.0,-1.0,2,0,3.6476,0.0941,0.128274,SIMULADO_CONTROLADO
2.53163,6.80311,22.32767,244.634,2800.0,500.0,4.515,13.3975,1.1522,1.0292,-0.70711,0.70711,0,4,3.4524,0.188963,0.28095,SIMULADO_CONTROLADO
1.22401,2.55697,28.72185,3570.764,4200.0,7000.0,4.078,8.8478,1.0647,1.021,0.86603,0.5,0,1,5.5819,0.138341,0.177285,SIMULADO_CONTROLADO
7.11905,22.52963,18.95915,1165.24,1400.0,1800.0,5.779,13.272,1.0956,1.0028,-0.25882,-0.96593,3,23,3.8707,0.536394,0.82098,SIMULADO_CONTROLADO
2.73506,7.46553,21.98151,1006.443,1400.0,2500.0,5.543,13.5728,1.1755,0.9903,0.25882,-0.96593,3,8,4.2928,0.20151,0.288685,SIMULADO_CONTROLADO
2.56261,3.46947,44.31705,630.132,9000.0,800.0,2.355,7.4404,1.0925,1.04,-1.0,-0.0,1,2,1.3891,0.344419,0.540402,SIMULADO_CONTROLADO
